solid OpenSCAD_Model
  facet normal -0 -1 0
    outer loop
      vertex 51.84 0 186.59
      vertex 50 0 189.257
      vertex 50 0 185.823
    endloop
  endfacet
  facet normal 0.429253 0.903184 0
    outer loop
      vertex 51.5307 103.696 187.038
      vertex 51.84 103.549 186.59
      vertex 51.5307 103.696 186.461
    endloop
  endfacet
  facet normal 0.336336 0.941742 0
    outer loop
      vertex 51.1611 103.828 186.307
      vertex 51.5307 103.696 187.038
      vertex 51.5307 103.696 186.461
    endloop
  endfacet
  facet normal 0.336336 0.941742 0
    outer loop
      vertex 51.5307 103.696 187.038
      vertex 51.1611 103.828 186.307
      vertex 51.1611 103.828 187.574
    endloop
  endfacet
  facet normal 0.242116 0.970247 0
    outer loop
      vertex 50.7804 103.923 186.148
      vertex 51.1611 103.828 187.574
      vertex 51.1611 103.828 186.307
    endloop
  endfacet
  facet normal 0.242116 0.970247 0
    outer loop
      vertex 51.1611 103.828 187.574
      vertex 50.7804 103.923 186.148
      vertex 50.7804 103.923 188.126
    endloop
  endfacet
  facet normal 0.14773 0.989028 0
    outer loop
      vertex 50.3921 103.981 185.987
      vertex 50.7804 103.923 188.126
      vertex 50.7804 103.923 186.148
    endloop
  endfacet
  facet normal 0.14773 0.989028 0
    outer loop
      vertex 50.7804 103.923 188.126
      vertex 50.3921 103.981 185.987
      vertex 50.3921 103.981 188.688
    endloop
  endfacet
  facet normal 0.0484002 0.998828 0
    outer loop
      vertex 50 104 185.823
      vertex 50.3921 103.981 188.688
      vertex 50.3921 103.981 185.987
    endloop
  endfacet
  facet normal 0.0484002 0.998828 0
    outer loop
      vertex 50.3921 103.981 188.688
      vertex 50 104 185.823
      vertex 50 104 189.257
    endloop
  endfacet
  facet normal 0 1 0
    outer loop
      vertex 2.48997 104 5.98265
      vertex 0 104 0
      vertex 2.42787 104 5.95328
    endloop
  endfacet
  facet normal 0 1 0
    outer loop
      vertex 0 104 0
      vertex 2.48997 104 5.98265
      vertex 10.1301 104 0.203186
    endloop
  endfacet
  facet normal 0 1 -0
    outer loop
      vertex 10.1301 104 0.203186
      vertex 2.48997 104 5.98265
      vertex 10.1301 104 2.7968
    endloop
  endfacet
  facet normal 0 1 0
    outer loop
      vertex 10.1301 104 2.7968
      vertex 2.48997 104 5.98265
      vertex 10.1134 104 2.86343
    endloop
  endfacet
  facet normal 0 1 0
    outer loop
      vertex 2.54889 104 6.01796
      vertex 10.1134 104 2.86343
      vertex 2.48997 104 5.98265
    endloop
  endfacet
  facet normal 0 1 0
    outer loop
      vertex 10.1134 104 2.86343
      vertex 2.54889 104 6.01796
      vertex 10.1125 104 2.86978
    endloop
  endfacet
  facet normal 0 1 0
    outer loop
      vertex 10.1125 104 2.86978
      vertex 2.54889 104 6.01796
      vertex 2.55176 104 6.0201
    endloop
  endfacet
  facet normal 0 1 0
    outer loop
      vertex 5.23927 104 11.7321
      vertex 2.22861 104 7.29662
      vertex 2.15999 104 7.29999
    endloop
  endfacet
  facet normal 0 1 0
    outer loop
      vertex 5.39102 104 11.505
      vertex 2.29655 104 7.28654
      vertex 2.22861 104 7.29662
    endloop
  endfacet
  facet normal 0 1 0
    outer loop
      vertex 5.39102 104 11.505
      vertex 2.36319 104 7.26985
      vertex 2.29655 104 7.28654
    endloop
  endfacet
  facet normal 0 1 0
    outer loop
      vertex 5.39102 104 11.505
      vertex 2.42787 104 7.2467
      vertex 2.36319 104 7.26985
    endloop
  endfacet
  facet normal 0 1 0
    outer loop
      vertex 5.39102 104 11.505
      vertex 2.48318 104 7.22055
      vertex 2.42787 104 7.2467
    endloop
  endfacet
  facet normal 0 1 0
    outer loop
      vertex 47.4145 104 12.01
      vertex 6.586 104 12
      vertex 6.58551 104 12.01
    endloop
  endfacet
  facet normal 0 1 0
    outer loop
      vertex 6.586 104 12
      vertex 47.4145 104 12.01
      vertex 47.414 104 12
    endloop
  endfacet
  facet normal 0 1 0
    outer loop
      vertex 14.5596 104 140.41
      vertex 43.2 104 180
      vertex 50 104 180
    endloop
  endfacet
  facet normal -0 1 0
    outer loop
      vertex 13.6667 104 141.746
      vertex 43.2 104 180
      vertex 13.8322 104 141.623
    endloop
  endfacet
  facet normal -0 1 -0
    outer loop
      vertex 13.1096 104 142.01
      vertex 10.8 104 180
      vertex 13.3036 104 141.94
    endloop
  endfacet
  facet normal 0 1 -0
    outer loop
      vertex 12.2942 104 142.09
      vertex 10.8 104 180
      vertex 12.5 104 142.1
    endloop
  endfacet
  facet normal -0 1 -0
    outer loop
      vertex 12.5 104 142.1
      vertex 10.8 104 180
      vertex 12.7058 104 142.09
    endloop
  endfacet
  facet normal -0 1 -0
    outer loop
      vertex 12.7058 104 142.09
      vertex 10.8 104 180
      vertex 12.9097 104 142.06
    endloop
  endfacet
  facet normal -0 1 -0
    outer loop
      vertex 12.9097 104 142.06
      vertex 10.8 104 180
      vertex 13.1096 104 142.01
    endloop
  endfacet
  facet normal 0 1 0
    outer loop
      vertex 10.8 104 180
      vertex 13.4899 104 141.852
      vertex 13.3036 104 141.94
    endloop
  endfacet
  facet normal 0 1 0
    outer loop
      vertex 10.8 104 180
      vertex 13.6667 104 141.746
      vertex 13.4899 104 141.852
    endloop
  endfacet
  facet normal 0 1 0
    outer loop
      vertex 43.2 104 180
      vertex 13.6667 104 141.746
      vertex 10.8 104 180
    endloop
  endfacet
  facet normal 0 1 0
    outer loop
      vertex 43.2 104 180
      vertex 13.9849 104 141.485
      vertex 13.8322 104 141.623
    endloop
  endfacet
  facet normal 0 1 0
    outer loop
      vertex 43.2 104 180
      vertex 14.1233 104 141.332
      vertex 13.9849 104 141.485
    endloop
  endfacet
  facet normal 0 1 0
    outer loop
      vertex 43.2 104 180
      vertex 14.2461 104 141.167
      vertex 14.1233 104 141.332
    endloop
  endfacet
  facet normal 0 1 0
    outer loop
      vertex 43.2 104 180
      vertex 14.352 104 140.99
      vertex 14.2461 104 141.167
    endloop
  endfacet
  facet normal 0 1 0
    outer loop
      vertex 43.2 104 180
      vertex 14.4401 104 140.804
      vertex 14.352 104 140.99
    endloop
  endfacet
  facet normal 0 1 0
    outer loop
      vertex 43.2 104 180
      vertex 14.5096 104 140.61
      vertex 14.4401 104 140.804
    endloop
  endfacet
  facet normal 0 1 0
    outer loop
      vertex 43.2 104 180
      vertex 14.5596 104 140.41
      vertex 14.5096 104 140.61
    endloop
  endfacet
  facet normal 0 1 0
    outer loop
      vertex 50 104 180
      vertex 14.5899 104 140.206
      vertex 14.5596 104 140.41
    endloop
  endfacet
  facet normal 0 1 0
    outer loop
      vertex 50 104 180
      vertex 14.6 104 140
      vertex 14.5899 104 140.206
    endloop
  endfacet
  facet normal 0 1 0
    outer loop
      vertex 50 104 180
      vertex 14.5899 104 139.794
      vertex 14.6 104 140
    endloop
  endfacet
  facet normal 0 1 0
    outer loop
      vertex 50 104 180
      vertex 14.5596 104 139.59
      vertex 14.5899 104 139.794
    endloop
  endfacet
  facet normal 0 1 0
    outer loop
      vertex 50 104 180
      vertex 14.5096 104 139.39
      vertex 14.5596 104 139.59
    endloop
  endfacet
  facet normal 0 1 0
    outer loop
      vertex 50 104 180
      vertex 14.4401 104 139.196
      vertex 14.5096 104 139.39
    endloop
  endfacet
  facet normal 0 1 0
    outer loop
      vertex 50 104 180
      vertex 14.352 104 139.01
      vertex 14.4401 104 139.196
    endloop
  endfacet
  facet normal 0 1 -0
    outer loop
      vertex 48.8135 104 12.01
      vertex 14.352 104 139.01
      vertex 50 104 180
    endloop
  endfacet
  facet normal 0 1 0
    outer loop
      vertex 14.352 104 139.01
      vertex 48.8135 104 12.01
      vertex 14.2461 104 138.833
    endloop
  endfacet
  facet normal 0 1 0
    outer loop
      vertex 12.7058 104 137.91
      vertex 12.5 104 42.1
      vertex 12.5 104 137.9
    endloop
  endfacet
  facet normal 0 1 0
    outer loop
      vertex 12.7058 104 42.0899
      vertex 12.7058 104 137.91
      vertex 12.9097 104 137.94
    endloop
  endfacet
  facet normal 0 1 0
    outer loop
      vertex 12.9097 104 42.0596
      vertex 12.9097 104 137.94
      vertex 13.1096 104 137.99
    endloop
  endfacet
  facet normal 0 1 0
    outer loop
      vertex 13.1096 104 42.0096
      vertex 13.1096 104 137.99
      vertex 13.3036 104 138.06
    endloop
  endfacet
  facet normal 0 1 0
    outer loop
      vertex 13.3036 104 41.9401
      vertex 13.3036 104 138.06
      vertex 13.4899 104 138.148
    endloop
  endfacet
  facet normal 0 1 0
    outer loop
      vertex 13.4899 104 41.852
      vertex 13.4899 104 138.148
      vertex 13.6667 104 138.254
    endloop
  endfacet
  facet normal 0 1 0
    outer loop
      vertex 13.6667 104 41.7461
      vertex 13.6667 104 138.254
      vertex 13.8322 104 138.377
    endloop
  endfacet
  facet normal 0 1 0
    outer loop
      vertex 13.8322 104 41.6233
      vertex 13.8322 104 138.377
      vertex 13.9849 104 138.515
    endloop
  endfacet
  facet normal 0 1 0
    outer loop
      vertex 13.9849 104 41.4849
      vertex 13.9849 104 138.515
      vertex 14.1233 104 138.668
    endloop
  endfacet
  facet normal -0 1 0
    outer loop
      vertex 14.2461 104 41.1667
      vertex 14.2461 104 138.833
      vertex 48.8135 104 12.01
    endloop
  endfacet
  facet normal 0 1 0
    outer loop
      vertex 12.7058 104 137.91
      vertex 12.7058 104 42.0899
      vertex 12.5 104 42.1
    endloop
  endfacet
  facet normal 0 1 0
    outer loop
      vertex 12.9097 104 137.94
      vertex 12.9097 104 42.0596
      vertex 12.7058 104 42.0899
    endloop
  endfacet
  facet normal 0 1 0
    outer loop
      vertex 13.1096 104 137.99
      vertex 13.1096 104 42.0096
      vertex 12.9097 104 42.0596
    endloop
  endfacet
  facet normal 0 1 0
    outer loop
      vertex 13.3036 104 138.06
      vertex 13.3036 104 41.9401
      vertex 13.1096 104 42.0096
    endloop
  endfacet
  facet normal 0 1 0
    outer loop
      vertex 13.4899 104 138.148
      vertex 13.4899 104 41.852
      vertex 13.3036 104 41.9401
    endloop
  endfacet
  facet normal 0 1 0
    outer loop
      vertex 13.6667 104 138.254
      vertex 13.6667 104 41.7461
      vertex 13.4899 104 41.852
    endloop
  endfacet
  facet normal 0 1 0
    outer loop
      vertex 13.8322 104 138.377
      vertex 13.8322 104 41.6233
      vertex 13.6667 104 41.7461
    endloop
  endfacet
  facet normal 0 1 0
    outer loop
      vertex 13.9849 104 138.515
      vertex 13.9849 104 41.4849
      vertex 13.8322 104 41.6233
    endloop
  endfacet
  facet normal 0 1 0
    outer loop
      vertex 14.1233 104 138.668
      vertex 14.1233 104 41.3322
      vertex 13.9849 104 41.4849
    endloop
  endfacet
  facet normal 0 1 0
    outer loop
      vertex 14.1233 104 138.668
      vertex 14.2461 104 41.1667
      vertex 14.1233 104 41.3322
    endloop
  endfacet
  facet normal 0 1 0
    outer loop
      vertex 14.2461 104 138.833
      vertex 14.2461 104 41.1667
      vertex 14.1233 104 138.668
    endloop
  endfacet
  facet normal 0 1 0
    outer loop
      vertex 14.2461 104 41.1667
      vertex 48.8135 104 12.01
      vertex 14.352 104 40.9899
    endloop
  endfacet
  facet normal 0 1 0
    outer loop
      vertex 14.352 104 40.9899
      vertex 48.8135 104 12.01
      vertex 14.4401 104 40.8036
    endloop
  endfacet
  facet normal 0 1 0
    outer loop
      vertex 14.4401 104 40.8036
      vertex 48.8135 104 12.01
      vertex 14.5096 104 40.6096
    endloop
  endfacet
  facet normal 0 1 0
    outer loop
      vertex 14.5096 104 40.6096
      vertex 48.8135 104 12.01
      vertex 14.5596 104 40.4097
    endloop
  endfacet
  facet normal 0 1 -0
    outer loop
      vertex 47.4145 104 12.01
      vertex 14.5596 104 40.4097
      vertex 48.8135 104 12.01
    endloop
  endfacet
  facet normal 0 1 0
    outer loop
      vertex 14.5596 104 40.4097
      vertex 47.4145 104 12.01
      vertex 14.5899 104 40.2058
    endloop
  endfacet
  facet normal 0 1 0
    outer loop
      vertex 14.5899 104 40.2058
      vertex 47.4145 104 12.01
      vertex 14.6 104 40
    endloop
  endfacet
  facet normal 0 1 0
    outer loop
      vertex 14.6 104 40
      vertex 47.4145 104 12.01
      vertex 14.5899 104 39.7942
    endloop
  endfacet
  facet normal 0 1 0
    outer loop
      vertex 13.1096 104 37.9904
      vertex 6.58551 104 12.01
      vertex 12.9097 104 37.9404
    endloop
  endfacet
  facet normal 0 1 0
    outer loop
      vertex 13.3036 104 38.0599
      vertex 6.58551 104 12.01
      vertex 13.1096 104 37.9904
    endloop
  endfacet
  facet normal 0 1 0
    outer loop
      vertex 13.4899 104 38.148
      vertex 6.58551 104 12.01
      vertex 13.3036 104 38.0599
    endloop
  endfacet
  facet normal 0 1 0
    outer loop
      vertex 13.6667 104 38.2539
      vertex 6.58551 104 12.01
      vertex 13.4899 104 38.148
    endloop
  endfacet
  facet normal 0 1 0
    outer loop
      vertex 6.58551 104 12.01
      vertex 13.6667 104 38.2539
      vertex 47.4145 104 12.01
    endloop
  endfacet
  facet normal 0 1 0
    outer loop
      vertex 13.8322 104 38.3767
      vertex 47.4145 104 12.01
      vertex 13.6667 104 38.2539
    endloop
  endfacet
  facet normal 0 1 0
    outer loop
      vertex 13.9849 104 38.5151
      vertex 47.4145 104 12.01
      vertex 13.8322 104 38.3767
    endloop
  endfacet
  facet normal 0 1 0
    outer loop
      vertex 14.1233 104 38.6678
      vertex 47.4145 104 12.01
      vertex 13.9849 104 38.5151
    endloop
  endfacet
  facet normal 0 1 0
    outer loop
      vertex 14.2461 104 38.8333
      vertex 47.4145 104 12.01
      vertex 14.1233 104 38.6678
    endloop
  endfacet
  facet normal 0 1 0
    outer loop
      vertex 14.352 104 39.0101
      vertex 47.4145 104 12.01
      vertex 14.2461 104 38.8333
    endloop
  endfacet
  facet normal 0 1 0
    outer loop
      vertex 14.4401 104 39.1964
      vertex 47.4145 104 12.01
      vertex 14.352 104 39.0101
    endloop
  endfacet
  facet normal 0 1 0
    outer loop
      vertex 14.5096 104 39.3904
      vertex 47.4145 104 12.01
      vertex 14.4401 104 39.1964
    endloop
  endfacet
  facet normal 0 1 0
    outer loop
      vertex 14.5596 104 39.5903
      vertex 47.4145 104 12.01
      vertex 14.5096 104 39.3904
    endloop
  endfacet
  facet normal 0 1 0
    outer loop
      vertex 14.5899 104 39.7942
      vertex 47.4145 104 12.01
      vertex 14.5596 104 39.5903
    endloop
  endfacet
  facet normal 0 1 -0
    outer loop
      vertex 50 104 9.41881
      vertex 48.8135 104 12.01
      vertex 50 104 180
    endloop
  endfacet
  facet normal 0 1 0
    outer loop
      vertex 48.609 104 11.505
      vertex 50 104 9.41881
      vertex 48.5792 104 11.478
    endloop
  endfacet
  facet normal 0 1 0
    outer loop
      vertex 48.6551 104 11.5559
      vertex 50 104 9.41881
      vertex 48.609 104 11.505
    endloop
  endfacet
  facet normal 0 1 0
    outer loop
      vertex 48.696 104 11.6111
      vertex 50 104 9.41881
      vertex 48.6551 104 11.5559
    endloop
  endfacet
  facet normal 0 1 0
    outer loop
      vertex 48.7313 104 11.67
      vertex 50 104 9.41881
      vertex 48.696 104 11.6111
    endloop
  endfacet
  facet normal 0 1 0
    outer loop
      vertex 48.7607 104 11.7321
      vertex 50 104 9.41881
      vertex 48.7313 104 11.67
    endloop
  endfacet
  facet normal 0 1 0
    outer loop
      vertex 48.7838 104 11.7968
      vertex 50 104 9.41881
      vertex 48.7607 104 11.7321
    endloop
  endfacet
  facet normal 0 1 0
    outer loop
      vertex 48.8005 104 11.8634
      vertex 50 104 9.41881
      vertex 48.7838 104 11.7968
    endloop
  endfacet
  facet normal 0 1 0
    outer loop
      vertex 48.8106 104 11.9314
      vertex 50 104 9.41881
      vertex 48.8005 104 11.8634
    endloop
  endfacet
  facet normal 0 1 0
    outer loop
      vertex 48.814 104 12
      vertex 50 104 9.41881
      vertex 48.8106 104 11.9314
    endloop
  endfacet
  facet normal 0 1 0
    outer loop
      vertex 48.8135 104 12.01
      vertex 50 104 9.41881
      vertex 48.814 104 12
    endloop
  endfacet
  facet normal 0 1 0
    outer loop
      vertex 43.2 104 182.99
      vertex 48.114 104 191.99
      vertex 50 104 189.257
    endloop
  endfacet
  facet normal 0 1 0
    outer loop
      vertex 48.114 104 191.99
      vertex 43.2 104 182.99
      vertex 5.88599 104 191.99
    endloop
  endfacet
  facet normal 0 1 0
    outer loop
      vertex 43.2 104 182.99
      vertex 50 104 189.257
      vertex 50 104 185.823
    endloop
  endfacet
  facet normal 0 1 0
    outer loop
      vertex 5.88599 104 191.99
      vertex 43.2 104 182.99
      vertex 10.8 104 182.99
    endloop
  endfacet
  facet normal 0 1 0
    outer loop
      vertex 5.88599 104 191.99
      vertex 10.8 104 182.99
      vertex 2.15999 104 186.59
    endloop
  endfacet
  facet normal 0 1 -0
    outer loop
      vertex 43.2 104 180
      vertex 10.8 104 182.99
      vertex 43.2 104 182.99
    endloop
  endfacet
  facet normal 0 1 0
    outer loop
      vertex 10.8 104 182.99
      vertex 43.2 104 180
      vertex 10.8 104 180
    endloop
  endfacet
  facet normal 0 1 -0
    outer loop
      vertex 12.0903 104 142.06
      vertex 10.8 104 180
      vertex 12.2942 104 142.09
    endloop
  endfacet
  facet normal 0 1 -0
    outer loop
      vertex 11.8904 104 142.01
      vertex 10.8 104 180
      vertex 12.0903 104 142.06
    endloop
  endfacet
  facet normal 0 1 0
    outer loop
      vertex 10.8 104 180
      vertex 11.8904 104 142.01
      vertex 0 104 180
    endloop
  endfacet
  facet normal 0 1 -0
    outer loop
      vertex 11.6964 104 141.94
      vertex 0 104 180
      vertex 11.8904 104 142.01
    endloop
  endfacet
  facet normal 0 1 -0
    outer loop
      vertex 11.5101 104 141.852
      vertex 0 104 180
      vertex 11.6964 104 141.94
    endloop
  endfacet
  facet normal 0 1 -0
    outer loop
      vertex 11.3333 104 141.746
      vertex 0 104 180
      vertex 11.5101 104 141.852
    endloop
  endfacet
  facet normal 0 1 -0
    outer loop
      vertex 11.1678 104 141.623
      vertex 0 104 180
      vertex 11.3333 104 141.746
    endloop
  endfacet
  facet normal 0 1 -0
    outer loop
      vertex 11.0151 104 141.485
      vertex 0 104 180
      vertex 11.1678 104 141.623
    endloop
  endfacet
  facet normal 0 1 -0
    outer loop
      vertex 10.8767 104 141.332
      vertex 0 104 180
      vertex 11.0151 104 141.485
    endloop
  endfacet
  facet normal 0 1 -0
    outer loop
      vertex 10.7539 104 141.167
      vertex 0 104 180
      vertex 10.8767 104 141.332
    endloop
  endfacet
  facet normal 0 1 -0
    outer loop
      vertex 10.648 104 140.99
      vertex 0 104 180
      vertex 10.7539 104 141.167
    endloop
  endfacet
  facet normal 0 1 -0
    outer loop
      vertex 10.5599 104 140.804
      vertex 0 104 180
      vertex 10.648 104 140.99
    endloop
  endfacet
  facet normal 0 1 -0
    outer loop
      vertex 10.4904 104 140.61
      vertex 0 104 180
      vertex 10.5599 104 140.804
    endloop
  endfacet
  facet normal 0 1 -0
    outer loop
      vertex 10.4404 104 140.41
      vertex 0 104 180
      vertex 10.4904 104 140.61
    endloop
  endfacet
  facet normal 0 1 -0
    outer loop
      vertex 10.4101 104 140.206
      vertex 0 104 180
      vertex 10.4404 104 140.41
    endloop
  endfacet
  facet normal 0 1 -0
    outer loop
      vertex 10.4 104 140
      vertex 0 104 180
      vertex 10.4101 104 140.206
    endloop
  endfacet
  facet normal 0 1 0
    outer loop
      vertex 10.4101 104 139.794
      vertex 0 104 180
      vertex 10.4 104 140
    endloop
  endfacet
  facet normal 0 1 0
    outer loop
      vertex 10.4404 104 139.59
      vertex 0 104 180
      vertex 10.4101 104 139.794
    endloop
  endfacet
  facet normal 0 1 0
    outer loop
      vertex 10.4404 104 40.4097
      vertex 10.4404 104 139.59
      vertex 10.4904 104 139.39
    endloop
  endfacet
  facet normal 0 1 -0
    outer loop
      vertex 12.5 104 42.1
      vertex 12.2942 104 137.91
      vertex 12.5 104 137.9
    endloop
  endfacet
  facet normal 0 1 0
    outer loop
      vertex 12.2942 104 42.0899
      vertex 12.2942 104 137.91
      vertex 12.5 104 42.1
    endloop
  endfacet
  facet normal 0 1 0
    outer loop
      vertex 12.2942 104 137.91
      vertex 12.2942 104 42.0899
      vertex 12.0903 104 137.94
    endloop
  endfacet
  facet normal 0 1 0
    outer loop
      vertex 12.0903 104 42.0596
      vertex 12.0903 104 137.94
      vertex 12.2942 104 42.0899
    endloop
  endfacet
  facet normal 0 1 0
    outer loop
      vertex 12.0903 104 137.94
      vertex 12.0903 104 42.0596
      vertex 11.8904 104 137.99
    endloop
  endfacet
  facet normal 0 1 0
    outer loop
      vertex 11.8904 104 42.0096
      vertex 11.8904 104 137.99
      vertex 12.0903 104 42.0596
    endloop
  endfacet
  facet normal 0 1 0
    outer loop
      vertex 11.8904 104 137.99
      vertex 11.8904 104 42.0096
      vertex 11.6964 104 138.06
    endloop
  endfacet
  facet normal 0 1 0
    outer loop
      vertex 11.6964 104 41.9401
      vertex 11.6964 104 138.06
      vertex 11.8904 104 42.0096
    endloop
  endfacet
  facet normal 0 1 0
    outer loop
      vertex 11.6964 104 138.06
      vertex 11.6964 104 41.9401
      vertex 11.5101 104 138.148
    endloop
  endfacet
  facet normal 0 1 0
    outer loop
      vertex 11.5101 104 41.852
      vertex 11.5101 104 138.148
      vertex 11.6964 104 41.9401
    endloop
  endfacet
  facet normal 0 1 0
    outer loop
      vertex 11.5101 104 138.148
      vertex 11.5101 104 41.852
      vertex 11.3333 104 138.254
    endloop
  endfacet
  facet normal 0 1 0
    outer loop
      vertex 11.3333 104 41.7461
      vertex 11.3333 104 138.254
      vertex 11.5101 104 41.852
    endloop
  endfacet
  facet normal 0 1 0
    outer loop
      vertex 11.3333 104 138.254
      vertex 11.3333 104 41.7461
      vertex 11.1678 104 138.377
    endloop
  endfacet
  facet normal 0 1 0
    outer loop
      vertex 11.1678 104 41.6233
      vertex 11.1678 104 138.377
      vertex 11.3333 104 41.7461
    endloop
  endfacet
  facet normal 0 1 0
    outer loop
      vertex 11.1678 104 138.377
      vertex 11.1678 104 41.6233
      vertex 11.0151 104 138.515
    endloop
  endfacet
  facet normal 0 1 0
    outer loop
      vertex 11.0151 104 41.4849
      vertex 11.0151 104 138.515
      vertex 11.1678 104 41.6233
    endloop
  endfacet
  facet normal 0 1 0
    outer loop
      vertex 11.0151 104 138.515
      vertex 11.0151 104 41.4849
      vertex 10.8767 104 138.668
    endloop
  endfacet
  facet normal 0 1 0
    outer loop
      vertex 10.8767 104 41.3322
      vertex 10.8767 104 138.668
      vertex 11.0151 104 41.4849
    endloop
  endfacet
  facet normal 0 1 0
    outer loop
      vertex 10.8767 104 138.668
      vertex 10.8767 104 41.3322
      vertex 10.7539 104 138.833
    endloop
  endfacet
  facet normal 0 1 0
    outer loop
      vertex 10.7539 104 41.1667
      vertex 10.7539 104 138.833
      vertex 10.8767 104 41.3322
    endloop
  endfacet
  facet normal 0 1 0
    outer loop
      vertex 10.7539 104 138.833
      vertex 10.7539 104 41.1667
      vertex 10.648 104 139.01
    endloop
  endfacet
  facet normal 0 1 0
    outer loop
      vertex 10.648 104 40.9899
      vertex 10.648 104 139.01
      vertex 10.7539 104 41.1667
    endloop
  endfacet
  facet normal 0 1 0
    outer loop
      vertex 10.648 104 139.01
      vertex 10.648 104 40.9899
      vertex 10.5599 104 139.196
    endloop
  endfacet
  facet normal 0 1 0
    outer loop
      vertex 10.5599 104 40.8036
      vertex 10.5599 104 139.196
      vertex 10.648 104 40.9899
    endloop
  endfacet
  facet normal 0 1 0
    outer loop
      vertex 10.5599 104 139.196
      vertex 10.5599 104 40.8036
      vertex 10.4904 104 139.39
    endloop
  endfacet
  facet normal 0 1 0
    outer loop
      vertex 10.4904 104 40.6096
      vertex 10.4904 104 139.39
      vertex 10.5599 104 40.8036
    endloop
  endfacet
  facet normal 0 1 0
    outer loop
      vertex 10.4404 104 40.4097
      vertex 10.4904 104 139.39
      vertex 10.4904 104 40.6096
    endloop
  endfacet
  facet normal 0 1 0
    outer loop
      vertex 10.4404 104 139.59
      vertex 10.4404 104 40.4097
      vertex 1.49013 104 6.80319
    endloop
  endfacet
  facet normal 0 1 0
    outer loop
      vertex 1.51328 104 6.86787
      vertex 10.4404 104 40.4097
      vertex 10.4101 104 40.2058
    endloop
  endfacet
  facet normal 0 1 0
    outer loop
      vertex 1.54265 104 6.92998
      vertex 10.4101 104 40.2058
      vertex 10.4 104 40
    endloop
  endfacet
  facet normal 0 1 0
    outer loop
      vertex 1.57796 104 6.98889
      vertex 10.4 104 40
      vertex 10.4101 104 39.7942
    endloop
  endfacet
  facet normal 0 1 0
    outer loop
      vertex 12.9097 104 37.9404
      vertex 6.58551 104 12.01
      vertex 12.7058 104 37.9101
    endloop
  endfacet
  facet normal 0 1 0
    outer loop
      vertex 12.7058 104 37.9101
      vertex 6.58551 104 12.01
      vertex 12.5 104 37.9
    endloop
  endfacet
  facet normal 0 1 0
    outer loop
      vertex 12.5 104 37.9
      vertex 6.58551 104 12.01
      vertex 12.2942 104 37.9101
    endloop
  endfacet
  facet normal 0 1 0
    outer loop
      vertex 12.2942 104 37.9101
      vertex 6.58551 104 12.01
      vertex 12.0903 104 37.9404
    endloop
  endfacet
  facet normal 0 1 0
    outer loop
      vertex 12.0903 104 37.9404
      vertex 6.58551 104 12.01
      vertex 11.8904 104 37.9904
    endloop
  endfacet
  facet normal 0 1 0
    outer loop
      vertex 11.8904 104 37.9904
      vertex 6.58551 104 12.01
      vertex 11.6964 104 38.0599
    endloop
  endfacet
  facet normal 0 1 0
    outer loop
      vertex 5.18648 104 12.01
      vertex 11.6964 104 38.0599
      vertex 6.58551 104 12.01
    endloop
  endfacet
  facet normal 0 1 0
    outer loop
      vertex 11.6964 104 38.0599
      vertex 5.18648 104 12.01
      vertex 11.5101 104 38.148
    endloop
  endfacet
  facet normal 0 1 0
    outer loop
      vertex 11.5101 104 38.148
      vertex 5.18648 104 12.01
      vertex 11.3333 104 38.2539
    endloop
  endfacet
  facet normal 0 1 0
    outer loop
      vertex 11.3333 104 38.2539
      vertex 5.18648 104 12.01
      vertex 11.1678 104 38.3767
    endloop
  endfacet
  facet normal 0 1 0
    outer loop
      vertex 11.1678 104 38.3767
      vertex 5.18648 104 12.01
      vertex 11.0151 104 38.5151
    endloop
  endfacet
  facet normal 0 1 0
    outer loop
      vertex 11.0151 104 38.5151
      vertex 5.18648 104 12.01
      vertex 10.8767 104 38.6678
    endloop
  endfacet
  facet normal 0 1 0
    outer loop
      vertex 10.8767 104 38.6678
      vertex 5.18648 104 12.01
      vertex 10.7539 104 38.8333
    endloop
  endfacet
  facet normal 0 1 0
    outer loop
      vertex 10.7539 104 38.8333
      vertex 5.18648 104 12.01
      vertex 10.648 104 39.0101
    endloop
  endfacet
  facet normal 0 1 0
    outer loop
      vertex 10.648 104 39.0101
      vertex 5.18648 104 12.01
      vertex 10.5599 104 39.1964
    endloop
  endfacet
  facet normal 0 1 0
    outer loop
      vertex 10.5599 104 39.1964
      vertex 5.18648 104 12.01
      vertex 10.4904 104 39.3904
    endloop
  endfacet
  facet normal 0 1 0
    outer loop
      vertex 10.4904 104 39.3904
      vertex 5.18648 104 12.01
      vertex 10.4404 104 39.5903
    endloop
  endfacet
  facet normal 0 1 0
    outer loop
      vertex 1.61888 104 7.04407
      vertex 10.4404 104 39.5903
      vertex 5.18648 104 12.01
    endloop
  endfacet
  facet normal 0 1 0
    outer loop
      vertex 10.4404 104 39.5903
      vertex 1.61888 104 7.04407
      vertex 10.4101 104 39.7942
    endloop
  endfacet
  facet normal 0 1 0
    outer loop
      vertex 1.89212 104 7.2467
      vertex 5.18648 104 12.01
      vertex 5.18599 104 12
    endloop
  endfacet
  facet normal 0 1 0
    outer loop
      vertex 2.48318 104 7.22055
      vertex 5.39102 104 11.505
      vertex 5.42082 104 11.478
    endloop
  endfacet
  facet normal 0 1 0
    outer loop
      vertex 2.22861 104 7.29662
      vertex 5.34488 104 11.5559
      vertex 5.39102 104 11.505
    endloop
  endfacet
  facet normal 0 1 0
    outer loop
      vertex 2.22861 104 7.29662
      vertex 5.30397 104 11.6111
      vertex 5.34488 104 11.5559
    endloop
  endfacet
  facet normal 0 1 0
    outer loop
      vertex 2.22861 104 7.29662
      vertex 5.26865 104 11.67
      vertex 5.30397 104 11.6111
    endloop
  endfacet
  facet normal 0 1 0
    outer loop
      vertex 2.22861 104 7.29662
      vertex 5.23927 104 11.7321
      vertex 5.26865 104 11.67
    endloop
  endfacet
  facet normal 0 1 0
    outer loop
      vertex 2.15999 104 7.29999
      vertex 5.21614 104 11.7968
      vertex 5.23927 104 11.7321
    endloop
  endfacet
  facet normal 0 1 0
    outer loop
      vertex 2.09138 104 7.29662
      vertex 5.21614 104 11.7968
      vertex 2.15999 104 7.29999
    endloop
  endfacet
  facet normal 0 1 0
    outer loop
      vertex 5.21614 104 11.7968
      vertex 2.09138 104 7.29662
      vertex 5.19945 104 11.8634
    endloop
  endfacet
  facet normal 0 1 0
    outer loop
      vertex 2.02342 104 7.28654
      vertex 5.19945 104 11.8634
      vertex 2.09138 104 7.29662
    endloop
  endfacet
  facet normal 0 1 0
    outer loop
      vertex 5.19945 104 11.8634
      vertex 2.02342 104 7.28654
      vertex 5.18936 104 11.9314
    endloop
  endfacet
  facet normal 0 1 0
    outer loop
      vertex 1.95679 104 7.26985
      vertex 5.18936 104 11.9314
      vertex 2.02342 104 7.28654
    endloop
  endfacet
  facet normal 0 1 0
    outer loop
      vertex 5.18936 104 11.9314
      vertex 1.95679 104 7.26985
      vertex 5.18599 104 12
    endloop
  endfacet
  facet normal 0 1 0
    outer loop
      vertex 1.89212 104 7.2467
      vertex 5.18599 104 12
      vertex 1.95679 104 7.26985
    endloop
  endfacet
  facet normal 0 1 0
    outer loop
      vertex 5.18648 104 12.01
      vertex 1.89212 104 7.2467
      vertex 1.83002 104 7.21733
    endloop
  endfacet
  facet normal 0 1 0
    outer loop
      vertex 5.18648 104 12.01
      vertex 1.83002 104 7.21733
      vertex 1.77109 104 7.18202
    endloop
  endfacet
  facet normal 0 1 0
    outer loop
      vertex 5.18648 104 12.01
      vertex 1.77109 104 7.18202
      vertex 1.71591 104 7.1411
    endloop
  endfacet
  facet normal 0 1 0
    outer loop
      vertex 5.18648 104 12.01
      vertex 1.71591 104 7.1411
      vertex 1.66502 104 7.09497
    endloop
  endfacet
  facet normal 0 1 0
    outer loop
      vertex 5.18648 104 12.01
      vertex 1.66502 104 7.09497
      vertex 1.61888 104 7.04407
    endloop
  endfacet
  facet normal 0 1 0
    outer loop
      vertex 1.57796 104 6.98889
      vertex 10.4101 104 39.7942
      vertex 1.61888 104 7.04407
    endloop
  endfacet
  facet normal 0 1 0
    outer loop
      vertex 10.4 104 40
      vertex 1.57796 104 6.98889
      vertex 1.54265 104 6.92998
    endloop
  endfacet
  facet normal 0 1 0
    outer loop
      vertex 10.4101 104 40.2058
      vertex 1.54265 104 6.92998
      vertex 1.51328 104 6.86787
    endloop
  endfacet
  facet normal 0 1 0
    outer loop
      vertex 10.4404 104 40.4097
      vertex 1.51328 104 6.86787
      vertex 1.49013 104 6.80319
    endloop
  endfacet
  facet normal 0 1 0
    outer loop
      vertex 10.4404 104 139.59
      vertex 1.49013 104 6.80319
      vertex 0 104 180
    endloop
  endfacet
  facet normal 0 1 -0
    outer loop
      vertex 1.47345 104 6.73656
      vertex 0 104 180
      vertex 1.49013 104 6.80319
    endloop
  endfacet
  facet normal 0 1 0
    outer loop
      vertex 0 104 0
      vertex 1.47345 104 6.73656
      vertex 1.46336 104 6.66861
    endloop
  endfacet
  facet normal 0 1 0
    outer loop
      vertex 0 104 0
      vertex 1.46336 104 6.66861
      vertex 1.45999 104 6.59999
    endloop
  endfacet
  facet normal 0 1 0
    outer loop
      vertex 2.42787 104 5.95328
      vertex 0 104 0
      vertex 2.36319 104 5.93013
    endloop
  endfacet
  facet normal 0 1 0
    outer loop
      vertex 2.29655 104 5.91344
      vertex 0 104 0
      vertex 2.22861 104 5.90337
    endloop
  endfacet
  facet normal 0 1 0
    outer loop
      vertex 2.15999 104 5.89999
      vertex 0 104 0
      vertex 2.09138 104 5.90337
    endloop
  endfacet
  facet normal 0 1 0
    outer loop
      vertex 2.09138 104 5.90337
      vertex 0 104 0
      vertex 2.02342 104 5.91344
    endloop
  endfacet
  facet normal 0 1 0
    outer loop
      vertex 2.02342 104 5.91344
      vertex 0 104 0
      vertex 1.95679 104 5.93013
    endloop
  endfacet
  facet normal 0 1 0
    outer loop
      vertex 2.22861 104 5.90337
      vertex 0 104 0
      vertex 2.15999 104 5.89999
    endloop
  endfacet
  facet normal 0 1 0
    outer loop
      vertex 10.1301 104 0.203186
      vertex 10.1301 104 2.7968
      vertex 10.1533 104 2.73212
    endloop
  endfacet
  facet normal 0 1 0
    outer loop
      vertex 10.1533 104 0.267868
      vertex 10.1533 104 2.73212
      vertex 10.1826 104 2.67001
    endloop
  endfacet
  facet normal 0 1 0
    outer loop
      vertex 10.1826 104 0.329971
      vertex 10.1826 104 2.67001
      vertex 10.218 104 2.6111
    endloop
  endfacet
  facet normal 0 1 0
    outer loop
      vertex 10.218 104 0.388885
      vertex 10.218 104 2.6111
      vertex 10.2589 104 2.55592
    endloop
  endfacet
  facet normal 0 1 0
    outer loop
      vertex 10.2589 104 0.444061
      vertex 10.2589 104 2.55592
      vertex 10.305 104 2.50502
    endloop
  endfacet
  facet normal 0 1 0
    outer loop
      vertex 10.305 104 0.494965
      vertex 10.305 104 2.50502
      vertex 10.3559 104 2.45888
    endloop
  endfacet
  facet normal 0 1 0
    outer loop
      vertex 10.3559 104 0.541107
      vertex 10.3559 104 2.45888
      vertex 10.4111 104 2.41797
    endloop
  endfacet
  facet normal 0 1 0
    outer loop
      vertex 10.4111 104 0.582016
      vertex 10.4111 104 2.41797
      vertex 10.47 104 2.38264
    endloop
  endfacet
  facet normal 0 1 0
    outer loop
      vertex 10.47 104 0.61734
      vertex 10.47 104 2.38264
      vertex 10.5321 104 2.35327
    endloop
  endfacet
  facet normal 0 1 -0
    outer loop
      vertex 10.6 104 0.670654
      vertex 10.5968 104 2.33014
      vertex 10.6 104 2.32933
    endloop
  endfacet
  facet normal 0 1 0
    outer loop
      vertex 10.5968 104 0.669846
      vertex 10.5968 104 2.33014
      vertex 10.6 104 0.670654
    endloop
  endfacet
  facet normal 0 1 0
    outer loop
      vertex 10.5968 104 2.33014
      vertex 10.5968 104 0.669846
      vertex 10.5321 104 2.35327
    endloop
  endfacet
  facet normal 0 1 0
    outer loop
      vertex 10.5321 104 0.646713
      vertex 10.5321 104 2.35327
      vertex 10.5968 104 0.669846
    endloop
  endfacet
  facet normal 0 1 0
    outer loop
      vertex 10.47 104 0.61734
      vertex 10.5321 104 2.35327
      vertex 10.5321 104 0.646713
    endloop
  endfacet
  facet normal 0 1 0
    outer loop
      vertex 10.47 104 2.38264
      vertex 10.47 104 0.61734
      vertex 10.4111 104 0.582016
    endloop
  endfacet
  facet normal 0 1 0
    outer loop
      vertex 10.4111 104 2.41797
      vertex 10.4111 104 0.582016
      vertex 10.3559 104 0.541107
    endloop
  endfacet
  facet normal 0 1 0
    outer loop
      vertex 10.3559 104 2.45888
      vertex 10.3559 104 0.541107
      vertex 10.305 104 0.494965
    endloop
  endfacet
  facet normal 0 1 0
    outer loop
      vertex 10.305 104 2.50502
      vertex 10.305 104 0.494965
      vertex 10.2589 104 0.444061
    endloop
  endfacet
  facet normal 0 1 0
    outer loop
      vertex 10.2589 104 2.55592
      vertex 10.2589 104 0.444061
      vertex 10.218 104 0.388885
    endloop
  endfacet
  facet normal 0 1 0
    outer loop
      vertex 10.218 104 2.6111
      vertex 10.218 104 0.388885
      vertex 10.1826 104 0.329971
    endloop
  endfacet
  facet normal 0 1 0
    outer loop
      vertex 10.1826 104 2.67001
      vertex 10.1826 104 0.329971
      vertex 10.1533 104 0.267868
    endloop
  endfacet
  facet normal 0 1 0
    outer loop
      vertex 10.1533 104 2.73212
      vertex 10.1533 104 0.267868
      vertex 10.1301 104 0.203186
    endloop
  endfacet
  facet normal 0 1 0
    outer loop
      vertex 2.36319 104 5.93013
      vertex 0 104 0
      vertex 2.29655 104 5.91344
    endloop
  endfacet
  facet normal 0 1 0
    outer loop
      vertex 1.95679 104 5.93013
      vertex 0 104 0
      vertex 1.89212 104 5.95328
    endloop
  endfacet
  facet normal 0 1 0
    outer loop
      vertex 1.89212 104 5.95328
      vertex 0 104 0
      vertex 1.83002 104 5.98265
    endloop
  endfacet
  facet normal 0 1 0
    outer loop
      vertex 0 104 0
      vertex 10.1301 104 0.203186
      vertex 10.1134 104 0.136551
    endloop
  endfacet
  facet normal 0 1 0
    outer loop
      vertex 0 104 0
      vertex 10.1134 104 0.136551
      vertex 10.1034 104 0.0686035
    endloop
  endfacet
  facet normal 0 1 0
    outer loop
      vertex 0 104 0
      vertex 10.1034 104 0.0686035
      vertex 10.1 104 0
    endloop
  endfacet
  facet normal 0 1 0
    outer loop
      vertex 1.47345 104 6.73656
      vertex 0 104 0
      vertex 0 104 180
    endloop
  endfacet
  facet normal 0 1 0
    outer loop
      vertex 1.46336 104 6.53139
      vertex 0 104 0
      vertex 1.45999 104 6.59999
    endloop
  endfacet
  facet normal 0 1 0
    outer loop
      vertex 1.47345 104 6.46342
      vertex 0 104 0
      vertex 1.46336 104 6.53139
    endloop
  endfacet
  facet normal 0 1 0
    outer loop
      vertex 1.49013 104 6.39679
      vertex 0 104 0
      vertex 1.47345 104 6.46342
    endloop
  endfacet
  facet normal 0 1 0
    outer loop
      vertex 1.51328 104 6.33211
      vertex 0 104 0
      vertex 1.49013 104 6.39679
    endloop
  endfacet
  facet normal 0 1 0
    outer loop
      vertex 1.54265 104 6.27002
      vertex 0 104 0
      vertex 1.51328 104 6.33211
    endloop
  endfacet
  facet normal 0 1 0
    outer loop
      vertex 1.57796 104 6.21109
      vertex 0 104 0
      vertex 1.54265 104 6.27002
    endloop
  endfacet
  facet normal 0 1 0
    outer loop
      vertex 1.61888 104 6.15591
      vertex 0 104 0
      vertex 1.57796 104 6.21109
    endloop
  endfacet
  facet normal 0 1 0
    outer loop
      vertex 1.66502 104 6.10501
      vertex 0 104 0
      vertex 1.61888 104 6.15591
    endloop
  endfacet
  facet normal 0 1 0
    outer loop
      vertex 1.71591 104 6.05888
      vertex 0 104 0
      vertex 1.66502 104 6.10501
    endloop
  endfacet
  facet normal 0 1 0
    outer loop
      vertex 1.77109 104 6.01796
      vertex 0 104 0
      vertex 1.71591 104 6.05888
    endloop
  endfacet
  facet normal 0 1 0
    outer loop
      vertex 1.83002 104 5.98265
      vertex 0 104 0
      vertex 1.77109 104 6.01796
    endloop
  endfacet
  facet normal 0 1 -0
    outer loop
      vertex 50 104 0
      vertex 43.8875 104 2.86978
      vertex 50 104 5.41667
    endloop
  endfacet
  facet normal 0 1 0
    outer loop
      vertex 43.8875 104 2.86978
      vertex 50 104 0
      vertex 43.8865 104 2.86343
    endloop
  endfacet
  facet normal 0 1 0
    outer loop
      vertex 43.8865 104 2.86343
      vertex 50 104 0
      vertex 43.8699 104 2.7968
    endloop
  endfacet
  facet normal 0 1 0
    outer loop
      vertex 43.8699 104 2.7968
      vertex 50 104 0
      vertex 43.8467 104 2.73212
    endloop
  endfacet
  facet normal -0 1 0
    outer loop
      vertex 43.8467 104 0.267868
      vertex 43.8467 104 2.73212
      vertex 50 104 0
    endloop
  endfacet
  facet normal 0 1 0
    outer loop
      vertex 43.8467 104 2.73212
      vertex 43.8467 104 0.267868
      vertex 43.8173 104 2.67001
    endloop
  endfacet
  facet normal -0 1 0
    outer loop
      vertex 43.8173 104 0.329971
      vertex 43.8173 104 2.67001
      vertex 43.8467 104 0.267868
    endloop
  endfacet
  facet normal 0 1 0
    outer loop
      vertex 43.8173 104 2.67001
      vertex 43.8173 104 0.329971
      vertex 43.782 104 2.6111
    endloop
  endfacet
  facet normal -0 1 0
    outer loop
      vertex 43.782 104 0.388885
      vertex 43.782 104 2.6111
      vertex 43.8173 104 0.329971
    endloop
  endfacet
  facet normal 0 1 0
    outer loop
      vertex 43.782 104 2.6111
      vertex 43.782 104 0.388885
      vertex 43.7411 104 2.55592
    endloop
  endfacet
  facet normal -0 1 0
    outer loop
      vertex 43.7411 104 0.444061
      vertex 43.7411 104 2.55592
      vertex 43.782 104 0.388885
    endloop
  endfacet
  facet normal 0 1 0
    outer loop
      vertex 43.4032 104 2.33014
      vertex 43.4 104 0.670654
      vertex 43.4 104 2.32933
    endloop
  endfacet
  facet normal 0 1 0
    outer loop
      vertex 43.4032 104 0.669846
      vertex 43.4032 104 2.33014
      vertex 43.4679 104 2.35327
    endloop
  endfacet
  facet normal -0 1 0
    outer loop
      vertex 43.695 104 0.494965
      vertex 43.695 104 2.50502
      vertex 43.7411 104 0.444061
    endloop
  endfacet
  facet normal 0 1 0
    outer loop
      vertex 43.4032 104 2.33014
      vertex 43.4032 104 0.669846
      vertex 43.4 104 0.670654
    endloop
  endfacet
  facet normal 0 1 0
    outer loop
      vertex 43.4679 104 2.35327
      vertex 43.4679 104 0.646713
      vertex 43.4032 104 0.669846
    endloop
  endfacet
  facet normal 0 1 0
    outer loop
      vertex 43.4679 104 2.35327
      vertex 43.53 104 0.61734
      vertex 43.4679 104 0.646713
    endloop
  endfacet
  facet normal 0 1 0
    outer loop
      vertex 43.53 104 2.38264
      vertex 43.53 104 0.61734
      vertex 43.4679 104 2.35327
    endloop
  endfacet
  facet normal -0 1 0
    outer loop
      vertex 43.53 104 0.61734
      vertex 43.53 104 2.38264
      vertex 43.5889 104 0.582016
    endloop
  endfacet
  facet normal 0 1 0
    outer loop
      vertex 43.5889 104 2.41797
      vertex 43.5889 104 0.582016
      vertex 43.53 104 2.38264
    endloop
  endfacet
  facet normal -0 1 0
    outer loop
      vertex 43.5889 104 0.582016
      vertex 43.5889 104 2.41797
      vertex 43.6441 104 0.541107
    endloop
  endfacet
  facet normal 0 1 0
    outer loop
      vertex 43.6441 104 2.45888
      vertex 43.6441 104 0.541107
      vertex 43.5889 104 2.41797
    endloop
  endfacet
  facet normal 0 1 0
    outer loop
      vertex 43.695 104 2.50502
      vertex 43.695 104 0.494965
      vertex 43.6441 104 2.45888
    endloop
  endfacet
  facet normal -0 1 0
    outer loop
      vertex 43.6441 104 0.541107
      vertex 43.6441 104 2.45888
      vertex 43.695 104 0.494965
    endloop
  endfacet
  facet normal 0 1 0
    outer loop
      vertex 43.7411 104 2.55592
      vertex 43.7411 104 0.444061
      vertex 43.695 104 2.50502
    endloop
  endfacet
  facet normal 0 1 0
    outer loop
      vertex 43.8467 104 0.267868
      vertex 50 104 0
      vertex 43.8699 104 0.203186
    endloop
  endfacet
  facet normal 0 1 0
    outer loop
      vertex 43.8699 104 0.203186
      vertex 50 104 0
      vertex 43.8865 104 0.136551
    endloop
  endfacet
  facet normal 0 1 0
    outer loop
      vertex 43.8865 104 0.136551
      vertex 50 104 0
      vertex 43.8966 104 0.0686035
    endloop
  endfacet
  facet normal 0 1 0
    outer loop
      vertex 43.8966 104 0.0686035
      vertex 50 104 0
      vertex 43.9 104 0
    endloop
  endfacet
  facet normal 0 -1 0
    outer loop
      vertex 6.586 100 12
      vertex 47.4145 100 12.01
      vertex 6.58551 100 12.01
    endloop
  endfacet
  facet normal 0 -1 0
    outer loop
      vertex 47.4145 100 12.01
      vertex 6.586 100 12
      vertex 47.414 100 12
    endloop
  endfacet
  facet normal 0 -1 0
    outer loop
      vertex 11.3156 100 143.904
      vertex 10.8 100 180
      vertex 0 100 180
    endloop
  endfacet
  facet normal 0 -1 0
    outer loop
      vertex 13.6863 100 143.904
      vertex 10.8 100 180
      vertex 13.6844 100 143.904
    endloop
  endfacet
  facet normal 0 -1 0
    outer loop
      vertex 10.8 100 180
      vertex 12.5 100 144.08
      vertex 12.502 100 144.08
    endloop
  endfacet
  facet normal 0 -1 0
    outer loop
      vertex 10.8 100 180
      vertex 12.498 100 144.08
      vertex 12.5 100 144.08
    endloop
  endfacet
  facet normal 0 -1 0
    outer loop
      vertex 10.8 100 180
      vertex 12.1001 100 144.06
      vertex 12.498 100 144.08
    endloop
  endfacet
  facet normal 0 -1 0
    outer loop
      vertex 10.8 100 180
      vertex 11.706 100 144.002
      vertex 12.1001 100 144.06
    endloop
  endfacet
  facet normal 0 -1 0
    outer loop
      vertex 10.8 100 180
      vertex 11.704 100 144.002
      vertex 11.706 100 144.002
    endloop
  endfacet
  facet normal 0 -1 0
    outer loop
      vertex 10.8 100 180
      vertex 11.3176 100 143.905
      vertex 11.704 100 144.002
    endloop
  endfacet
  facet normal 0 -1 0
    outer loop
      vertex 10.8 100 180
      vertex 11.3156 100 143.904
      vertex 11.3176 100 143.905
    endloop
  endfacet
  facet normal 0 -1 0
    outer loop
      vertex 0 100 180
      vertex 11.3137 100 143.904
      vertex 11.3156 100 143.904
    endloop
  endfacet
  facet normal 0 -1 0
    outer loop
      vertex 0 100 180
      vertex 10.9386 100 143.77
      vertex 11.3137 100 143.904
    endloop
  endfacet
  facet normal 0 -1 0
    outer loop
      vertex 0 100 180
      vertex 10.9368 100 143.769
      vertex 10.9386 100 143.77
    endloop
  endfacet
  facet normal 0 -1 0
    outer loop
      vertex 0 100 180
      vertex 10.5767 100 143.598
      vertex 10.9368 100 143.769
    endloop
  endfacet
  facet normal 0 -1 0
    outer loop
      vertex 0 100 180
      vertex 10.235 100 143.394
      vertex 10.5767 100 143.598
    endloop
  endfacet
  facet normal 0 -1 0
    outer loop
      vertex 0 100 180
      vertex 10.2332 100 143.392
      vertex 10.235 100 143.394
    endloop
  endfacet
  facet normal 0 -1 0
    outer loop
      vertex 0 100 180
      vertex 10.2316 100 143.391
      vertex 10.2332 100 143.392
    endloop
  endfacet
  facet normal 0 -1 0
    outer loop
      vertex 0 100 180
      vertex 9.91161 100 143.154
      vertex 10.2316 100 143.391
    endloop
  endfacet
  facet normal 0 -1 0
    outer loop
      vertex 0 100 180
      vertex 9.61645 100 142.886
      vertex 9.91161 100 143.154
    endloop
  endfacet
  facet normal 0 -1 0
    outer loop
      vertex 0 100 180
      vertex 9.61493 100 142.885
      vertex 9.61645 100 142.886
    endloop
  endfacet
  facet normal 0 -1 0
    outer loop
      vertex 0 100 180
      vertex 9.61356 100 142.884
      vertex 9.61493 100 142.885
    endloop
  endfacet
  facet normal 0 -1 0
    outer loop
      vertex 0 100 180
      vertex 9.34604 100 142.588
      vertex 9.61356 100 142.884
    endloop
  endfacet
  facet normal 0 -1 0
    outer loop
      vertex 0 100 180
      vertex 9.10874 100 142.268
      vertex 9.34604 100 142.588
    endloop
  endfacet
  facet normal 0 -1 0
    outer loop
      vertex 0 100 180
      vertex 9.10752 100 142.267
      vertex 9.10874 100 142.268
    endloop
  endfacet
  facet normal 0 -1 0
    outer loop
      vertex 0 100 180
      vertex 9.10647 100 142.265
      vertex 9.10752 100 142.267
    endloop
  endfacet
  facet normal 0 -1 0
    outer loop
      vertex 0 100 180
      vertex 8.90167 100 141.923
      vertex 9.10647 100 142.265
    endloop
  endfacet
  facet normal 0 -1 0
    outer loop
      vertex 0 100 180
      vertex 8.73136 100 141.563
      vertex 8.90167 100 141.923
    endloop
  endfacet
  facet normal 0 -1 0
    outer loop
      vertex 0 100 180
      vertex 8.73048 100 141.561
      vertex 8.73136 100 141.563
    endloop
  endfacet
  facet normal 0 -1 0
    outer loop
      vertex 0 100 180
      vertex 8.59628 100 141.186
      vertex 8.73048 100 141.561
    endloop
  endfacet
  facet normal 0 -1 0
    outer loop
      vertex 0 100 180
      vertex 8.59559 100 141.184
      vertex 8.59628 100 141.186
    endloop
  endfacet
  facet normal 0 -1 0
    outer loop
      vertex 0 100 180
      vertex 8.59509 100 141.182
      vertex 8.59559 100 141.184
    endloop
  endfacet
  facet normal 0 -1 0
    outer loop
      vertex 0 100 180
      vertex 8.4983 100 140.796
      vertex 8.59509 100 141.182
    endloop
  endfacet
  facet normal 0 -1 0
    outer loop
      vertex 0 100 180
      vertex 8.498 100 140.794
      vertex 8.4983 100 140.796
    endloop
  endfacet
  facet normal 0 -1 0
    outer loop
      vertex 0 100 180
      vertex 8.43955 100 140.4
      vertex 8.498 100 140.794
    endloop
  endfacet
  facet normal 0 -1 0
    outer loop
      vertex 0 100 180
      vertex 8.42 100 140.002
      vertex 8.43955 100 140.4
    endloop
  endfacet
  facet normal 0 -1 0
    outer loop
      vertex 0 100 180
      vertex 8.4199 100 140
      vertex 8.42 100 140.002
    endloop
  endfacet
  facet normal 0 -1 0
    outer loop
      vertex 0 100 180
      vertex 8.42 100 139.998
      vertex 8.4199 100 140
    endloop
  endfacet
  facet normal 0 -1 0
    outer loop
      vertex 0 100 180
      vertex 8.43955 100 139.6
      vertex 8.42 100 139.998
    endloop
  endfacet
  facet normal 0 -1 0
    outer loop
      vertex 0 100 180
      vertex 8.498 100 139.206
      vertex 8.43955 100 139.6
    endloop
  endfacet
  facet normal 0 -1 0
    outer loop
      vertex 0 100 180
      vertex 8.4983 100 139.204
      vertex 8.498 100 139.206
    endloop
  endfacet
  facet normal 0 1 0
    outer loop
      vertex 8.73048 100 138.439
      vertex 8.90167 100 138.077
      vertex 8.73136 100 138.437
    endloop
  endfacet
  facet normal 0 1 0
    outer loop
      vertex 9.34604 100 137.412
      vertex 9.61493 100 137.115
      vertex 9.61356 100 137.116
    endloop
  endfacet
  facet normal 0 -1 0
    outer loop
      vertex 9.61493 100 137.115
      vertex 9.91161 100 136.846
      vertex 9.61645 100 137.114
    endloop
  endfacet
  facet normal 0 1 0
    outer loop
      vertex 10.9386 100 136.23
      vertex 11.3156 100 136.096
      vertex 11.3137 100 136.096
    endloop
  endfacet
  facet normal 0 1 0
    outer loop
      vertex 11.3156 100 136.096
      vertex 11.704 100 135.998
      vertex 11.3176 100 136.095
    endloop
  endfacet
  facet normal 0 -1 0
    outer loop
      vertex 11.704 100 135.998
      vertex 12.1001 100 135.94
      vertex 11.706 100 135.998
    endloop
  endfacet
  facet normal 0 -1 0
    outer loop
      vertex 12.498 100 135.92
      vertex 12.5 100 44.0801
      vertex 12.5 100 135.92
    endloop
  endfacet
  facet normal 0 -1 0
    outer loop
      vertex 12.1001 100 135.94
      vertex 12.5 100 44.0801
      vertex 12.498 100 135.92
    endloop
  endfacet
  facet normal 0 -1 0
    outer loop
      vertex 12.1001 100 44.0605
      vertex 12.1001 100 135.94
      vertex 11.704 100 135.998
    endloop
  endfacet
  facet normal 0 -1 0
    outer loop
      vertex 11.704 100 44.0017
      vertex 11.704 100 135.998
      vertex 11.3156 100 136.096
    endloop
  endfacet
  facet normal 0 -1 0
    outer loop
      vertex 11.3156 100 43.9044
      vertex 11.3156 100 136.096
      vertex 10.9386 100 136.23
    endloop
  endfacet
  facet normal 0 -1 0
    outer loop
      vertex 10.9386 100 43.7695
      vertex 10.9386 100 136.23
      vertex 10.9368 100 136.231
    endloop
  endfacet
  facet normal 0 -1 0
    outer loop
      vertex 10.9386 100 43.7695
      vertex 10.9368 100 136.231
      vertex 10.5767 100 136.402
    endloop
  endfacet
  facet normal 0 -1 0
    outer loop
      vertex 10.5767 100 43.5983
      vertex 10.5767 100 136.402
      vertex 10.235 100 136.606
    endloop
  endfacet
  facet normal 0 -1 0
    outer loop
      vertex 10.5767 100 43.5983
      vertex 10.235 100 136.606
      vertex 10.2332 100 136.608
    endloop
  endfacet
  facet normal 0 -1 0
    outer loop
      vertex 10.2332 100 43.3925
      vertex 10.2332 100 136.608
      vertex 10.2316 100 136.609
    endloop
  endfacet
  facet normal 0 -1 0
    outer loop
      vertex 10.2332 100 43.3925
      vertex 10.2316 100 136.609
      vertex 9.91161 100 136.846
    endloop
  endfacet
  facet normal 0 -1 0
    outer loop
      vertex 9.91161 100 43.154
      vertex 9.91161 100 136.846
      vertex 9.61493 100 137.115
    endloop
  endfacet
  facet normal 0 -1 0
    outer loop
      vertex 9.61493 100 42.8851
      vertex 9.61493 100 137.115
      vertex 9.34604 100 137.412
    endloop
  endfacet
  facet normal 0 -1 0
    outer loop
      vertex 9.34604 100 42.5884
      vertex 9.34604 100 137.412
      vertex 9.10874 100 137.732
    endloop
  endfacet
  facet normal 0 -1 0
    outer loop
      vertex 9.34604 100 42.5884
      vertex 9.10874 100 137.732
      vertex 9.10752 100 137.733
    endloop
  endfacet
  facet normal 0 -1 0
    outer loop
      vertex 9.10752 100 42.2668
      vertex 9.10752 100 137.733
      vertex 9.10647 100 137.735
    endloop
  endfacet
  facet normal 0 -1 0
    outer loop
      vertex 9.10752 100 42.2668
      vertex 9.10647 100 137.735
      vertex 8.90167 100 138.077
    endloop
  endfacet
  facet normal 0 -1 0
    outer loop
      vertex 8.90167 100 41.9233
      vertex 8.90167 100 138.077
      vertex 8.73048 100 138.439
    endloop
  endfacet
  facet normal 0 -1 0
    outer loop
      vertex 8.73048 100 41.5614
      vertex 8.73048 100 138.439
      vertex 8.59628 100 138.814
    endloop
  endfacet
  facet normal 0 -1 0
    outer loop
      vertex 8.73048 100 41.5614
      vertex 8.59628 100 138.814
      vertex 8.59559 100 138.816
    endloop
  endfacet
  facet normal 0 -1 0
    outer loop
      vertex 8.59559 100 41.1844
      vertex 8.59559 100 138.816
      vertex 8.59509 100 138.818
    endloop
  endfacet
  facet normal 0 -1 0
    outer loop
      vertex 8.59559 100 41.1844
      vertex 8.59509 100 138.818
      vertex 8.4983 100 139.204
    endloop
  endfacet
  facet normal 0 -1 0
    outer loop
      vertex 8.4983 100 40.796
      vertex 8.4983 100 139.204
      vertex 0 100 180
    endloop
  endfacet
  facet normal 0 -1 0
    outer loop
      vertex 12.1001 100 135.94
      vertex 12.498 100 44.08
      vertex 12.5 100 44.0801
    endloop
  endfacet
  facet normal 0 -1 0
    outer loop
      vertex 12.1001 100 135.94
      vertex 12.1001 100 44.0605
      vertex 12.498 100 44.08
    endloop
  endfacet
  facet normal 0 -1 0
    outer loop
      vertex 11.704 100 135.998
      vertex 11.706 100 44.002
      vertex 12.1001 100 44.0605
    endloop
  endfacet
  facet normal 0 -1 0
    outer loop
      vertex 11.704 100 135.998
      vertex 11.704 100 44.0017
      vertex 11.706 100 44.002
    endloop
  endfacet
  facet normal 0 -1 0
    outer loop
      vertex 11.3156 100 136.096
      vertex 11.3176 100 43.9049
      vertex 11.704 100 44.0017
    endloop
  endfacet
  facet normal 0 -1 0
    outer loop
      vertex 11.3156 100 136.096
      vertex 11.3156 100 43.9044
      vertex 11.3176 100 43.9049
    endloop
  endfacet
  facet normal 0 -1 0
    outer loop
      vertex 10.9386 100 136.23
      vertex 11.3137 100 43.9037
      vertex 11.3156 100 43.9044
    endloop
  endfacet
  facet normal 0 -1 0
    outer loop
      vertex 10.9386 100 136.23
      vertex 10.9386 100 43.7695
      vertex 11.3137 100 43.9037
    endloop
  endfacet
  facet normal 0 -1 0
    outer loop
      vertex 10.5767 100 136.402
      vertex 10.9368 100 43.7686
      vertex 10.9386 100 43.7695
    endloop
  endfacet
  facet normal 0 -1 0
    outer loop
      vertex 10.5767 100 136.402
      vertex 10.5767 100 43.5983
      vertex 10.9368 100 43.7686
    endloop
  endfacet
  facet normal 0 -1 0
    outer loop
      vertex 10.2332 100 136.608
      vertex 10.235 100 43.3935
      vertex 10.5767 100 43.5983
    endloop
  endfacet
  facet normal 0 -1 0
    outer loop
      vertex 10.2332 100 136.608
      vertex 10.2332 100 43.3925
      vertex 10.235 100 43.3935
    endloop
  endfacet
  facet normal 0 -1 0
    outer loop
      vertex 9.91161 100 136.846
      vertex 10.2316 100 43.3913
      vertex 10.2332 100 43.3925
    endloop
  endfacet
  facet normal 0 -1 0
    outer loop
      vertex 9.91161 100 136.846
      vertex 9.91161 100 43.154
      vertex 10.2316 100 43.3913
    endloop
  endfacet
  facet normal 0 -1 0
    outer loop
      vertex 9.61493 100 137.115
      vertex 9.61645 100 42.8864
      vertex 9.91161 100 43.154
    endloop
  endfacet
  facet normal 0 -1 0
    outer loop
      vertex 9.61493 100 137.115
      vertex 9.61493 100 42.8851
      vertex 9.61645 100 42.8864
    endloop
  endfacet
  facet normal 0 -1 0
    outer loop
      vertex 9.34604 100 137.412
      vertex 9.61356 100 42.8835
      vertex 9.61493 100 42.8851
    endloop
  endfacet
  facet normal 0 -1 0
    outer loop
      vertex 9.34604 100 137.412
      vertex 9.34604 100 42.5884
      vertex 9.61356 100 42.8835
    endloop
  endfacet
  facet normal 0 -1 0
    outer loop
      vertex 9.10752 100 137.733
      vertex 9.10874 100 42.2684
      vertex 9.34604 100 42.5884
    endloop
  endfacet
  facet normal 0 -1 0
    outer loop
      vertex 9.10752 100 137.733
      vertex 9.10752 100 42.2668
      vertex 9.10874 100 42.2684
    endloop
  endfacet
  facet normal 0 -1 0
    outer loop
      vertex 8.90167 100 138.077
      vertex 9.10647 100 42.265
      vertex 9.10752 100 42.2668
    endloop
  endfacet
  facet normal 0 -1 0
    outer loop
      vertex 8.90167 100 138.077
      vertex 8.90167 100 41.9233
      vertex 9.10647 100 42.265
    endloop
  endfacet
  facet normal 0 -1 0
    outer loop
      vertex 8.73048 100 138.439
      vertex 8.73136 100 41.5632
      vertex 8.90167 100 41.9233
    endloop
  endfacet
  facet normal 0 -1 0
    outer loop
      vertex 8.73048 100 138.439
      vertex 8.73048 100 41.5614
      vertex 8.73136 100 41.5632
    endloop
  endfacet
  facet normal 0 -1 0
    outer loop
      vertex 8.59559 100 138.816
      vertex 8.59628 100 41.1863
      vertex 8.73048 100 41.5614
    endloop
  endfacet
  facet normal 0 -1 0
    outer loop
      vertex 8.59559 100 138.816
      vertex 8.59559 100 41.1844
      vertex 8.59628 100 41.1863
    endloop
  endfacet
  facet normal 0 -1 0
    outer loop
      vertex 8.4983 100 139.204
      vertex 8.59509 100 41.1824
      vertex 8.59559 100 41.1844
    endloop
  endfacet
  facet normal 0 -1 0
    outer loop
      vertex 8.4983 100 139.204
      vertex 8.4983 100 40.796
      vertex 8.59509 100 41.1824
    endloop
  endfacet
  facet normal 0 -1 0
    outer loop
      vertex 0 100 180
      vertex 8.498 100 40.794
      vertex 8.4983 100 40.796
    endloop
  endfacet
  facet normal 0 -1 0
    outer loop
      vertex 0 100 180
      vertex 8.43955 100 40.3999
      vertex 8.498 100 40.794
    endloop
  endfacet
  facet normal 0 -1 0
    outer loop
      vertex 1.49013 100 6.80319
      vertex 8.43955 100 40.3999
      vertex 0 100 180
    endloop
  endfacet
  facet normal -0 -1 0
    outer loop
      vertex 1.51328 100 6.86787
      vertex 8.43955 100 40.3999
      vertex 1.49013 100 6.80319
    endloop
  endfacet
  facet normal 0 -1 0
    outer loop
      vertex 8.43955 100 40.3999
      vertex 1.51328 100 6.86787
      vertex 8.42 100 40.002
    endloop
  endfacet
  facet normal 0 -1 0
    outer loop
      vertex 8.42 100 40.002
      vertex 1.51328 100 6.86787
      vertex 8.4199 100 40
    endloop
  endfacet
  facet normal 0 -1 0
    outer loop
      vertex 8.4983 100 39.204
      vertex 8.59559 100 38.8156
      vertex 8.59509 100 38.8176
    endloop
  endfacet
  facet normal 0 -1 0
    outer loop
      vertex 8.59559 100 38.8156
      vertex 8.73048 100 38.4386
      vertex 8.59628 100 38.8137
    endloop
  endfacet
  facet normal 0 -1 0
    outer loop
      vertex 8.90167 100 38.0767
      vertex 9.10752 100 37.7332
      vertex 9.10647 100 37.735
    endloop
  endfacet
  facet normal 0 -1 0
    outer loop
      vertex 5.18648 100 12.01
      vertex 9.61356 100 37.1165
      vertex 9.34604 100 37.4116
    endloop
  endfacet
  facet normal 0 -1 0
    outer loop
      vertex 5.18648 100 12.01
      vertex 10.235 100 36.6065
      vertex 10.2332 100 36.6075
    endloop
  endfacet
  facet normal 0 -1 0
    outer loop
      vertex 5.18648 100 12.01
      vertex 10.9368 100 36.2314
      vertex 10.5767 100 36.4017
    endloop
  endfacet
  facet normal 0 -1 0
    outer loop
      vertex 6.58551 100 12.01
      vertex 12.498 100 35.92
      vertex 12.1001 100 35.9395
    endloop
  endfacet
  facet normal 0 -1 -0
    outer loop
      vertex 11.706 100 35.998
      vertex 6.58551 100 12.01
      vertex 12.1001 100 35.9395
    endloop
  endfacet
  facet normal 0 -1 -0
    outer loop
      vertex 11.704 100 35.9983
      vertex 6.58551 100 12.01
      vertex 11.706 100 35.998
    endloop
  endfacet
  facet normal 0 -1 -0
    outer loop
      vertex 11.3176 100 36.0951
      vertex 6.58551 100 12.01
      vertex 11.704 100 35.9983
    endloop
  endfacet
  facet normal 0 -1 -0
    outer loop
      vertex 11.3156 100 36.0956
      vertex 6.58551 100 12.01
      vertex 11.3176 100 36.0951
    endloop
  endfacet
  facet normal 0 -1 -0
    outer loop
      vertex 11.3137 100 36.0963
      vertex 6.58551 100 12.01
      vertex 11.3156 100 36.0956
    endloop
  endfacet
  facet normal 0 -1 -0
    outer loop
      vertex 10.9386 100 36.2305
      vertex 6.58551 100 12.01
      vertex 11.3137 100 36.0963
    endloop
  endfacet
  facet normal 0 -1 0
    outer loop
      vertex 6.58551 100 12.01
      vertex 10.9386 100 36.2305
      vertex 5.18648 100 12.01
    endloop
  endfacet
  facet normal 0 -1 -0
    outer loop
      vertex 10.9368 100 36.2314
      vertex 5.18648 100 12.01
      vertex 10.9386 100 36.2305
    endloop
  endfacet
  facet normal 0 -1 -0
    outer loop
      vertex 10.235 100 36.6065
      vertex 5.18648 100 12.01
      vertex 10.5767 100 36.4017
    endloop
  endfacet
  facet normal 0 -1 -0
    outer loop
      vertex 10.2316 100 36.6087
      vertex 5.18648 100 12.01
      vertex 10.2332 100 36.6075
    endloop
  endfacet
  facet normal 0 -1 -0
    outer loop
      vertex 9.91161 100 36.846
      vertex 5.18648 100 12.01
      vertex 10.2316 100 36.6087
    endloop
  endfacet
  facet normal 0 -1 -0
    outer loop
      vertex 9.61645 100 37.1136
      vertex 5.18648 100 12.01
      vertex 9.91161 100 36.846
    endloop
  endfacet
  facet normal 0 -1 -0
    outer loop
      vertex 9.61493 100 37.1149
      vertex 5.18648 100 12.01
      vertex 9.61645 100 37.1136
    endloop
  endfacet
  facet normal 0 -1 -0
    outer loop
      vertex 9.61356 100 37.1165
      vertex 5.18648 100 12.01
      vertex 9.61493 100 37.1149
    endloop
  endfacet
  facet normal 0 -1 -0
    outer loop
      vertex 9.10874 100 37.7316
      vertex 5.18648 100 12.01
      vertex 9.34604 100 37.4116
    endloop
  endfacet
  facet normal 0 -1 -0
    outer loop
      vertex 9.10752 100 37.7332
      vertex 5.18648 100 12.01
      vertex 9.10874 100 37.7316
    endloop
  endfacet
  facet normal 0 -1 -0
    outer loop
      vertex 8.90167 100 38.0767
      vertex 5.18648 100 12.01
      vertex 9.10752 100 37.7332
    endloop
  endfacet
  facet normal 0 -1 -0
    outer loop
      vertex 8.73136 100 38.4368
      vertex 5.18648 100 12.01
      vertex 8.90167 100 38.0767
    endloop
  endfacet
  facet normal 0 -1 -0
    outer loop
      vertex 8.73048 100 38.4386
      vertex 5.18648 100 12.01
      vertex 8.73136 100 38.4368
    endloop
  endfacet
  facet normal 0 -1 -0
    outer loop
      vertex 8.59559 100 38.8156
      vertex 5.18648 100 12.01
      vertex 8.73048 100 38.4386
    endloop
  endfacet
  facet normal 0 -1 0
    outer loop
      vertex 1.61888 100 7.04407
      vertex 8.59559 100 38.8156
      vertex 8.4983 100 39.204
    endloop
  endfacet
  facet normal 0 -1 0
    outer loop
      vertex 1.57796 100 6.98889
      vertex 8.4983 100 39.204
      vertex 8.498 100 39.206
    endloop
  endfacet
  facet normal 0 -1 0
    outer loop
      vertex 1.57796 100 6.98889
      vertex 8.498 100 39.206
      vertex 8.43955 100 39.6001
    endloop
  endfacet
  facet normal -0 -1 0
    outer loop
      vertex 1.54265 100 6.92998
      vertex 8.4199 100 40
      vertex 1.51328 100 6.86787
    endloop
  endfacet
  facet normal 0 -1 0
    outer loop
      vertex 8.59559 100 38.8156
      vertex 1.61888 100 7.04407
      vertex 5.18648 100 12.01
    endloop
  endfacet
  facet normal 0 -1 0
    outer loop
      vertex 2.36319 100 7.26985
      vertex 5.30397 100 11.6111
      vertex 2.29655 100 7.28654
    endloop
  endfacet
  facet normal 0 -1 -0
    outer loop
      vertex 5.26865 100 11.67
      vertex 2.29655 100 7.28654
      vertex 5.30397 100 11.6111
    endloop
  endfacet
  facet normal 0 -1 0
    outer loop
      vertex 2.29655 100 7.28654
      vertex 5.26865 100 11.67
      vertex 2.22861 100 7.29662
    endloop
  endfacet
  facet normal 0 -1 -0
    outer loop
      vertex 5.23927 100 11.7321
      vertex 2.22861 100 7.29662
      vertex 5.26865 100 11.67
    endloop
  endfacet
  facet normal 0 -1 0
    outer loop
      vertex 2.22861 100 7.29662
      vertex 5.23927 100 11.7321
      vertex 2.15999 100 7.29999
    endloop
  endfacet
  facet normal 0 -1 -0
    outer loop
      vertex 5.21614 100 11.7968
      vertex 2.15999 100 7.29999
      vertex 5.23927 100 11.7321
    endloop
  endfacet
  facet normal 0 -1 0
    outer loop
      vertex 2.09138 100 7.29662
      vertex 5.21614 100 11.7968
      vertex 5.19945 100 11.8634
    endloop
  endfacet
  facet normal 0 -1 0
    outer loop
      vertex 2.02342 100 7.28654
      vertex 5.19945 100 11.8634
      vertex 5.18936 100 11.9314
    endloop
  endfacet
  facet normal 0 -1 0
    outer loop
      vertex 1.95679 100 7.26985
      vertex 5.18936 100 11.9314
      vertex 5.18599 100 12
    endloop
  endfacet
  facet normal -0 -1 0
    outer loop
      vertex 1.66502 100 7.09497
      vertex 5.18648 100 12.01
      vertex 1.61888 100 7.04407
    endloop
  endfacet
  facet normal 0 -1 0
    outer loop
      vertex 5.21614 100 11.7968
      vertex 2.09138 100 7.29662
      vertex 2.15999 100 7.29999
    endloop
  endfacet
  facet normal 0 -1 0
    outer loop
      vertex 5.19945 100 11.8634
      vertex 2.02342 100 7.28654
      vertex 2.09138 100 7.29662
    endloop
  endfacet
  facet normal 0 -1 0
    outer loop
      vertex 5.18936 100 11.9314
      vertex 1.95679 100 7.26985
      vertex 2.02342 100 7.28654
    endloop
  endfacet
  facet normal 0 -1 0
    outer loop
      vertex 5.18599 100 12
      vertex 1.89212 100 7.2467
      vertex 1.95679 100 7.26985
    endloop
  endfacet
  facet normal 0 -1 0
    outer loop
      vertex 5.18648 100 12.01
      vertex 1.89212 100 7.2467
      vertex 5.18599 100 12
    endloop
  endfacet
  facet normal -0 -1 0
    outer loop
      vertex 1.89212 100 7.2467
      vertex 5.18648 100 12.01
      vertex 1.83002 100 7.21733
    endloop
  endfacet
  facet normal -0 -1 0
    outer loop
      vertex 1.83002 100 7.21733
      vertex 5.18648 100 12.01
      vertex 1.77109 100 7.18202
    endloop
  endfacet
  facet normal -0 -1 0
    outer loop
      vertex 1.77109 100 7.18202
      vertex 5.18648 100 12.01
      vertex 1.71591 100 7.1411
    endloop
  endfacet
  facet normal -0 -1 0
    outer loop
      vertex 1.71591 100 7.1411
      vertex 5.18648 100 12.01
      vertex 1.66502 100 7.09497
    endloop
  endfacet
  facet normal 0 -1 0
    outer loop
      vertex 8.4983 100 39.204
      vertex 1.57796 100 6.98889
      vertex 1.61888 100 7.04407
    endloop
  endfacet
  facet normal 0 -1 0
    outer loop
      vertex 8.43955 100 39.6001
      vertex 1.54265 100 6.92998
      vertex 1.57796 100 6.98889
    endloop
  endfacet
  facet normal 0 -1 -0
    outer loop
      vertex 8.42 100 39.998
      vertex 1.54265 100 6.92998
      vertex 8.43955 100 39.6001
    endloop
  endfacet
  facet normal 0 -1 -0
    outer loop
      vertex 8.4199 100 40
      vertex 1.54265 100 6.92998
      vertex 8.42 100 39.998
    endloop
  endfacet
  facet normal 0 -1 0
    outer loop
      vertex 0 100 180
      vertex 1.47345 100 6.73656
      vertex 1.49013 100 6.80319
    endloop
  endfacet
  facet normal 0 -1 0
    outer loop
      vertex 0 100 0
      vertex 1.47345 100 6.73656
      vertex 0 100 180
    endloop
  endfacet
  facet normal 0 -1 0
    outer loop
      vertex 1.47345 100 6.73656
      vertex 0 100 0
      vertex 1.46336 100 6.66861
    endloop
  endfacet
  facet normal 0 -1 0
    outer loop
      vertex 0 100 0
      vertex 2.15999 100 5.89999
      vertex 2.09138 100 5.90337
    endloop
  endfacet
  facet normal 0 -1 0
    outer loop
      vertex 0 100 0
      vertex 2.09138 100 5.90337
      vertex 2.02342 100 5.91344
    endloop
  endfacet
  facet normal 0 -1 0
    outer loop
      vertex 0 100 0
      vertex 2.02342 100 5.91344
      vertex 1.95679 100 5.93013
    endloop
  endfacet
  facet normal 0 -1 0
    outer loop
      vertex 0 100 0
      vertex 1.95679 100 5.93013
      vertex 1.89212 100 5.95328
    endloop
  endfacet
  facet normal 0 -1 0
    outer loop
      vertex 2.15999 100 5.89999
      vertex 10.1134 100 2.86343
      vertex 10.1125 100 2.86978
    endloop
  endfacet
  facet normal -0 -1 0
    outer loop
      vertex 10.1301 100 2.7968
      vertex 2.15999 100 5.89999
      vertex 0 100 0
    endloop
  endfacet
  facet normal 0 -1 0
    outer loop
      vertex 2.15999 100 5.89999
      vertex 10.1301 100 2.7968
      vertex 10.1134 100 2.86343
    endloop
  endfacet
  facet normal -0 -1 0
    outer loop
      vertex 10.1301 100 0.203186
      vertex 10.1301 100 2.7968
      vertex 0 100 0
    endloop
  endfacet
  facet normal 0 -1 0
    outer loop
      vertex 10.1301 100 2.7968
      vertex 10.1301 100 0.203186
      vertex 10.1533 100 2.73212
    endloop
  endfacet
  facet normal -0 -1 0
    outer loop
      vertex 10.1533 100 0.267868
      vertex 10.1533 100 2.73212
      vertex 10.1301 100 0.203186
    endloop
  endfacet
  facet normal -0 -1 0
    outer loop
      vertex 10.1826 100 0.329971
      vertex 10.1826 100 2.67001
      vertex 10.1533 100 0.267868
    endloop
  endfacet
  facet normal 0 -1 0
    outer loop
      vertex 10.1826 100 2.67001
      vertex 10.1826 100 0.329971
      vertex 10.218 100 2.6111
    endloop
  endfacet
  facet normal -0 -1 0
    outer loop
      vertex 10.218 100 0.388885
      vertex 10.218 100 2.6111
      vertex 10.1826 100 0.329971
    endloop
  endfacet
  facet normal -0 -1 0
    outer loop
      vertex 10.2589 100 0.444061
      vertex 10.2589 100 2.55592
      vertex 10.218 100 0.388885
    endloop
  endfacet
  facet normal 0 -1 0
    outer loop
      vertex 10.2589 100 2.55592
      vertex 10.2589 100 0.444061
      vertex 10.305 100 2.50502
    endloop
  endfacet
  facet normal 0 -1 0
    outer loop
      vertex 10.5968 100 2.33014
      vertex 10.6 100 0.670654
      vertex 10.6 100 2.32933
    endloop
  endfacet
  facet normal 0 -1 0
    outer loop
      vertex 10.5968 100 0.669846
      vertex 10.5968 100 2.33014
      vertex 10.5321 100 2.35327
    endloop
  endfacet
  facet normal -0 -1 0
    outer loop
      vertex 10.305 100 0.494965
      vertex 10.305 100 2.50502
      vertex 10.2589 100 0.444061
    endloop
  endfacet
  facet normal 0 -1 0
    outer loop
      vertex 0 100 0
      vertex 1.89212 100 5.95328
      vertex 1.83002 100 5.98265
    endloop
  endfacet
  facet normal 0 -1 0
    outer loop
      vertex 0 100 0
      vertex 1.83002 100 5.98265
      vertex 1.77109 100 6.01796
    endloop
  endfacet
  facet normal 0 -1 0
    outer loop
      vertex 10.5968 100 2.33014
      vertex 10.5968 100 0.669846
      vertex 10.6 100 0.670654
    endloop
  endfacet
  facet normal 0 -1 0
    outer loop
      vertex 10.5321 100 2.35327
      vertex 10.5321 100 0.646713
      vertex 10.5968 100 0.669846
    endloop
  endfacet
  facet normal 0 -1 -0
    outer loop
      vertex 10.5321 100 2.35327
      vertex 10.47 100 0.61734
      vertex 10.5321 100 0.646713
    endloop
  endfacet
  facet normal 0 -1 0
    outer loop
      vertex 10.47 100 2.38264
      vertex 10.47 100 0.61734
      vertex 10.5321 100 2.35327
    endloop
  endfacet
  facet normal -0 -1 0
    outer loop
      vertex 10.47 100 0.61734
      vertex 10.47 100 2.38264
      vertex 10.4111 100 0.582016
    endloop
  endfacet
  facet normal 0 -1 0
    outer loop
      vertex 10.4111 100 2.41797
      vertex 10.4111 100 0.582016
      vertex 10.47 100 2.38264
    endloop
  endfacet
  facet normal -0 -1 0
    outer loop
      vertex 10.4111 100 0.582016
      vertex 10.4111 100 2.41797
      vertex 10.3559 100 0.541107
    endloop
  endfacet
  facet normal 0 -1 0
    outer loop
      vertex 10.3559 100 2.45888
      vertex 10.3559 100 0.541107
      vertex 10.4111 100 2.41797
    endloop
  endfacet
  facet normal -0 -1 0
    outer loop
      vertex 10.3559 100 0.541107
      vertex 10.3559 100 2.45888
      vertex 10.305 100 0.494965
    endloop
  endfacet
  facet normal 0 -1 0
    outer loop
      vertex 10.305 100 2.50502
      vertex 10.305 100 0.494965
      vertex 10.3559 100 2.45888
    endloop
  endfacet
  facet normal 0 -1 0
    outer loop
      vertex 10.218 100 2.6111
      vertex 10.218 100 0.388885
      vertex 10.2589 100 2.55592
    endloop
  endfacet
  facet normal 0 -1 0
    outer loop
      vertex 10.1533 100 2.73212
      vertex 10.1533 100 0.267868
      vertex 10.1826 100 2.67001
    endloop
  endfacet
  facet normal 0 -1 0
    outer loop
      vertex 10.1301 100 0.203186
      vertex 0 100 0
      vertex 10.1134 100 0.136551
    endloop
  endfacet
  facet normal 0 -1 0
    outer loop
      vertex 1.46336 100 6.66861
      vertex 0 100 0
      vertex 1.45999 100 6.59999
    endloop
  endfacet
  facet normal 0 -1 0
    outer loop
      vertex 0 100 0
      vertex 1.46336 100 6.53139
      vertex 1.45999 100 6.59999
    endloop
  endfacet
  facet normal 0 -1 0
    outer loop
      vertex 0 100 0
      vertex 1.47345 100 6.46342
      vertex 1.46336 100 6.53139
    endloop
  endfacet
  facet normal 0 -1 0
    outer loop
      vertex 0 100 0
      vertex 1.49013 100 6.39679
      vertex 1.47345 100 6.46342
    endloop
  endfacet
  facet normal 0 -1 0
    outer loop
      vertex 0 100 0
      vertex 1.51328 100 6.33211
      vertex 1.49013 100 6.39679
    endloop
  endfacet
  facet normal 0 -1 0
    outer loop
      vertex 0 100 0
      vertex 1.54265 100 6.27002
      vertex 1.51328 100 6.33211
    endloop
  endfacet
  facet normal 0 -1 0
    outer loop
      vertex 0 100 0
      vertex 1.57796 100 6.21109
      vertex 1.54265 100 6.27002
    endloop
  endfacet
  facet normal 0 -1 0
    outer loop
      vertex 0 100 0
      vertex 1.61888 100 6.15591
      vertex 1.57796 100 6.21109
    endloop
  endfacet
  facet normal 0 -1 0
    outer loop
      vertex 0 100 0
      vertex 1.66502 100 6.10501
      vertex 1.61888 100 6.15591
    endloop
  endfacet
  facet normal 0 -1 0
    outer loop
      vertex 0 100 0
      vertex 1.71591 100 6.05888
      vertex 1.66502 100 6.10501
    endloop
  endfacet
  facet normal 0 -1 0
    outer loop
      vertex 0 100 0
      vertex 1.77109 100 6.01796
      vertex 1.71591 100 6.05888
    endloop
  endfacet
  facet normal 0 -1 0
    outer loop
      vertex 10.1134 100 0.136551
      vertex 0 100 0
      vertex 10.1034 100 0.0686035
    endloop
  endfacet
  facet normal 0 -1 0
    outer loop
      vertex 10.1034 100 0.0686035
      vertex 0 100 0
      vertex 10.1 100 0
    endloop
  endfacet
  facet normal 0 -1 0
    outer loop
      vertex 43.2 100 182.99
      vertex 48.114 100 191.99
      vertex 5.88599 100 191.99
    endloop
  endfacet
  facet normal 0 -1 0
    outer loop
      vertex 10.8 100 182.99
      vertex 5.88599 100 191.99
      vertex 2.15999 100 186.59
    endloop
  endfacet
  facet normal 0 -1 0
    outer loop
      vertex 43.2 100 182.99
      vertex 5.88599 100 191.99
      vertex 10.8 100 182.99
    endloop
  endfacet
  facet normal 0 -1 -0
    outer loop
      vertex 48.114 100 191.99
      vertex 43.2 100 182.99
      vertex 50 100 189.257
    endloop
  endfacet
  facet normal 0 -1 -0
    outer loop
      vertex 50 100 189.257
      vertex 43.2 100 182.99
      vertex 50 100 185.823
    endloop
  endfacet
  facet normal 0 -1 0
    outer loop
      vertex 10.8 100 180
      vertex 43.2 100 182.99
      vertex 10.8 100 182.99
    endloop
  endfacet
  facet normal 0 -1 -0
    outer loop
      vertex 43.2 100 182.99
      vertex 10.8 100 180
      vertex 43.2 100 180
    endloop
  endfacet
  facet normal 0 -1 0
    outer loop
      vertex 10.8 100 180
      vertex 12.502 100 144.08
      vertex 12.8999 100 144.06
    endloop
  endfacet
  facet normal 0 -1 0
    outer loop
      vertex 10.8 100 180
      vertex 12.8999 100 144.06
      vertex 13.294 100 144.002
    endloop
  endfacet
  facet normal 0 -1 0
    outer loop
      vertex 10.8 100 180
      vertex 13.294 100 144.002
      vertex 13.296 100 144.002
    endloop
  endfacet
  facet normal 0 -1 0
    outer loop
      vertex 10.8 100 180
      vertex 13.296 100 144.002
      vertex 13.6824 100 143.905
    endloop
  endfacet
  facet normal 0 -1 0
    outer loop
      vertex 10.8 100 180
      vertex 13.6824 100 143.905
      vertex 13.6844 100 143.904
    endloop
  endfacet
  facet normal 0 -1 0
    outer loop
      vertex 14.0614 100 143.77
      vertex 10.8 100 180
      vertex 13.6863 100 143.904
    endloop
  endfacet
  facet normal 0 -1 0
    outer loop
      vertex 14.0632 100 143.769
      vertex 10.8 100 180
      vertex 14.0614 100 143.77
    endloop
  endfacet
  facet normal 0 -1 0
    outer loop
      vertex 14.4233 100 143.598
      vertex 10.8 100 180
      vertex 14.0632 100 143.769
    endloop
  endfacet
  facet normal 0 -1 0
    outer loop
      vertex 14.765 100 143.394
      vertex 10.8 100 180
      vertex 14.4233 100 143.598
    endloop
  endfacet
  facet normal 0 -1 0
    outer loop
      vertex 10.8 100 180
      vertex 14.765 100 143.394
      vertex 43.2 100 180
    endloop
  endfacet
  facet normal 0 -1 0
    outer loop
      vertex 14.7668 100 143.392
      vertex 43.2 100 180
      vertex 14.765 100 143.394
    endloop
  endfacet
  facet normal 0 -1 0
    outer loop
      vertex 14.7684 100 143.391
      vertex 43.2 100 180
      vertex 14.7668 100 143.392
    endloop
  endfacet
  facet normal 0 -1 0
    outer loop
      vertex 15.0884 100 143.154
      vertex 43.2 100 180
      vertex 14.7684 100 143.391
    endloop
  endfacet
  facet normal 0 -1 0
    outer loop
      vertex 15.3835 100 142.886
      vertex 43.2 100 180
      vertex 15.0884 100 143.154
    endloop
  endfacet
  facet normal 0 -1 0
    outer loop
      vertex 15.3851 100 142.885
      vertex 43.2 100 180
      vertex 15.3835 100 142.886
    endloop
  endfacet
  facet normal 0 -1 0
    outer loop
      vertex 15.3864 100 142.884
      vertex 43.2 100 180
      vertex 15.3851 100 142.885
    endloop
  endfacet
  facet normal 0 -1 0
    outer loop
      vertex 15.654 100 142.588
      vertex 43.2 100 180
      vertex 15.3864 100 142.884
    endloop
  endfacet
  facet normal 0 -1 0
    outer loop
      vertex 15.8913 100 142.268
      vertex 43.2 100 180
      vertex 15.654 100 142.588
    endloop
  endfacet
  facet normal 0 -1 0
    outer loop
      vertex 15.8925 100 142.267
      vertex 43.2 100 180
      vertex 15.8913 100 142.268
    endloop
  endfacet
  facet normal 0 -1 0
    outer loop
      vertex 15.8935 100 142.265
      vertex 43.2 100 180
      vertex 15.8925 100 142.267
    endloop
  endfacet
  facet normal 0 -1 0
    outer loop
      vertex 16.0983 100 141.923
      vertex 43.2 100 180
      vertex 15.8935 100 142.265
    endloop
  endfacet
  facet normal 0 -1 0
    outer loop
      vertex 16.2686 100 141.563
      vertex 43.2 100 180
      vertex 16.0983 100 141.923
    endloop
  endfacet
  facet normal 0 -1 0
    outer loop
      vertex 16.2695 100 141.561
      vertex 43.2 100 180
      vertex 16.2686 100 141.563
    endloop
  endfacet
  facet normal 0 -1 0
    outer loop
      vertex 16.4037 100 141.186
      vertex 43.2 100 180
      vertex 16.2695 100 141.561
    endloop
  endfacet
  facet normal 0 -1 0
    outer loop
      vertex 16.4044 100 141.184
      vertex 43.2 100 180
      vertex 16.4037 100 141.186
    endloop
  endfacet
  facet normal 0 -1 -0
    outer loop
      vertex 43.2 100 180
      vertex 16.4044 100 141.184
      vertex 50 100 180
    endloop
  endfacet
  facet normal 0 -1 0
    outer loop
      vertex 16.4049 100 141.182
      vertex 50 100 180
      vertex 16.4044 100 141.184
    endloop
  endfacet
  facet normal 0 -1 0
    outer loop
      vertex 16.5017 100 140.796
      vertex 50 100 180
      vertex 16.4049 100 141.182
    endloop
  endfacet
  facet normal 0 -1 0
    outer loop
      vertex 16.502 100 140.794
      vertex 50 100 180
      vertex 16.5017 100 140.796
    endloop
  endfacet
  facet normal 0 -1 0
    outer loop
      vertex 16.5605 100 140.4
      vertex 50 100 180
      vertex 16.502 100 140.794
    endloop
  endfacet
  facet normal 0 -1 0
    outer loop
      vertex 16.58 100 140.002
      vertex 50 100 180
      vertex 16.5605 100 140.4
    endloop
  endfacet
  facet normal 0 -1 0
    outer loop
      vertex 16.5801 100 140
      vertex 50 100 180
      vertex 16.58 100 140.002
    endloop
  endfacet
  facet normal 0 -1 0
    outer loop
      vertex 16.58 100 139.998
      vertex 50 100 180
      vertex 16.5801 100 140
    endloop
  endfacet
  facet normal 0 -1 0
    outer loop
      vertex 16.5605 100 139.6
      vertex 50 100 180
      vertex 16.58 100 139.998
    endloop
  endfacet
  facet normal 0 -1 0
    outer loop
      vertex 16.502 100 139.206
      vertex 50 100 180
      vertex 16.5605 100 139.6
    endloop
  endfacet
  facet normal 0 -1 0
    outer loop
      vertex 16.5017 100 139.204
      vertex 50 100 180
      vertex 16.502 100 139.206
    endloop
  endfacet
  facet normal 0 -1 0
    outer loop
      vertex 16.4049 100 138.818
      vertex 50 100 180
      vertex 16.5017 100 139.204
    endloop
  endfacet
  facet normal 0 -1 0
    outer loop
      vertex 16.4044 100 138.816
      vertex 50 100 180
      vertex 16.4049 100 138.818
    endloop
  endfacet
  facet normal 0 -1 0
    outer loop
      vertex 16.4037 100 138.814
      vertex 50 100 180
      vertex 16.4044 100 138.816
    endloop
  endfacet
  facet normal 0 -1 0
    outer loop
      vertex 16.2695 100 138.439
      vertex 50 100 180
      vertex 16.4037 100 138.814
    endloop
  endfacet
  facet normal 0 -1 0
    outer loop
      vertex 48.8135 100 12.01
      vertex 16.2695 100 138.439
      vertex 16.2686 100 138.437
    endloop
  endfacet
  facet normal 0 -1 0
    outer loop
      vertex 48.8135 100 12.01
      vertex 16.2686 100 138.437
      vertex 16.0983 100 138.077
    endloop
  endfacet
  facet normal 0 -1 0
    outer loop
      vertex 48.8135 100 12.01
      vertex 16.0983 100 138.077
      vertex 15.8935 100 137.735
    endloop
  endfacet
  facet normal 0 -1 0
    outer loop
      vertex 48.8135 100 12.01
      vertex 15.8935 100 137.735
      vertex 15.8925 100 137.733
    endloop
  endfacet
  facet normal 0 -1 0
    outer loop
      vertex 15.8925 100 42.2668
      vertex 15.8925 100 137.733
      vertex 15.8913 100 137.732
    endloop
  endfacet
  facet normal 0 -1 0
    outer loop
      vertex 15.8925 100 42.2668
      vertex 15.8913 100 137.732
      vertex 15.654 100 137.412
    endloop
  endfacet
  facet normal 0 1 0
    outer loop
      vertex 15.3851 100 137.115
      vertex 15.654 100 137.412
      vertex 15.3864 100 137.116
    endloop
  endfacet
  facet normal 0 -1 0
    outer loop
      vertex 15.0884 100 136.846
      vertex 15.3851 100 137.115
      vertex 15.3835 100 137.114
    endloop
  endfacet
  facet normal 0 1 0
    outer loop
      vertex 13.6844 100 136.096
      vertex 14.0614 100 136.23
      vertex 13.6863 100 136.096
    endloop
  endfacet
  facet normal 0 1 0
    outer loop
      vertex 13.296 100 135.998
      vertex 13.6844 100 136.096
      vertex 13.6824 100 136.095
    endloop
  endfacet
  facet normal 0 -1 0
    outer loop
      vertex 12.8999 100 135.94
      vertex 13.296 100 135.998
      vertex 13.294 100 135.998
    endloop
  endfacet
  facet normal 0 -1 0
    outer loop
      vertex 12.5 100 44.0801
      vertex 12.502 100 135.92
      vertex 12.5 100 135.92
    endloop
  endfacet
  facet normal 0 -1 0
    outer loop
      vertex 12.5 100 44.0801
      vertex 12.8999 100 135.94
      vertex 12.502 100 135.92
    endloop
  endfacet
  facet normal 0 -1 0
    outer loop
      vertex 12.502 100 44.08
      vertex 12.8999 100 135.94
      vertex 12.5 100 44.0801
    endloop
  endfacet
  facet normal 0 -1 0
    outer loop
      vertex 12.8999 100 44.0605
      vertex 12.8999 100 135.94
      vertex 12.502 100 44.08
    endloop
  endfacet
  facet normal 0 -1 0
    outer loop
      vertex 12.8999 100 135.94
      vertex 12.8999 100 44.0605
      vertex 13.296 100 135.998
    endloop
  endfacet
  facet normal 0 -1 0
    outer loop
      vertex 13.294 100 44.002
      vertex 13.296 100 135.998
      vertex 12.8999 100 44.0605
    endloop
  endfacet
  facet normal 0 -1 0
    outer loop
      vertex 13.296 100 44.0017
      vertex 13.296 100 135.998
      vertex 13.294 100 44.002
    endloop
  endfacet
  facet normal 0 -1 0
    outer loop
      vertex 13.296 100 135.998
      vertex 13.296 100 44.0017
      vertex 13.6844 100 136.096
    endloop
  endfacet
  facet normal 0 -1 0
    outer loop
      vertex 13.6824 100 43.9049
      vertex 13.6844 100 136.096
      vertex 13.296 100 44.0017
    endloop
  endfacet
  facet normal 0 -1 0
    outer loop
      vertex 13.6844 100 43.9044
      vertex 13.6844 100 136.096
      vertex 13.6824 100 43.9049
    endloop
  endfacet
  facet normal 0 -1 0
    outer loop
      vertex 13.6844 100 136.096
      vertex 13.6844 100 43.9044
      vertex 14.0614 100 136.23
    endloop
  endfacet
  facet normal 0 -1 0
    outer loop
      vertex 13.6863 100 43.9037
      vertex 14.0614 100 136.23
      vertex 13.6844 100 43.9044
    endloop
  endfacet
  facet normal 0 -1 0
    outer loop
      vertex 14.0614 100 43.7695
      vertex 14.0614 100 136.23
      vertex 13.6863 100 43.9037
    endloop
  endfacet
  facet normal 0 -1 0
    outer loop
      vertex 14.0614 100 136.23
      vertex 14.0614 100 43.7695
      vertex 14.0632 100 136.231
    endloop
  endfacet
  facet normal 0 -1 -0
    outer loop
      vertex 14.0632 100 136.231
      vertex 14.0614 100 43.7695
      vertex 14.4233 100 136.402
    endloop
  endfacet
  facet normal 0 -1 0
    outer loop
      vertex 14.0632 100 43.7686
      vertex 14.4233 100 136.402
      vertex 14.0614 100 43.7695
    endloop
  endfacet
  facet normal 0 -1 0
    outer loop
      vertex 14.4233 100 43.5983
      vertex 14.4233 100 136.402
      vertex 14.0632 100 43.7686
    endloop
  endfacet
  facet normal 0 -1 0
    outer loop
      vertex 14.4233 100 136.402
      vertex 14.4233 100 43.5983
      vertex 14.765 100 136.606
    endloop
  endfacet
  facet normal 0 -1 -0
    outer loop
      vertex 14.765 100 136.606
      vertex 14.4233 100 43.5983
      vertex 14.7668 100 136.608
    endloop
  endfacet
  facet normal 0 -1 0
    outer loop
      vertex 14.765 100 43.3935
      vertex 14.7668 100 136.608
      vertex 14.4233 100 43.5983
    endloop
  endfacet
  facet normal 0 -1 0
    outer loop
      vertex 14.7668 100 43.3925
      vertex 14.7668 100 136.608
      vertex 14.765 100 43.3935
    endloop
  endfacet
  facet normal 0 -1 0
    outer loop
      vertex 14.7668 100 136.608
      vertex 14.7668 100 43.3925
      vertex 14.7684 100 136.609
    endloop
  endfacet
  facet normal 0 -1 -0
    outer loop
      vertex 14.7684 100 136.609
      vertex 14.7668 100 43.3925
      vertex 15.0884 100 136.846
    endloop
  endfacet
  facet normal 0 -1 0
    outer loop
      vertex 14.7684 100 43.3913
      vertex 15.0884 100 136.846
      vertex 14.7668 100 43.3925
    endloop
  endfacet
  facet normal 0 -1 0
    outer loop
      vertex 15.0884 100 43.154
      vertex 15.0884 100 136.846
      vertex 14.7684 100 43.3913
    endloop
  endfacet
  facet normal 0 -1 0
    outer loop
      vertex 15.0884 100 136.846
      vertex 15.0884 100 43.154
      vertex 15.3851 100 137.115
    endloop
  endfacet
  facet normal 0 -1 0
    outer loop
      vertex 15.3835 100 42.8864
      vertex 15.3851 100 137.115
      vertex 15.0884 100 43.154
    endloop
  endfacet
  facet normal 0 -1 0
    outer loop
      vertex 15.3851 100 42.8851
      vertex 15.3851 100 137.115
      vertex 15.3835 100 42.8864
    endloop
  endfacet
  facet normal 0 -1 0
    outer loop
      vertex 15.3851 100 137.115
      vertex 15.3851 100 42.8851
      vertex 15.654 100 137.412
    endloop
  endfacet
  facet normal 0 -1 0
    outer loop
      vertex 15.3864 100 42.8835
      vertex 15.654 100 137.412
      vertex 15.3851 100 42.8851
    endloop
  endfacet
  facet normal 0 -1 0
    outer loop
      vertex 15.654 100 42.5884
      vertex 15.654 100 137.412
      vertex 15.3864 100 42.8835
    endloop
  endfacet
  facet normal 0 -1 0
    outer loop
      vertex 15.8913 100 42.2684
      vertex 15.654 100 137.412
      vertex 15.654 100 42.5884
    endloop
  endfacet
  facet normal 0 -1 0
    outer loop
      vertex 15.8925 100 42.2668
      vertex 15.654 100 137.412
      vertex 15.8913 100 42.2684
    endloop
  endfacet
  facet normal 0 -1 0
    outer loop
      vertex 15.8925 100 137.733
      vertex 15.8925 100 42.2668
      vertex 48.8135 100 12.01
    endloop
  endfacet
  facet normal 0 -1 0
    outer loop
      vertex 48.8135 100 12.01
      vertex 15.8925 100 42.2668
      vertex 15.8935 100 42.265
    endloop
  endfacet
  facet normal 0 -1 0
    outer loop
      vertex 48.8135 100 12.01
      vertex 15.8935 100 42.265
      vertex 16.0983 100 41.9233
    endloop
  endfacet
  facet normal 0 -1 0
    outer loop
      vertex 48.8135 100 12.01
      vertex 16.0983 100 41.9233
      vertex 16.2686 100 41.5632
    endloop
  endfacet
  facet normal 0 -1 0
    outer loop
      vertex 48.8135 100 12.01
      vertex 16.2686 100 41.5632
      vertex 16.2695 100 41.5614
    endloop
  endfacet
  facet normal 0 -1 0
    outer loop
      vertex 48.8135 100 12.01
      vertex 16.2695 100 41.5614
      vertex 16.4037 100 41.1863
    endloop
  endfacet
  facet normal 0 -1 0
    outer loop
      vertex 48.8135 100 12.01
      vertex 16.4037 100 41.1863
      vertex 16.4044 100 41.1844
    endloop
  endfacet
  facet normal 0 -1 0
    outer loop
      vertex 48.8135 100 12.01
      vertex 16.4044 100 41.1844
      vertex 16.4049 100 41.1824
    endloop
  endfacet
  facet normal 0 -1 0
    outer loop
      vertex 48.8135 100 12.01
      vertex 16.4049 100 41.1824
      vertex 16.5017 100 40.796
    endloop
  endfacet
  facet normal 0 -1 0
    outer loop
      vertex 48.8135 100 12.01
      vertex 16.5017 100 40.796
      vertex 16.502 100 40.794
    endloop
  endfacet
  facet normal 0 -1 0
    outer loop
      vertex 48.8135 100 12.01
      vertex 16.502 100 40.794
      vertex 16.5605 100 40.3999
    endloop
  endfacet
  facet normal 0 -1 0
    outer loop
      vertex 47.4145 100 12.01
      vertex 16.5605 100 40.3999
      vertex 16.58 100 40.002
    endloop
  endfacet
  facet normal 0 -1 0
    outer loop
      vertex 47.4145 100 12.01
      vertex 16.58 100 40.002
      vertex 16.5801 100 40
    endloop
  endfacet
  facet normal 0 -1 0
    outer loop
      vertex 47.4145 100 12.01
      vertex 16.5801 100 40
      vertex 16.58 100 39.998
    endloop
  endfacet
  facet normal 0 -1 0
    outer loop
      vertex 47.4145 100 12.01
      vertex 16.58 100 39.998
      vertex 16.5605 100 39.6001
    endloop
  endfacet
  facet normal 0 -1 0
    outer loop
      vertex 47.4145 100 12.01
      vertex 16.5605 100 39.6001
      vertex 16.502 100 39.206
    endloop
  endfacet
  facet normal 0 -1 0
    outer loop
      vertex 47.4145 100 12.01
      vertex 16.502 100 39.206
      vertex 16.5017 100 39.204
    endloop
  endfacet
  facet normal 0 -1 0
    outer loop
      vertex 15.8925 100 37.7332
      vertex 16.0983 100 38.0767
      vertex 15.8935 100 37.735
    endloop
  endfacet
  facet normal 0 -1 0
    outer loop
      vertex 15.3851 100 37.1149
      vertex 15.654 100 37.4116
      vertex 15.3864 100 37.1165
    endloop
  endfacet
  facet normal 0 -1 0
    outer loop
      vertex 14.4233 100 36.4017
      vertex 14.7668 100 36.6075
      vertex 14.765 100 36.6065
    endloop
  endfacet
  facet normal 0 -1 0
    outer loop
      vertex 6.58551 100 12.01
      vertex 14.0632 100 36.2314
      vertex 14.0614 100 36.2305
    endloop
  endfacet
  facet normal 0 -1 0
    outer loop
      vertex 6.58551 100 12.01
      vertex 12.502 100 35.92
      vertex 12.5 100 35.9199
    endloop
  endfacet
  facet normal 0 -1 -0
    outer loop
      vertex 12.498 100 35.92
      vertex 6.58551 100 12.01
      vertex 12.5 100 35.9199
    endloop
  endfacet
  facet normal 0 -1 -0
    outer loop
      vertex 12.502 100 35.92
      vertex 6.58551 100 12.01
      vertex 12.8999 100 35.9395
    endloop
  endfacet
  facet normal 0 -1 -0
    outer loop
      vertex 12.8999 100 35.9395
      vertex 6.58551 100 12.01
      vertex 13.294 100 35.998
    endloop
  endfacet
  facet normal 0 -1 -0
    outer loop
      vertex 13.294 100 35.998
      vertex 6.58551 100 12.01
      vertex 13.296 100 35.9983
    endloop
  endfacet
  facet normal 0 -1 -0
    outer loop
      vertex 13.296 100 35.9983
      vertex 6.58551 100 12.01
      vertex 13.6824 100 36.0951
    endloop
  endfacet
  facet normal 0 -1 -0
    outer loop
      vertex 13.6824 100 36.0951
      vertex 6.58551 100 12.01
      vertex 13.6844 100 36.0956
    endloop
  endfacet
  facet normal 0 -1 -0
    outer loop
      vertex 13.6844 100 36.0956
      vertex 6.58551 100 12.01
      vertex 13.6863 100 36.0963
    endloop
  endfacet
  facet normal 0 -1 -0
    outer loop
      vertex 13.6863 100 36.0963
      vertex 6.58551 100 12.01
      vertex 14.0614 100 36.2305
    endloop
  endfacet
  facet normal 0 -1 -0
    outer loop
      vertex 14.0632 100 36.2314
      vertex 6.58551 100 12.01
      vertex 14.4233 100 36.4017
    endloop
  endfacet
  facet normal 0 -1 -0
    outer loop
      vertex 14.4233 100 36.4017
      vertex 6.58551 100 12.01
      vertex 14.7668 100 36.6075
    endloop
  endfacet
  facet normal 0 -1 0
    outer loop
      vertex 47.4145 100 12.01
      vertex 14.7668 100 36.6075
      vertex 6.58551 100 12.01
    endloop
  endfacet
  facet normal 0 -1 0
    outer loop
      vertex 14.7668 100 36.6075
      vertex 47.4145 100 12.01
      vertex 14.7684 100 36.6087
    endloop
  endfacet
  facet normal 0 -1 0
    outer loop
      vertex 14.7684 100 36.6087
      vertex 47.4145 100 12.01
      vertex 15.0884 100 36.846
    endloop
  endfacet
  facet normal 0 -1 0
    outer loop
      vertex 15.0884 100 36.846
      vertex 47.4145 100 12.01
      vertex 15.3835 100 37.1136
    endloop
  endfacet
  facet normal 0 -1 0
    outer loop
      vertex 15.3835 100 37.1136
      vertex 47.4145 100 12.01
      vertex 15.3851 100 37.1149
    endloop
  endfacet
  facet normal 0 -1 0
    outer loop
      vertex 15.3851 100 37.1149
      vertex 47.4145 100 12.01
      vertex 15.654 100 37.4116
    endloop
  endfacet
  facet normal 0 -1 0
    outer loop
      vertex 15.654 100 37.4116
      vertex 47.4145 100 12.01
      vertex 15.8913 100 37.7316
    endloop
  endfacet
  facet normal 0 -1 0
    outer loop
      vertex 15.8913 100 37.7316
      vertex 47.4145 100 12.01
      vertex 15.8925 100 37.7332
    endloop
  endfacet
  facet normal 0 -1 0
    outer loop
      vertex 15.8925 100 37.7332
      vertex 47.4145 100 12.01
      vertex 16.0983 100 38.0767
    endloop
  endfacet
  facet normal 0 -1 0
    outer loop
      vertex 16.0983 100 38.0767
      vertex 47.4145 100 12.01
      vertex 16.2686 100 38.4368
    endloop
  endfacet
  facet normal 0 -1 0
    outer loop
      vertex 16.2686 100 38.4368
      vertex 47.4145 100 12.01
      vertex 16.2695 100 38.4386
    endloop
  endfacet
  facet normal 0 -1 0
    outer loop
      vertex 47.4145 100 12.01
      vertex 16.4037 100 38.8137
      vertex 16.2695 100 38.4386
    endloop
  endfacet
  facet normal 0 -1 0
    outer loop
      vertex 47.4145 100 12.01
      vertex 16.4044 100 38.8156
      vertex 16.4037 100 38.8137
    endloop
  endfacet
  facet normal 0 -1 0
    outer loop
      vertex 47.4145 100 12.01
      vertex 16.4049 100 38.8176
      vertex 16.4044 100 38.8156
    endloop
  endfacet
  facet normal 0 -1 0
    outer loop
      vertex 47.4145 100 12.01
      vertex 16.5017 100 39.204
      vertex 16.4049 100 38.8176
    endloop
  endfacet
  facet normal 0 -1 0
    outer loop
      vertex 16.5605 100 40.3999
      vertex 47.4145 100 12.01
      vertex 48.8135 100 12.01
    endloop
  endfacet
  facet normal 0 -1 0
    outer loop
      vertex 16.2695 100 138.439
      vertex 48.8135 100 12.01
      vertex 50 100 180
    endloop
  endfacet
  facet normal 0 -1 0
    outer loop
      vertex 50 100 9.41881
      vertex 48.8135 100 12.01
      vertex 48.814 100 12
    endloop
  endfacet
  facet normal 0 -1 0
    outer loop
      vertex 48.8135 100 12.01
      vertex 50 100 9.41881
      vertex 50 100 180
    endloop
  endfacet
  facet normal 0 -1 0
    outer loop
      vertex 48.8106 100 11.9314
      vertex 50 100 9.41881
      vertex 48.814 100 12
    endloop
  endfacet
  facet normal 0 -1 0
    outer loop
      vertex 48.8005 100 11.8634
      vertex 50 100 9.41881
      vertex 48.8106 100 11.9314
    endloop
  endfacet
  facet normal 0 -1 0
    outer loop
      vertex 48.7838 100 11.7968
      vertex 50 100 9.41881
      vertex 48.8005 100 11.8634
    endloop
  endfacet
  facet normal 0 -1 0
    outer loop
      vertex 48.7607 100 11.7321
      vertex 50 100 9.41881
      vertex 48.7838 100 11.7968
    endloop
  endfacet
  facet normal 0 -1 0
    outer loop
      vertex 48.7313 100 11.67
      vertex 50 100 9.41881
      vertex 48.7607 100 11.7321
    endloop
  endfacet
  facet normal 0 -1 0
    outer loop
      vertex 48.696 100 11.6111
      vertex 50 100 9.41881
      vertex 48.7313 100 11.67
    endloop
  endfacet
  facet normal 0 -1 0
    outer loop
      vertex 48.6551 100 11.5559
      vertex 50 100 9.41881
      vertex 48.696 100 11.6111
    endloop
  endfacet
  facet normal 0 -1 0
    outer loop
      vertex 48.609 100 11.505
      vertex 50 100 9.41881
      vertex 48.6551 100 11.5559
    endloop
  endfacet
  facet normal 0 -1 0
    outer loop
      vertex 50 100 9.41881
      vertex 48.609 100 11.505
      vertex 48.5792 100 11.478
    endloop
  endfacet
  facet normal 0 -1 -0
    outer loop
      vertex 5.30397 100 11.6111
      vertex 2.36319 100 7.26985
      vertex 5.34488 100 11.5559
    endloop
  endfacet
  facet normal 0 -1 0
    outer loop
      vertex 2.42787 100 7.2467
      vertex 5.34488 100 11.5559
      vertex 2.36319 100 7.26985
    endloop
  endfacet
  facet normal 0 -1 -0
    outer loop
      vertex 5.34488 100 11.5559
      vertex 2.42787 100 7.2467
      vertex 5.39102 100 11.505
    endloop
  endfacet
  facet normal 0 -1 0
    outer loop
      vertex 2.48318 100 7.22055
      vertex 5.39102 100 11.505
      vertex 2.42787 100 7.2467
    endloop
  endfacet
  facet normal 0 -1 -0
    outer loop
      vertex 5.39102 100 11.505
      vertex 2.48318 100 7.22055
      vertex 5.42082 100 11.478
    endloop
  endfacet
  facet normal 0 -1 0
    outer loop
      vertex 2.54889 100 6.01796
      vertex 10.1125 100 2.86978
      vertex 2.55176 100 6.0201
    endloop
  endfacet
  facet normal 0 -1 0
    outer loop
      vertex 2.48997 100 5.98265
      vertex 10.1125 100 2.86978
      vertex 2.54889 100 6.01796
    endloop
  endfacet
  facet normal 0 -1 0
    outer loop
      vertex 2.42787 100 5.95328
      vertex 10.1125 100 2.86978
      vertex 2.48997 100 5.98265
    endloop
  endfacet
  facet normal 0 -1 0
    outer loop
      vertex 2.36319 100 5.93013
      vertex 10.1125 100 2.86978
      vertex 2.42787 100 5.95328
    endloop
  endfacet
  facet normal 0 -1 0
    outer loop
      vertex 2.29655 100 5.91344
      vertex 10.1125 100 2.86978
      vertex 2.36319 100 5.93013
    endloop
  endfacet
  facet normal 0 -1 0
    outer loop
      vertex 2.22861 100 5.90337
      vertex 10.1125 100 2.86978
      vertex 2.29655 100 5.91344
    endloop
  endfacet
  facet normal 0 -1 0
    outer loop
      vertex 10.1125 100 2.86978
      vertex 2.22861 100 5.90337
      vertex 2.15999 100 5.89999
    endloop
  endfacet
  facet normal 0 -1 0
    outer loop
      vertex 50 100 0
      vertex 43.8875 100 2.86978
      vertex 43.8865 100 2.86343
    endloop
  endfacet
  facet normal 0 -1 0
    outer loop
      vertex 50 100 0
      vertex 43.8865 100 2.86343
      vertex 43.8699 100 2.7968
    endloop
  endfacet
  facet normal 0 -1 0
    outer loop
      vertex 50 100 0
      vertex 43.8699 100 2.7968
      vertex 43.8467 100 2.73212
    endloop
  endfacet
  facet normal 0 -1 0
    outer loop
      vertex 43.8467 100 0.267868
      vertex 43.8467 100 2.73212
      vertex 43.8173 100 2.67001
    endloop
  endfacet
  facet normal 0 -1 0
    outer loop
      vertex 43.8173 100 0.329971
      vertex 43.8173 100 2.67001
      vertex 43.782 100 2.6111
    endloop
  endfacet
  facet normal 0 -1 0
    outer loop
      vertex 43.782 100 0.388885
      vertex 43.782 100 2.6111
      vertex 43.7411 100 2.55592
    endloop
  endfacet
  facet normal 0 -1 0
    outer loop
      vertex 43.7411 100 0.444061
      vertex 43.7411 100 2.55592
      vertex 43.695 100 2.50502
    endloop
  endfacet
  facet normal 0 -1 0
    outer loop
      vertex 43.695 100 0.494965
      vertex 43.695 100 2.50502
      vertex 43.6441 100 2.45888
    endloop
  endfacet
  facet normal 0 -1 0
    outer loop
      vertex 43.6441 100 0.541107
      vertex 43.6441 100 2.45888
      vertex 43.5889 100 2.41797
    endloop
  endfacet
  facet normal 0 -1 0
    outer loop
      vertex 43.5889 100 0.582016
      vertex 43.5889 100 2.41797
      vertex 43.53 100 2.38264
    endloop
  endfacet
  facet normal 0 -1 0
    outer loop
      vertex 43.53 100 0.61734
      vertex 43.53 100 2.38264
      vertex 43.4679 100 2.35327
    endloop
  endfacet
  facet normal 0 -1 0
    outer loop
      vertex 43.4 100 0.670654
      vertex 43.4032 100 2.33014
      vertex 43.4 100 2.32933
    endloop
  endfacet
  facet normal 0 -1 0
    outer loop
      vertex 43.4032 100 0.669846
      vertex 43.4032 100 2.33014
      vertex 43.4 100 0.670654
    endloop
  endfacet
  facet normal 0 -1 0
    outer loop
      vertex 43.4032 100 2.33014
      vertex 43.4032 100 0.669846
      vertex 43.4679 100 2.35327
    endloop
  endfacet
  facet normal 0 -1 0
    outer loop
      vertex 43.4679 100 0.646713
      vertex 43.4679 100 2.35327
      vertex 43.4032 100 0.669846
    endloop
  endfacet
  facet normal 0 -1 0
    outer loop
      vertex 43.53 100 0.61734
      vertex 43.4679 100 2.35327
      vertex 43.4679 100 0.646713
    endloop
  endfacet
  facet normal 0 -1 0
    outer loop
      vertex 43.53 100 2.38264
      vertex 43.53 100 0.61734
      vertex 43.5889 100 0.582016
    endloop
  endfacet
  facet normal 0 -1 0
    outer loop
      vertex 43.5889 100 2.41797
      vertex 43.5889 100 0.582016
      vertex 43.6441 100 0.541107
    endloop
  endfacet
  facet normal 0 -1 0
    outer loop
      vertex 43.6441 100 2.45888
      vertex 43.6441 100 0.541107
      vertex 43.695 100 0.494965
    endloop
  endfacet
  facet normal 0 -1 0
    outer loop
      vertex 43.695 100 2.50502
      vertex 43.695 100 0.494965
      vertex 43.7411 100 0.444061
    endloop
  endfacet
  facet normal 0 -1 0
    outer loop
      vertex 43.7411 100 2.55592
      vertex 43.7411 100 0.444061
      vertex 43.782 100 0.388885
    endloop
  endfacet
  facet normal 0 -1 0
    outer loop
      vertex 43.782 100 2.6111
      vertex 43.782 100 0.388885
      vertex 43.8173 100 0.329971
    endloop
  endfacet
  facet normal 0 -1 0
    outer loop
      vertex 43.8173 100 2.67001
      vertex 43.8173 100 0.329971
      vertex 43.8467 100 0.267868
    endloop
  endfacet
  facet normal 0 -1 0
    outer loop
      vertex 43.8467 100 2.73212
      vertex 43.8467 100 0.267868
      vertex 50 100 0
    endloop
  endfacet
  facet normal 0 -1 0
    outer loop
      vertex 50 100 0
      vertex 43.8467 100 0.267868
      vertex 43.8699 100 0.203186
    endloop
  endfacet
  facet normal 0 -1 0
    outer loop
      vertex 50 100 0
      vertex 43.8699 100 0.203186
      vertex 43.8865 100 0.136551
    endloop
  endfacet
  facet normal 0 -1 0
    outer loop
      vertex 50 100 0
      vertex 43.8865 100 0.136551
      vertex 43.8966 100 0.0686035
    endloop
  endfacet
  facet normal 0 -1 0
    outer loop
      vertex 50 100 0
      vertex 43.8966 100 0.0686035
      vertex 43.9 100 0
    endloop
  endfacet
  facet normal 0 -1 0
    outer loop
      vertex 43.8875 100 2.86978
      vertex 50 100 0
      vertex 50 100 5.41667
    endloop
  endfacet
  facet normal -1 0 0
    outer loop
      vertex 50 0 185.823
      vertex 50 100 189.257
      vertex 50 100 185.823
    endloop
  endfacet
  facet normal -1 -0 0
    outer loop
      vertex 50 100 189.257
      vertex 50 0 185.823
      vertex 50 0 189.257
    endloop
  endfacet
  facet normal 0.384758 0 -0.923018
    outer loop
      vertex 50 100 185.823
      vertex 51.84 103.549 186.59
      vertex 51.84 0 186.59
    endloop
  endfacet
  facet normal 0.384899 -8.5605e-05 -0.922959
    outer loop
      vertex 51.84 103.549 186.59
      vertex 50 100 185.823
      vertex 51.5307 103.696 186.461
    endloop
  endfacet
  facet normal 0.384629 4.53267e-05 -0.923071
    outer loop
      vertex 51.5307 103.696 186.461
      vertex 50 100 185.823
      vertex 51.1611 103.828 186.307
    endloop
  endfacet
  facet normal 0.385345 -0.000209616 -0.922772
    outer loop
      vertex 51.1611 103.828 186.307
      vertex 50 100 185.823
      vertex 50.7804 103.923 186.148
    endloop
  endfacet
  facet normal 0.384758 0 -0.923018
    outer loop
      vertex 50 100 185.823
      vertex 51.84 0 186.59
      vertex 50 0 185.823
    endloop
  endfacet
  facet normal 0.383052 0.00032572 -0.923727
    outer loop
      vertex 50.7804 103.923 186.148
      vertex 50 100 185.823
      vertex 50.3921 103.981 185.987
    endloop
  endfacet
  facet normal 0.385868 0 -0.922554
    outer loop
      vertex 50 100 185.823
      vertex 50 104 185.823
      vertex 50.3921 103.981 185.987
    endloop
  endfacet
  facet normal 0.384577 0 -0.923093
    outer loop
      vertex 43.2 100 182.99
      vertex 50 104 185.823
      vertex 50 100 185.823
    endloop
  endfacet
  facet normal 0.384577 0 -0.923093
    outer loop
      vertex 50 104 185.823
      vertex 43.2 100 182.99
      vertex 43.2 104 182.99
    endloop
  endfacet
  facet normal 0.823048 -0 0.567972
    outer loop
      vertex 50 100 189.257
      vertex 50 104 189.257
      vertex 48.114 104 191.99
    endloop
  endfacet
  facet normal 0.823425 0 0.567425
    outer loop
      vertex 50 104 189.257
      vertex 50 100 189.257
      vertex 50.3921 103.981 188.688
    endloop
  endfacet
  facet normal 0.822734 0.00021109 0.568426
    outer loop
      vertex 50.3921 103.981 188.688
      vertex 50 100 189.257
      vertex 50.7804 103.923 188.126
    endloop
  endfacet
  facet normal 0.823199 -7.57305e-05 0.567752
    outer loop
      vertex 50.7804 103.923 188.126
      vertex 50 100 189.257
      vertex 51.1611 103.828 187.574
    endloop
  endfacet
  facet normal 0.823239 -0.000113242 0.567694
    outer loop
      vertex 51.1611 103.828 187.574
      vertex 50 100 189.257
      vertex 51.5307 103.696 187.038
    endloop
  endfacet
  facet normal 0.823048 0 0.567972
    outer loop
      vertex 50 100 189.257
      vertex 48.114 104 191.99
      vertex 48.114 100 191.99
    endloop
  endfacet
  facet normal 0.822963 0.000242114 0.568095
    outer loop
      vertex 51.5307 103.696 187.038
      vertex 50 100 189.257
      vertex 51.84 103.549 186.59
    endloop
  endfacet
  facet normal 0.823113 0 0.567877
    outer loop
      vertex 51.84 0 186.59
      vertex 50 100 189.257
      vertex 50 0 189.257
    endloop
  endfacet
  facet normal 0.823113 0 0.567877
    outer loop
      vertex 50 100 189.257
      vertex 51.84 0 186.59
      vertex 51.84 103.549 186.59
    endloop
  endfacet
  facet normal -0 0 1
    outer loop
      vertex 5.88599 104 191.99
      vertex 48.114 100 191.99
      vertex 48.114 104 191.99
    endloop
  endfacet
  facet normal 0 0 1
    outer loop
      vertex 48.114 100 191.99
      vertex 5.88599 104 191.99
      vertex 5.88599 100 191.99
    endloop
  endfacet
  facet normal -0.82308 0 0.567925
    outer loop
      vertex 2.15999 100 186.59
      vertex 5.88599 104 191.99
      vertex 2.15999 104 186.59
    endloop
  endfacet
  facet normal -0.82308 0 0.567925
    outer loop
      vertex 5.88599 104 191.99
      vertex 2.15999 100 186.59
      vertex 5.88599 100 191.99
    endloop
  endfacet
  facet normal -0.384615 0 -0.923077
    outer loop
      vertex 2.15999 100 186.59
      vertex 10.8 104 182.99
      vertex 10.8 100 182.99
    endloop
  endfacet
  facet normal -0.384615 0 -0.923077
    outer loop
      vertex 10.8 104 182.99
      vertex 2.15999 100 186.59
      vertex 2.15999 104 186.59
    endloop
  endfacet
  facet normal -1 0 0
    outer loop
      vertex 10.8 100 180
      vertex 10.8 104 182.99
      vertex 10.8 104 180
    endloop
  endfacet
  facet normal -1 -0 0
    outer loop
      vertex 10.8 104 182.99
      vertex 10.8 100 180
      vertex 10.8 100 182.99
    endloop
  endfacet
  facet normal 1 -0 0
    outer loop
      vertex 43.2 100 182.99
      vertex 43.2 104 180
      vertex 43.2 104 182.99
    endloop
  endfacet
  facet normal 1 0 0
    outer loop
      vertex 43.2 104 180
      vertex 43.2 100 182.99
      vertex 43.2 100 180
    endloop
  endfacet
  facet normal 0 0 -1
    outer loop
      vertex 0 100 0
      vertex 10.1 104 0
      vertex 10.1 100 0
    endloop
  endfacet
  facet normal -0 0 -1
    outer loop
      vertex 10.1 104 0
      vertex 0 100 0
      vertex 0 104 0
    endloop
  endfacet
  facet normal 0 0 -1
    outer loop
      vertex 50 100 0
      vertex 54 100 0
      vertex 54 0 0
    endloop
  endfacet
  facet normal 0 0 -1
    outer loop
      vertex 54 100 0
      vertex 50 100 0
      vertex 53.9807 100.392 0
    endloop
  endfacet
  facet normal -0 0 -1
    outer loop
      vertex 53.9807 100.392 0
      vertex 50 100 0
      vertex 53.9231 100.78 0
    endloop
  endfacet
  facet normal -0 0 -1
    outer loop
      vertex 53.9231 100.78 0
      vertex 50 100 0
      vertex 53.8278 101.161 0
    endloop
  endfacet
  facet normal -0 0 -1
    outer loop
      vertex 53.8278 101.161 0
      vertex 50 100 0
      vertex 53.6955 101.531 0
    endloop
  endfacet
  facet normal -0 0 -1
    outer loop
      vertex 53.6955 101.531 0
      vertex 50 100 0
      vertex 53.5277 101.886 0
    endloop
  endfacet
  facet normal -0 0 -1
    outer loop
      vertex 53.5277 101.886 0
      vertex 50 100 0
      vertex 53.3259 102.222 0
    endloop
  endfacet
  facet normal -0 0 -1
    outer loop
      vertex 53.3259 102.222 0
      vertex 50 100 0
      vertex 53.092 102.538 0
    endloop
  endfacet
  facet normal -0 0 -1
    outer loop
      vertex 53.092 102.538 0
      vertex 50 100 0
      vertex 52.8284 102.828 0
    endloop
  endfacet
  facet normal -0 0 -1
    outer loop
      vertex 52.8284 102.828 0
      vertex 50 100 0
      vertex 52.5376 103.092 0
    endloop
  endfacet
  facet normal -0 0 -1
    outer loop
      vertex 52.5376 103.092 0
      vertex 50 100 0
      vertex 52.2223 103.326 0
    endloop
  endfacet
  facet normal -0 0 -1
    outer loop
      vertex 52.2223 103.326 0
      vertex 50 100 0
      vertex 51.8856 103.528 0
    endloop
  endfacet
  facet normal -0 0 -1
    outer loop
      vertex 51.8856 103.528 0
      vertex 50 100 0
      vertex 51.5307 103.696 0
    endloop
  endfacet
  facet normal -0 0 -1
    outer loop
      vertex 51.5307 103.696 0
      vertex 50 100 0
      vertex 51.1611 103.828 0
    endloop
  endfacet
  facet normal -0 0 -1
    outer loop
      vertex 51.1611 103.828 0
      vertex 50 100 0
      vertex 50.7804 103.923 0
    endloop
  endfacet
  facet normal 0 0 -1
    outer loop
      vertex 50 100 0
      vertex 54 0 0
      vertex 50 0 0
    endloop
  endfacet
  facet normal -0 0 -1
    outer loop
      vertex 50.7804 103.923 0
      vertex 50 100 0
      vertex 50.3921 103.981 0
    endloop
  endfacet
  facet normal 0 0 -1
    outer loop
      vertex 50 100 0
      vertex 50 104 0
      vertex 50.3921 103.981 0
    endloop
  endfacet
  facet normal 0 0 -1
    outer loop
      vertex 43.9 100 0
      vertex 50 104 0
      vertex 50 100 0
    endloop
  endfacet
  facet normal -0 0 -1
    outer loop
      vertex 50 104 0
      vertex 43.9 100 0
      vertex 43.9 104 0
    endloop
  endfacet
  facet normal -0 0 1
    outer loop
      vertex 43.2 104 180
      vertex 50 100 180
      vertex 50 104 180
    endloop
  endfacet
  facet normal 0 0 1
    outer loop
      vertex 50 100 180
      vertex 43.2 104 180
      vertex 43.2 100 180
    endloop
  endfacet
  facet normal 0 0 1
    outer loop
      vertex 50 100 180
      vertex 54 100 180
      vertex 53.9807 100.392 180
    endloop
  endfacet
  facet normal 0 0 1
    outer loop
      vertex 50 100 180
      vertex 53.9807 100.392 180
      vertex 53.9231 100.78 180
    endloop
  endfacet
  facet normal 0 0 1
    outer loop
      vertex 50 100 180
      vertex 53.9231 100.78 180
      vertex 53.8278 101.161 180
    endloop
  endfacet
  facet normal 0 0 1
    outer loop
      vertex 50 100 180
      vertex 53.8278 101.161 180
      vertex 53.6955 101.531 180
    endloop
  endfacet
  facet normal 0 0 1
    outer loop
      vertex 50 100 180
      vertex 53.6955 101.531 180
      vertex 53.5277 101.886 180
    endloop
  endfacet
  facet normal 0 0 1
    outer loop
      vertex 50 100 180
      vertex 53.5277 101.886 180
      vertex 53.3259 102.222 180
    endloop
  endfacet
  facet normal 0 0 1
    outer loop
      vertex 50 100 180
      vertex 53.3259 102.222 180
      vertex 53.092 102.538 180
    endloop
  endfacet
  facet normal 0 0 1
    outer loop
      vertex 50 100 180
      vertex 53.092 102.538 180
      vertex 52.8284 102.828 180
    endloop
  endfacet
  facet normal 0 0 1
    outer loop
      vertex 50 100 180
      vertex 52.8284 102.828 180
      vertex 52.5376 103.092 180
    endloop
  endfacet
  facet normal 0 0 1
    outer loop
      vertex 50 100 180
      vertex 52.5376 103.092 180
      vertex 52.2223 103.326 180
    endloop
  endfacet
  facet normal 0 0 1
    outer loop
      vertex 50 100 180
      vertex 52.2223 103.326 180
      vertex 51.8856 103.528 180
    endloop
  endfacet
  facet normal 0 0 1
    outer loop
      vertex 50 100 180
      vertex 51.8856 103.528 180
      vertex 51.5307 103.696 180
    endloop
  endfacet
  facet normal 0 0 1
    outer loop
      vertex 50 100 180
      vertex 51.5307 103.696 180
      vertex 51.1611 103.828 180
    endloop
  endfacet
  facet normal 0 0 1
    outer loop
      vertex 50 100 180
      vertex 51.1611 103.828 180
      vertex 50.7804 103.923 180
    endloop
  endfacet
  facet normal 0 0 1
    outer loop
      vertex 50 100 180
      vertex 50.7804 103.923 180
      vertex 50.3921 103.981 180
    endloop
  endfacet
  facet normal 0 0 1
    outer loop
      vertex 50 100 180
      vertex 50.3921 103.981 180
      vertex 50 104 180
    endloop
  endfacet
  facet normal 0 0 1
    outer loop
      vertex 54 100 180
      vertex 50 100 180
      vertex 54 0 180
    endloop
  endfacet
  facet normal 0 0 1
    outer loop
      vertex 54 0 180
      vertex 50 100 180
      vertex 50 0 180
    endloop
  endfacet
  facet normal -0 0 1
    outer loop
      vertex 0 104 180
      vertex 10.8 100 180
      vertex 10.8 104 180
    endloop
  endfacet
  facet normal 0 0 1
    outer loop
      vertex 10.8 100 180
      vertex 0 104 180
      vertex 0 100 180
    endloop
  endfacet
  facet normal -1 0 0
    outer loop
      vertex 50 0 0
      vertex 50 100 5.41667
      vertex 50 100 0
    endloop
  endfacet
  facet normal -1 -0 0
    outer loop
      vertex 50 100 5.41667
      vertex 50 0 0
      vertex 50 0 5.41667
    endloop
  endfacet
  facet normal -1 0 0
    outer loop
      vertex 50 0 9.41881
      vertex 50 100 180
      vertex 50 100 9.41881
    endloop
  endfacet
  facet normal -1 -0 0
    outer loop
      vertex 50 100 180
      vertex 50 0 9.41881
      vertex 50 0 180
    endloop
  endfacet
  facet normal 0 -1 -0
    outer loop
      vertex 51.7714 0 5.90337
      vertex 50 0 5.41667
      vertex 51.84 0 5.89999
    endloop
  endfacet
  facet normal 0 -1 -0
    outer loop
      vertex 51.7034 0 5.91344
      vertex 50 0 5.41667
      vertex 51.7714 0 5.90337
    endloop
  endfacet
  facet normal 0 -1 -0
    outer loop
      vertex 51.6368 0 5.93013
      vertex 50 0 5.41667
      vertex 51.7034 0 5.91344
    endloop
  endfacet
  facet normal 0 -1 -0
    outer loop
      vertex 51.5721 0 5.95328
      vertex 50 0 5.41667
      vertex 51.6368 0 5.93013
    endloop
  endfacet
  facet normal 0 -1 -0
    outer loop
      vertex 51.51 0 5.98265
      vertex 50 0 5.41667
      vertex 51.5721 0 5.95328
    endloop
  endfacet
  facet normal 0 -1 -0
    outer loop
      vertex 51.4511 0 6.01796
      vertex 50 0 5.41667
      vertex 51.51 0 5.98265
    endloop
  endfacet
  facet normal 0 -1 0
    outer loop
      vertex 50 0 5.41667
      vertex 51.4511 0 6.01796
      vertex 51.4482 0 6.0201
    endloop
  endfacet
  facet normal 0 -1 0
    outer loop
      vertex 50 0 9.41881
      vertex 51.7714 0 7.29662
      vertex 51.84 0 7.29999
    endloop
  endfacet
  facet normal 0 -1 0
    outer loop
      vertex 50 0 9.41881
      vertex 51.7034 0 7.28654
      vertex 51.7714 0 7.29662
    endloop
  endfacet
  facet normal 0 -1 0
    outer loop
      vertex 50 0 9.41881
      vertex 51.6368 0 7.26985
      vertex 51.7034 0 7.28654
    endloop
  endfacet
  facet normal 0 -1 0
    outer loop
      vertex 50 0 9.41881
      vertex 51.5721 0 7.2467
      vertex 51.6368 0 7.26985
    endloop
  endfacet
  facet normal -0 -1 0
    outer loop
      vertex 51.5721 0 7.2467
      vertex 50 0 9.41881
      vertex 51.5168 0 7.22055
    endloop
  endfacet
  facet normal 0 -1 0
    outer loop
      vertex 50 0 9.41881
      vertex 54 0 180
      vertex 50 0 180
    endloop
  endfacet
  facet normal 0 -1 0
    outer loop
      vertex 51.9086 0 7.29662
      vertex 50 0 9.41881
      vertex 51.84 0 7.29999
    endloop
  endfacet
  facet normal 0 -1 0
    outer loop
      vertex 51.9766 0 7.28654
      vertex 50 0 9.41881
      vertex 51.9086 0 7.29662
    endloop
  endfacet
  facet normal 0 -1 0
    outer loop
      vertex 52.0432 0 7.26985
      vertex 50 0 9.41881
      vertex 51.9766 0 7.28654
    endloop
  endfacet
  facet normal 0 -1 0
    outer loop
      vertex 52.1079 0 7.2467
      vertex 50 0 9.41881
      vertex 52.0432 0 7.26985
    endloop
  endfacet
  facet normal 0 -1 0
    outer loop
      vertex 52.17 0 7.21733
      vertex 50 0 9.41881
      vertex 52.1079 0 7.2467
    endloop
  endfacet
  facet normal 0 -1 0
    outer loop
      vertex 52.2289 0 7.18202
      vertex 50 0 9.41881
      vertex 52.17 0 7.21733
    endloop
  endfacet
  facet normal 0 -1 0
    outer loop
      vertex 52.2841 0 7.1411
      vertex 50 0 9.41881
      vertex 52.2289 0 7.18202
    endloop
  endfacet
  facet normal 0 -1 0
    outer loop
      vertex 52.335 0 7.09497
      vertex 50 0 9.41881
      vertex 52.2841 0 7.1411
    endloop
  endfacet
  facet normal 0 -1 0
    outer loop
      vertex 50 0 9.41881
      vertex 52.335 0 7.09497
      vertex 54 0 180
    endloop
  endfacet
  facet normal 0 -1 0
    outer loop
      vertex 52.3811 0 7.04407
      vertex 54 0 180
      vertex 52.335 0 7.09497
    endloop
  endfacet
  facet normal 0 -1 0
    outer loop
      vertex 52.422 0 6.98889
      vertex 54 0 180
      vertex 52.3811 0 7.04407
    endloop
  endfacet
  facet normal 0 -1 0
    outer loop
      vertex 52.4573 0 6.92998
      vertex 54 0 180
      vertex 52.422 0 6.98889
    endloop
  endfacet
  facet normal 0 -1 0
    outer loop
      vertex 52.4867 0 6.86787
      vertex 54 0 180
      vertex 52.4573 0 6.92998
    endloop
  endfacet
  facet normal 0 -1 0
    outer loop
      vertex 52.5099 0 6.80319
      vertex 54 0 180
      vertex 52.4867 0 6.86787
    endloop
  endfacet
  facet normal 0 -1 0
    outer loop
      vertex 52.5265 0 6.73656
      vertex 54 0 180
      vertex 52.5099 0 6.80319
    endloop
  endfacet
  facet normal 0 -1 0
    outer loop
      vertex 54 0 0
      vertex 52.5265 0 6.73656
      vertex 52.5366 0 6.66861
    endloop
  endfacet
  facet normal 0 -1 0
    outer loop
      vertex 54 0 0
      vertex 52.5366 0 6.66861
      vertex 52.54 0 6.59999
    endloop
  endfacet
  facet normal 0 -1 0
    outer loop
      vertex 50 0 0
      vertex 51.84 0 5.89999
      vertex 50 0 5.41667
    endloop
  endfacet
  facet normal 0 -1 0
    outer loop
      vertex 54 0 0
      vertex 51.84 0 5.89999
      vertex 50 0 0
    endloop
  endfacet
  facet normal 0 -1 0
    outer loop
      vertex 51.84 0 5.89999
      vertex 54 0 0
      vertex 51.9086 0 5.90337
    endloop
  endfacet
  facet normal 0 -1 0
    outer loop
      vertex 51.9086 0 5.90337
      vertex 54 0 0
      vertex 51.9766 0 5.91344
    endloop
  endfacet
  facet normal 0 -1 0
    outer loop
      vertex 51.9766 0 5.91344
      vertex 54 0 0
      vertex 52.0432 0 5.93013
    endloop
  endfacet
  facet normal 0 -1 0
    outer loop
      vertex 52.0432 0 5.93013
      vertex 54 0 0
      vertex 52.1079 0 5.95328
    endloop
  endfacet
  facet normal 0 -1 0
    outer loop
      vertex 52.1079 0 5.95328
      vertex 54 0 0
      vertex 52.17 0 5.98265
    endloop
  endfacet
  facet normal 0 -1 0
    outer loop
      vertex 52.17 0 5.98265
      vertex 54 0 0
      vertex 52.2289 0 6.01796
    endloop
  endfacet
  facet normal 0 -1 0
    outer loop
      vertex 52.2289 0 6.01796
      vertex 54 0 0
      vertex 52.2841 0 6.05888
    endloop
  endfacet
  facet normal 0 -1 0
    outer loop
      vertex 52.2841 0 6.05888
      vertex 54 0 0
      vertex 52.335 0 6.10501
    endloop
  endfacet
  facet normal 0 -1 0
    outer loop
      vertex 52.335 0 6.10501
      vertex 54 0 0
      vertex 52.3811 0 6.15591
    endloop
  endfacet
  facet normal 0 -1 0
    outer loop
      vertex 52.3811 0 6.15591
      vertex 54 0 0
      vertex 52.422 0 6.21109
    endloop
  endfacet
  facet normal 0 -1 0
    outer loop
      vertex 52.422 0 6.21109
      vertex 54 0 0
      vertex 52.4573 0 6.27002
    endloop
  endfacet
  facet normal 0 -1 0
    outer loop
      vertex 52.5265 0 6.73656
      vertex 54 0 0
      vertex 54 0 180
    endloop
  endfacet
  facet normal 0 -1 0
    outer loop
      vertex 52.5366 0 6.53139
      vertex 54 0 0
      vertex 52.54 0 6.59999
    endloop
  endfacet
  facet normal 0 -1 0
    outer loop
      vertex 52.5265 0 6.46342
      vertex 54 0 0
      vertex 52.5366 0 6.53139
    endloop
  endfacet
  facet normal 0 -1 0
    outer loop
      vertex 52.5099 0 6.39679
      vertex 54 0 0
      vertex 52.5265 0 6.46342
    endloop
  endfacet
  facet normal 0 -1 0
    outer loop
      vertex 52.4867 0 6.33211
      vertex 54 0 0
      vertex 52.5099 0 6.39679
    endloop
  endfacet
  facet normal 0 -1 0
    outer loop
      vertex 52.4573 0 6.27002
      vertex 54 0 0
      vertex 52.4867 0 6.33211
    endloop
  endfacet
  facet normal 1 -0 0
    outer loop
      vertex 54 0 180
      vertex 54 100 0
      vertex 54 100 180
    endloop
  endfacet
  facet normal 1 0 0
    outer loop
      vertex 54 100 0
      vertex 54 0 180
      vertex 54 0 0
    endloop
  endfacet
  facet normal 0.99879 0.0491751 0
    outer loop
      vertex 54 100 180
      vertex 53.9807 100.392 0
      vertex 53.9807 100.392 180
    endloop
  endfacet
  facet normal 0.99879 0.0491751 0
    outer loop
      vertex 53.9807 100.392 0
      vertex 54 100 180
      vertex 54 100 0
    endloop
  endfacet
  facet normal 0.98916 0.146844 0
    outer loop
      vertex 53.9807 100.392 180
      vertex 53.9231 100.78 0
      vertex 53.9231 100.78 180
    endloop
  endfacet
  facet normal 0.98916 0.146844 0
    outer loop
      vertex 53.9231 100.78 0
      vertex 53.9807 100.392 180
      vertex 53.9807 100.392 0
    endloop
  endfacet
  facet normal 0.970113 0.242655 0
    outer loop
      vertex 53.9231 100.78 180
      vertex 53.8278 101.161 0
      vertex 53.8278 101.161 180
    endloop
  endfacet
  facet normal 0.970113 0.242655 0
    outer loop
      vertex 53.8278 101.161 0
      vertex 53.9231 100.78 180
      vertex 53.9231 100.78 0
    endloop
  endfacet
  facet normal 0.941615 0.336691 0
    outer loop
      vertex 53.8278 101.161 180
      vertex 53.6955 101.531 0
      vertex 53.6955 101.531 180
    endloop
  endfacet
  facet normal 0.941615 0.336691 0
    outer loop
      vertex 53.6955 101.531 0
      vertex 53.8278 101.161 180
      vertex 53.8278 101.161 0
    endloop
  endfacet
  facet normal 0.90409 0.427342 0
    outer loop
      vertex 53.6955 101.531 180
      vertex 53.5277 101.886 0
      vertex 53.5277 101.886 180
    endloop
  endfacet
  facet normal 0.90409 0.427342 0
    outer loop
      vertex 53.5277 101.886 0
      vertex 53.6955 101.531 180
      vertex 53.6955 101.531 0
    endloop
  endfacet
  facet normal 0.857268 0.514871 0
    outer loop
      vertex 53.5277 101.886 180
      vertex 53.3259 102.222 0
      vertex 53.3259 102.222 180
    endloop
  endfacet
  facet normal 0.857268 0.514871 0
    outer loop
      vertex 53.3259 102.222 0
      vertex 53.5277 101.886 180
      vertex 53.5277 101.886 0
    endloop
  endfacet
  facet normal 0.803769 0.594942 0
    outer loop
      vertex 53.3259 102.222 180
      vertex 53.092 102.538 0
      vertex 53.092 102.538 180
    endloop
  endfacet
  facet normal 0.803769 0.594942 0
    outer loop
      vertex 53.092 102.538 0
      vertex 53.3259 102.222 180
      vertex 53.3259 102.222 0
    endloop
  endfacet
  facet normal 0.739986 0.672622 0
    outer loop
      vertex 53.092 102.538 180
      vertex 52.8284 102.828 0
      vertex 52.8284 102.828 180
    endloop
  endfacet
  facet normal 0.739986 0.672622 0
    outer loop
      vertex 52.8284 102.828 0
      vertex 53.092 102.538 180
      vertex 53.092 102.538 0
    endloop
  endfacet
  facet normal 0.672166 0.740401 0
    outer loop
      vertex 52.8284 102.828 180
      vertex 52.5376 103.092 6.64936
      vertex 52.5376 103.092 180
    endloop
  endfacet
  facet normal 0.641309 0.767283 9.27018e-05
    outer loop
      vertex 52.8284 102.828 180
      vertex 52.54 103.09 6.59999
      vertex 52.5376 103.092 6.64936
    endloop
  endfacet
  facet normal 0.672417 0.740172 -0
    outer loop
      vertex 52.8284 102.828 0
      vertex 52.54 103.09 6.59999
      vertex 52.8284 102.828 180
    endloop
  endfacet
  facet normal 0.655889 0.754856 -0.00130514
    outer loop
      vertex 52.8284 102.828 0
      vertex 52.5376 103.092 6.55063
      vertex 52.54 103.09 6.59999
    endloop
  endfacet
  facet normal 0.672166 0.740401 0
    outer loop
      vertex 52.5376 103.092 6.55063
      vertex 52.8284 102.828 0
      vertex 52.5376 103.092 0
    endloop
  endfacet
  facet normal 0.707107 0.707107 -0
    outer loop
      vertex 52.5376 103.092 0
      vertex 52.5366 103.093 6.53139
      vertex 52.5376 103.092 6.55063
    endloop
  endfacet
  facet normal 0.569808 0.821778 -3.85782e-05
    outer loop
      vertex 52.5376 103.092 0
      vertex 52.5265 103.1 6.46342
      vertex 52.5366 103.093 6.53139
    endloop
  endfacet
  facet normal 0.616355 0.787468 8.38256e-05
    outer loop
      vertex 52.5376 103.092 0
      vertex 52.5099 103.113 6.39679
      vertex 52.5265 103.1 6.46342
    endloop
  endfacet
  facet normal 0.591221 0.80651 -8.75257e-05
    outer loop
      vertex 52.5376 103.092 0
      vertex 52.4867 103.13 6.33211
      vertex 52.5099 103.113 6.39679
    endloop
  endfacet
  facet normal 0.599113 0.800664 1.09956e-05
    outer loop
      vertex 52.5376 103.092 0
      vertex 52.4573 103.152 6.27002
      vertex 52.4867 103.13 6.33211
    endloop
  endfacet
  facet normal 0.59316 0.805085 -0.000107552
    outer loop
      vertex 52.5376 103.092 0
      vertex 52.422 103.178 6.21109
      vertex 52.4573 103.152 6.27002
    endloop
  endfacet
  facet normal 0.591583 0.806244 -0.000152944
    outer loop
      vertex 52.5376 103.092 0
      vertex 52.3811 103.208 6.15591
      vertex 52.422 103.178 6.21109
    endloop
  endfacet
  facet normal 0.593609 0.804754 -7.33718e-05
    outer loop
      vertex 52.5376 103.092 0
      vertex 52.335 103.242 6.10501
      vertex 52.3811 103.208 6.15591
    endloop
  endfacet
  facet normal 0.598142 0.80139 0.000159732
    outer loop
      vertex 52.5376 103.092 0
      vertex 52.2841 103.28 6.05888
      vertex 52.335 103.242 6.10501
    endloop
  endfacet
  facet normal 0.596253 0.802797 3.70174e-05
    outer loop
      vertex 52.5376 103.092 0
      vertex 52.2289 103.321 6.01796
      vertex 52.2841 103.28 6.05888
    endloop
  endfacet
  facet normal 0.603619 0.797273 0.000625059
    outer loop
      vertex 52.5376 103.092 0
      vertex 52.2223 103.326 6.01399
      vertex 52.2289 103.321 6.01796
    endloop
  endfacet
  facet normal 0.595958 0.803015 0
    outer loop
      vertex 52.2223 103.326 6.01399
      vertex 52.5376 103.092 0
      vertex 52.2223 103.326 0
    endloop
  endfacet
  facet normal 0.595958 0.803015 0
    outer loop
      vertex 52.5376 103.092 180
      vertex 52.2223 103.326 7.18599
      vertex 52.2223 103.326 180
    endloop
  endfacet
  facet normal 0.603849 0.797099 -2.24088e-05
    outer loop
      vertex 52.5376 103.092 180
      vertex 52.2289 103.321 7.18202
      vertex 52.2223 103.326 7.18599
    endloop
  endfacet
  facet normal 0.59627 0.802784 -1.33627e-06
    outer loop
      vertex 52.5376 103.092 180
      vertex 52.2841 103.28 7.1411
      vertex 52.2289 103.321 7.18202
    endloop
  endfacet
  facet normal 0.598232 0.801323 -5.80286e-06
    outer loop
      vertex 52.5376 103.092 180
      vertex 52.335 103.242 7.09497
      vertex 52.2841 103.28 7.1411
    endloop
  endfacet
  facet normal 0.593558 0.804791 2.68222e-06
    outer loop
      vertex 52.5376 103.092 180
      vertex 52.3811 103.208 7.04407
      vertex 52.335 103.242 7.09497
    endloop
  endfacet
  facet normal 0.591454 0.806339 5.62414e-06
    outer loop
      vertex 52.5376 103.092 180
      vertex 52.422 103.178 6.98889
      vertex 52.3811 103.208 7.04407
    endloop
  endfacet
  facet normal 0.593048 0.805167 3.97704e-06
    outer loop
      vertex 52.5376 103.092 180
      vertex 52.4573 103.152 6.92998
      vertex 52.422 103.178 6.98889
    endloop
  endfacet
  facet normal 0.599128 0.800654 -4.08718e-07
    outer loop
      vertex 52.5376 103.092 180
      vertex 52.4867 103.13 6.86787
      vertex 52.4573 103.152 6.92998
    endloop
  endfacet
  facet normal 0.591068 0.806622 3.27066e-06
    outer loop
      vertex 52.5376 103.092 180
      vertex 52.5099 103.113 6.80319
      vertex 52.4867 103.13 6.86787
    endloop
  endfacet
  facet normal 0.616556 0.787311 -3.14715e-06
    outer loop
      vertex 52.5376 103.092 180
      vertex 52.5265 103.1 6.73656
      vertex 52.5099 103.113 6.80319
    endloop
  endfacet
  facet normal 0.56964 0.821895 1.45533e-06
    outer loop
      vertex 52.5376 103.092 180
      vertex 52.5366 103.093 6.66861
      vertex 52.5265 103.1 6.73656
    endloop
  endfacet
  facet normal 0.707107 0.707107 0
    outer loop
      vertex 52.5366 103.093 6.66861
      vertex 52.5376 103.092 180
      vertex 52.5376 103.092 6.64936
    endloop
  endfacet
  facet normal 0.509893 0.860238 -0
    outer loop
      vertex 52.2223 103.326 0
      vertex 52.17 103.357 5.98265
      vertex 52.2223 103.326 6.01399
    endloop
  endfacet
  facet normal 0.511841 0.85908 2.3028e-05
    outer loop
      vertex 52.2223 103.326 0
      vertex 52.1079 103.394 5.95328
      vertex 52.17 103.357 5.98265
    endloop
  endfacet
  facet normal 0.516211 0.856462 0.000136919
    outer loop
      vertex 52.2223 103.326 0
      vertex 52.0432 103.433 5.93013
      vertex 52.1079 103.394 5.95328
    endloop
  endfacet
  facet normal 0.514859 0.857275 8.14327e-05
    outer loop
      vertex 52.2223 103.326 0
      vertex 51.9766 103.473 5.91344
      vertex 52.0432 103.433 5.93013
    endloop
  endfacet
  facet normal 0.516329 0.85639 0.000164467
    outer loop
      vertex 52.2223 103.326 0
      vertex 51.9086 103.514 5.90337
      vertex 51.9766 103.473 5.91344
    endloop
  endfacet
  facet normal 0.519932 0.854208 0.000425435
    outer loop
      vertex 52.2223 103.326 0
      vertex 51.8856 103.528 5.90224
      vertex 51.9086 103.514 5.90337
    endloop
  endfacet
  facet normal 0.514458 0.857515 0
    outer loop
      vertex 51.8856 103.528 5.90224
      vertex 52.2223 103.326 0
      vertex 51.8856 103.528 0
    endloop
  endfacet
  facet normal 0.514458 0.857515 0
    outer loop
      vertex 52.2223 103.326 180
      vertex 51.8856 103.528 7.29775
      vertex 51.8856 103.528 180
    endloop
  endfacet
  facet normal 0.519946 0.854199 -1.45788e-05
    outer loop
      vertex 52.2223 103.326 180
      vertex 51.9086 103.514 7.29662
      vertex 51.8856 103.528 7.29775
    endloop
  endfacet
  facet normal 0.516346 0.85638 -5.66449e-06
    outer loop
      vertex 52.2223 103.326 180
      vertex 51.9766 103.473 7.28654
      vertex 51.9086 103.514 7.29662
    endloop
  endfacet
  facet normal 0.514874 0.857266 -2.81613e-06
    outer loop
      vertex 52.2223 103.326 180
      vertex 52.0432 103.433 7.26985
      vertex 51.9766 103.473 7.28654
    endloop
  endfacet
  facet normal 0.516245 0.856441 -4.74958e-06
    outer loop
      vertex 52.2223 103.326 180
      vertex 52.1079 103.394 7.2467
      vertex 52.0432 103.433 7.26985
    endloop
  endfacet
  facet normal 0.511848 0.859076 -8.0053e-07
    outer loop
      vertex 52.2223 103.326 180
      vertex 52.17 103.357 7.21733
      vertex 52.1079 103.394 7.2467
    endloop
  endfacet
  facet normal 0.509893 0.860238 0
    outer loop
      vertex 52.17 103.357 7.21733
      vertex 52.2223 103.326 180
      vertex 52.2223 103.326 7.18599
    endloop
  endfacet
  facet normal 0.4183 0.908309 0
    outer loop
      vertex 51.8856 103.528 5.90224
      vertex 51.8856 103.528 0
      vertex 51.84 103.549 5.89999
    endloop
  endfacet
  facet normal 0.427856 0.903847 8.97412e-05
    outer loop
      vertex 51.5307 103.696 0
      vertex 51.84 103.549 5.89999
      vertex 51.8856 103.528 0
    endloop
  endfacet
  facet normal 0.433489 0.901159 -0.00027249
    outer loop
      vertex 51.84 103.549 5.89999
      vertex 51.5307 103.696 0
      vertex 51.7714 103.582 5.90337
    endloop
  endfacet
  facet normal 0.425811 0.904812 0.000111126
    outer loop
      vertex 51.7714 103.582 5.90337
      vertex 51.5307 103.696 0
      vertex 51.7034 103.614 5.91344
    endloop
  endfacet
  facet normal 0.422042 0.906576 0.000245658
    outer loop
      vertex 51.7034 103.614 5.91344
      vertex 51.5307 103.696 0
      vertex 51.6368 103.645 5.93013
    endloop
  endfacet
  facet normal 0.432104 0.901824 2.47564e-05
    outer loop
      vertex 51.6368 103.645 5.93013
      vertex 51.5307 103.696 0
      vertex 51.5721 103.676 5.95328
    endloop
  endfacet
  facet normal 0.434992 0.900434 0
    outer loop
      vertex 51.5721 103.676 5.95328
      vertex 51.5307 103.696 0
      vertex 51.5307 103.696 5.97285
    endloop
  endfacet
  facet normal 0.427856 0.903847 -3.06585e-06
    outer loop
      vertex 51.8856 103.528 180
      vertex 51.84 103.549 7.29999
      vertex 51.5307 103.696 180
    endloop
  endfacet
  facet normal 0.4183 0.908309 0
    outer loop
      vertex 51.84 103.549 7.29999
      vertex 51.8856 103.528 180
      vertex 51.8856 103.528 7.29775
    endloop
  endfacet
  facet normal 0.433499 0.901154 9.3323e-06
    outer loop
      vertex 51.7714 103.582 7.29662
      vertex 51.5307 103.696 180
      vertex 51.84 103.549 7.29999
    endloop
  endfacet
  facet normal 0.425798 0.904818 -3.82071e-06
    outer loop
      vertex 51.7034 103.614 7.28654
      vertex 51.5307 103.696 180
      vertex 51.7714 103.582 7.29662
    endloop
  endfacet
  facet normal 0.421993 0.906599 -8.47061e-06
    outer loop
      vertex 51.6368 103.645 7.26985
      vertex 51.5307 103.696 180
      vertex 51.7034 103.614 7.28654
    endloop
  endfacet
  facet normal 0.432097 0.901827 -8.55187e-07
    outer loop
      vertex 51.5721 103.676 7.2467
      vertex 51.5307 103.696 180
      vertex 51.6368 103.645 7.26985
    endloop
  endfacet
  facet normal 0.434992 0.900434 0
    outer loop
      vertex 51.5307 103.696 180
      vertex 51.5721 103.676 7.2467
      vertex 51.5307 103.696 7.22714
    endloop
  endfacet
  facet normal 0.333461 0.942695 0.0113752
    outer loop
      vertex 51.4511 103.724 6.01796
      vertex 51.1611 103.828 5.90047
      vertex 51.4482 103.725 6.0201
    endloop
  endfacet
  facet normal 0.336868 0.94155 0.00195332
    outer loop
      vertex 51.51 103.703 5.98265
      vertex 51.1611 103.828 5.90047
      vertex 51.4511 103.724 6.01796
    endloop
  endfacet
  facet normal 0.331567 0.943052 0.0267426
    outer loop
      vertex 51.5307 103.696 5.97285
      vertex 51.1611 103.828 5.90047
      vertex 51.51 103.703 5.98265
    endloop
  endfacet
  facet normal 0.336336 0.941742 -0
    outer loop
      vertex 51.5307 103.696 0
      vertex 51.1611 103.828 5.90047
      vertex 51.5307 103.696 5.97285
    endloop
  endfacet
  facet normal 0.336336 0.941742 0
    outer loop
      vertex 51.1611 103.828 5.90047
      vertex 51.5307 103.696 0
      vertex 51.1611 103.828 0
    endloop
  endfacet
  facet normal 0.336336 0.941742 0
    outer loop
      vertex 51.5307 103.696 180
      vertex 51.1611 103.828 7.73601
      vertex 51.1611 103.828 180
    endloop
  endfacet
  facet normal 0.336336 0.941742 -0
    outer loop
      vertex 51.5307 103.696 7.22714
      vertex 51.1611 103.828 7.73601
      vertex 51.5307 103.696 180
    endloop
  endfacet
  facet normal 0.292017 0.955742 -0.0358216
    outer loop
      vertex 51.1611 103.828 7.73601
      vertex 51.5307 103.696 7.22714
      vertex 51.5168 103.7 7.22055
    endloop
  endfacet
  facet normal 0.242116 0.970247 -0
    outer loop
      vertex 51.1611 103.828 0
      vertex 50.7804 103.923 5.74182
      vertex 51.1611 103.828 5.90047
    endloop
  endfacet
  facet normal 0.242116 0.970247 0
    outer loop
      vertex 50.7804 103.923 5.74182
      vertex 51.1611 103.828 0
      vertex 50.7804 103.923 0
    endloop
  endfacet
  facet normal 0.242116 0.970247 0
    outer loop
      vertex 51.1611 103.828 180
      vertex 50.7804 103.923 8.28785
      vertex 50.7804 103.923 180
    endloop
  endfacet
  facet normal 0.242116 0.970247 0
    outer loop
      vertex 50.7804 103.923 8.28785
      vertex 51.1611 103.828 180
      vertex 51.1611 103.828 7.73601
    endloop
  endfacet
  facet normal 0.14773 0.989028 -0
    outer loop
      vertex 50.7804 103.923 0
      vertex 50.3921 103.981 5.58003
      vertex 50.7804 103.923 5.74182
    endloop
  endfacet
  facet normal 0.14773 0.989028 0
    outer loop
      vertex 50.3921 103.981 5.58003
      vertex 50.7804 103.923 0
      vertex 50.3921 103.981 0
    endloop
  endfacet
  facet normal 0.14773 0.989028 0
    outer loop
      vertex 50.7804 103.923 180
      vertex 50.3921 103.981 8.85059
      vertex 50.3921 103.981 180
    endloop
  endfacet
  facet normal 0.14773 0.989028 0
    outer loop
      vertex 50.3921 103.981 8.85059
      vertex 50.7804 103.923 180
      vertex 50.7804 103.923 8.28785
    endloop
  endfacet
  facet normal 0.0484002 0.998828 -0
    outer loop
      vertex 50.3921 103.981 0
      vertex 50 104 5.41667
      vertex 50.3921 103.981 5.58003
    endloop
  endfacet
  facet normal 0.0484002 0.998828 0
    outer loop
      vertex 50 104 5.41667
      vertex 50.3921 103.981 0
      vertex 50 104 0
    endloop
  endfacet
  facet normal 0.0484002 0.998828 0
    outer loop
      vertex 50.3921 103.981 180
      vertex 50 104 9.41881
      vertex 50 104 180
    endloop
  endfacet
  facet normal 0.0484002 0.998828 0
    outer loop
      vertex 50 104 9.41881
      vertex 50.3921 103.981 180
      vertex 50.3921 103.981 8.85059
    endloop
  endfacet
  facet normal -1 0 0
    outer loop
      vertex 0 100 0
      vertex 0 104 180
      vertex 0 104 0
    endloop
  endfacet
  facet normal -1 -0 0
    outer loop
      vertex 0 104 180
      vertex 0 100 0
      vertex 0 100 180
    endloop
  endfacet
  facet normal 0 0 -1
    outer loop
      vertex 5.18648 100 12.01
      vertex 6.58551 104 12.01
      vertex 6.58551 100 12.01
    endloop
  endfacet
  facet normal -0 0 -1
    outer loop
      vertex 6.58551 104 12.01
      vertex 5.18648 100 12.01
      vertex 5.18648 104 12.01
    endloop
  endfacet
  facet normal 0 0 -1
    outer loop
      vertex 47.4145 100 12.01
      vertex 48.8135 104 12.01
      vertex 48.8135 100 12.01
    endloop
  endfacet
  facet normal -0 0 -1
    outer loop
      vertex 48.8135 104 12.01
      vertex 47.4145 100 12.01
      vertex 47.4145 104 12.01
    endloop
  endfacet
  facet normal -0.998774 0 -0.0494994
    outer loop
      vertex 43.9 100 0
      vertex 43.8966 104 0.0686035
      vertex 43.9 104 0
    endloop
  endfacet
  facet normal -0.998774 -0 -0.0494994
    outer loop
      vertex 43.8966 104 0.0686035
      vertex 43.9 100 0
      vertex 43.8966 100 0.0686035
    endloop
  endfacet
  facet normal -0.989132 0 -0.147029
    outer loop
      vertex 43.8966 100 0.0686035
      vertex 43.8865 104 0.136551
      vertex 43.8966 104 0.0686035
    endloop
  endfacet
  facet normal -0.989132 -0 -0.147029
    outer loop
      vertex 43.8865 104 0.136551
      vertex 43.8966 100 0.0686035
      vertex 43.8865 100 0.136551
    endloop
  endfacet
  facet normal -0.970343 0 -0.24173
    outer loop
      vertex 43.8865 100 0.136551
      vertex 43.8699 104 0.203186
      vertex 43.8865 104 0.136551
    endloop
  endfacet
  facet normal -0.970343 -0 -0.24173
    outer loop
      vertex 43.8699 104 0.203186
      vertex 43.8865 100 0.136551
      vertex 43.8699 100 0.203186
    endloop
  endfacet
  facet normal -0.941283 0 -0.337617
    outer loop
      vertex 43.8699 100 0.203186
      vertex 43.8467 104 0.267868
      vertex 43.8699 104 0.203186
    endloop
  endfacet
  facet normal -0.941283 -0 -0.337617
    outer loop
      vertex 43.8467 104 0.267868
      vertex 43.8699 100 0.203186
      vertex 43.8467 100 0.267868
    endloop
  endfacet
  facet normal -0.903835 0 -0.427882
    outer loop
      vertex 43.8467 100 0.267868
      vertex 43.8173 104 0.329971
      vertex 43.8467 104 0.267868
    endloop
  endfacet
  facet normal -0.903835 -0 -0.427882
    outer loop
      vertex 43.8173 104 0.329971
      vertex 43.8467 100 0.267868
      vertex 43.8173 100 0.329971
    endloop
  endfacet
  facet normal -0.857804 0 -0.513977
    outer loop
      vertex 43.8173 100 0.329971
      vertex 43.782 104 0.388885
      vertex 43.8173 104 0.329971
    endloop
  endfacet
  facet normal -0.857804 -0 -0.513977
    outer loop
      vertex 43.782 104 0.388885
      vertex 43.8173 100 0.329971
      vertex 43.782 100 0.388885
    endloop
  endfacet
  facet normal -0.803356 0 -0.595499
    outer loop
      vertex 43.782 100 0.388885
      vertex 43.7411 104 0.444061
      vertex 43.782 104 0.388885
    endloop
  endfacet
  facet normal -0.803356 -0 -0.595499
    outer loop
      vertex 43.7411 104 0.444061
      vertex 43.782 100 0.388885
      vertex 43.7411 100 0.444061
    endloop
  endfacet
  facet normal -0.741217 0 -0.671266
    outer loop
      vertex 43.7411 100 0.444061
      vertex 43.695 104 0.494965
      vertex 43.7411 104 0.444061
    endloop
  endfacet
  facet normal -0.741217 -0 -0.671266
    outer loop
      vertex 43.695 104 0.494965
      vertex 43.7411 100 0.444061
      vertex 43.695 100 0.494965
    endloop
  endfacet
  facet normal -0.67163 0 -0.740886
    outer loop
      vertex 43.6441 100 0.541107
      vertex 43.695 104 0.494965
      vertex 43.695 100 0.494965
    endloop
  endfacet
  facet normal -0.67163 0 -0.740886
    outer loop
      vertex 43.695 104 0.494965
      vertex 43.6441 100 0.541107
      vertex 43.6441 104 0.541107
    endloop
  endfacet
  facet normal -0.595417 0 -0.803417
    outer loop
      vertex 43.5889 100 0.582016
      vertex 43.6441 104 0.541107
      vertex 43.6441 100 0.541107
    endloop
  endfacet
  facet normal -0.595417 0 -0.803417
    outer loop
      vertex 43.6441 104 0.541107
      vertex 43.5889 100 0.582016
      vertex 43.5889 104 0.582016
    endloop
  endfacet
  facet normal -0.514324 0 -0.857596
    outer loop
      vertex 43.53 100 0.61734
      vertex 43.5889 104 0.582016
      vertex 43.5889 100 0.582016
    endloop
  endfacet
  facet normal -0.514324 0 -0.857596
    outer loop
      vertex 43.5889 104 0.582016
      vertex 43.53 100 0.61734
      vertex 43.53 104 0.61734
    endloop
  endfacet
  facet normal -0.427578 0 -0.903979
    outer loop
      vertex 43.4679 100 0.646713
      vertex 43.53 104 0.61734
      vertex 43.53 100 0.61734
    endloop
  endfacet
  facet normal -0.427578 0 -0.903979
    outer loop
      vertex 43.53 104 0.61734
      vertex 43.4679 100 0.646713
      vertex 43.4679 104 0.646713
    endloop
  endfacet
  facet normal -0.33667 0 -0.941623
    outer loop
      vertex 43.4032 100 0.669846
      vertex 43.4679 104 0.646713
      vertex 43.4679 100 0.646713
    endloop
  endfacet
  facet normal -0.33667 0 -0.941623
    outer loop
      vertex 43.4679 104 0.646713
      vertex 43.4032 100 0.669846
      vertex 43.4032 104 0.669846
    endloop
  endfacet
  facet normal -0.244816 0 -0.969569
    outer loop
      vertex 43.4 100 0.670654
      vertex 43.4032 104 0.669846
      vertex 43.4032 100 0.669846
    endloop
  endfacet
  facet normal -0.244816 0 -0.969569
    outer loop
      vertex 43.4032 104 0.669846
      vertex 43.4 100 0.670654
      vertex 43.4 104 0.670654
    endloop
  endfacet
  facet normal -1 0 0
    outer loop
      vertex 43.4 100 0.670654
      vertex 43.4 104 2.32933
      vertex 43.4 104 0.670654
    endloop
  endfacet
  facet normal -1 -0 0
    outer loop
      vertex 43.4 104 2.32933
      vertex 43.4 100 0.670654
      vertex 43.4 100 2.32933
    endloop
  endfacet
  facet normal -0.245386 0 0.969425
    outer loop
      vertex 43.4 104 2.32933
      vertex 43.4032 100 2.33014
      vertex 43.4032 104 2.33014
    endloop
  endfacet
  facet normal -0.245386 0 0.969425
    outer loop
      vertex 43.4032 100 2.33014
      vertex 43.4 104 2.32933
      vertex 43.4 100 2.32933
    endloop
  endfacet
  facet normal -0.336631 0 0.941636
    outer loop
      vertex 43.4032 104 2.33014
      vertex 43.4679 100 2.35327
      vertex 43.4679 104 2.35327
    endloop
  endfacet
  facet normal -0.336631 0 0.941636
    outer loop
      vertex 43.4679 100 2.35327
      vertex 43.4032 104 2.33014
      vertex 43.4032 100 2.33014
    endloop
  endfacet
  facet normal -0.427542 0 0.903996
    outer loop
      vertex 43.4679 104 2.35327
      vertex 43.53 100 2.38264
      vertex 43.53 104 2.38264
    endloop
  endfacet
  facet normal -0.427542 0 0.903996
    outer loop
      vertex 43.53 100 2.38264
      vertex 43.4679 104 2.35327
      vertex 43.4679 100 2.35327
    endloop
  endfacet
  facet normal -0.514389 0 0.857557
    outer loop
      vertex 43.53 104 2.38264
      vertex 43.5889 100 2.41797
      vertex 43.5889 104 2.41797
    endloop
  endfacet
  facet normal -0.514389 0 0.857557
    outer loop
      vertex 43.5889 100 2.41797
      vertex 43.53 104 2.38264
      vertex 43.53 100 2.38264
    endloop
  endfacet
  facet normal -0.595426 0 0.80341
    outer loop
      vertex 43.5889 104 2.41797
      vertex 43.6441 100 2.45888
      vertex 43.6441 104 2.45888
    endloop
  endfacet
  facet normal -0.595426 0 0.80341
    outer loop
      vertex 43.6441 100 2.45888
      vertex 43.5889 104 2.41797
      vertex 43.5889 100 2.41797
    endloop
  endfacet
  facet normal -0.671614 0 0.740901
    outer loop
      vertex 43.6441 104 2.45888
      vertex 43.695 100 2.50502
      vertex 43.695 104 2.50502
    endloop
  endfacet
  facet normal -0.671614 0 0.740901
    outer loop
      vertex 43.695 100 2.50502
      vertex 43.6441 104 2.45888
      vertex 43.6441 100 2.45888
    endloop
  endfacet
  facet normal -0.741191 0 0.671295
    outer loop
      vertex 43.695 100 2.50502
      vertex 43.7411 104 2.55592
      vertex 43.695 104 2.50502
    endloop
  endfacet
  facet normal -0.741191 0 0.671295
    outer loop
      vertex 43.7411 104 2.55592
      vertex 43.695 100 2.50502
      vertex 43.7411 100 2.55592
    endloop
  endfacet
  facet normal -0.803377 0 0.595471
    outer loop
      vertex 43.7411 100 2.55592
      vertex 43.782 104 2.6111
      vertex 43.7411 104 2.55592
    endloop
  endfacet
  facet normal -0.803377 0 0.595471
    outer loop
      vertex 43.782 104 2.6111
      vertex 43.7411 100 2.55592
      vertex 43.782 100 2.6111
    endloop
  endfacet
  facet normal -0.857788 0 0.514003
    outer loop
      vertex 43.782 100 2.6111
      vertex 43.8173 104 2.67001
      vertex 43.782 104 2.6111
    endloop
  endfacet
  facet normal -0.857788 0 0.514003
    outer loop
      vertex 43.8173 104 2.67001
      vertex 43.782 100 2.6111
      vertex 43.8173 100 2.67001
    endloop
  endfacet
  facet normal -0.903853 0 0.427842
    outer loop
      vertex 43.8173 100 2.67001
      vertex 43.8467 104 2.73212
      vertex 43.8173 104 2.67001
    endloop
  endfacet
  facet normal -0.903853 0 0.427842
    outer loop
      vertex 43.8467 104 2.73212
      vertex 43.8173 100 2.67001
      vertex 43.8467 100 2.73212
    endloop
  endfacet
  facet normal -0.94128 0 0.337627
    outer loop
      vertex 43.8467 100 2.73212
      vertex 43.8699 104 2.7968
      vertex 43.8467 104 2.73212
    endloop
  endfacet
  facet normal -0.94128 0 0.337627
    outer loop
      vertex 43.8699 104 2.7968
      vertex 43.8467 100 2.73212
      vertex 43.8699 100 2.7968
    endloop
  endfacet
  facet normal -0.970339 0 0.241747
    outer loop
      vertex 43.8699 100 2.7968
      vertex 43.8865 104 2.86343
      vertex 43.8699 104 2.7968
    endloop
  endfacet
  facet normal -0.970339 0 0.241747
    outer loop
      vertex 43.8865 104 2.86343
      vertex 43.8699 100 2.7968
      vertex 43.8865 100 2.86343
    endloop
  endfacet
  facet normal -0.987826 0 0.155563
    outer loop
      vertex 43.8865 100 2.86343
      vertex 43.8875 104 2.86978
      vertex 43.8865 104 2.86343
    endloop
  endfacet
  facet normal -0.987826 0 0.155563
    outer loop
      vertex 43.8875 104 2.86978
      vertex 43.8865 100 2.86343
      vertex 43.8875 100 2.86978
    endloop
  endfacet
  facet normal -0.384617 0 0.923076
    outer loop
      vertex 43.8875 104 2.86978
      vertex 50 100 5.41667
      vertex 50 104 5.41667
    endloop
  endfacet
  facet normal -0.384617 0 0.923076
    outer loop
      vertex 50 100 5.41667
      vertex 43.8875 104 2.86978
      vertex 43.8875 100 2.86978
    endloop
  endfacet
  facet normal -0.384628 2.58527e-06 0.923072
    outer loop
      vertex 50 100 5.41667
      vertex 51.4482 103.725 6.0201
      vertex 51.1611 103.828 5.90047
    endloop
  endfacet
  facet normal -0.384664 1.52241e-05 0.923057
    outer loop
      vertex 50 100 5.41667
      vertex 51.1611 103.828 5.90047
      vertex 50.7804 103.923 5.74182
    endloop
  endfacet
  facet normal -0.384612 3.04306e-06 0.923078
    outer loop
      vertex 50 100 5.41667
      vertex 50.7804 103.923 5.74182
      vertex 50.3921 103.981 5.58003
    endloop
  endfacet
  facet normal -0.384585 0 0.923089
    outer loop
      vertex 50 100 5.41667
      vertex 50.3921 103.981 5.58003
      vertex 50 104 5.41667
    endloop
  endfacet
  facet normal -0.384623 0 0.923074
    outer loop
      vertex 51.4482 103.725 6.0201
      vertex 50 100 5.41667
      vertex 51.4482 0 6.0201
    endloop
  endfacet
  facet normal -0.384623 0 0.923074
    outer loop
      vertex 51.4482 0 6.0201
      vertex 50 100 5.41667
      vertex 50 0 5.41667
    endloop
  endfacet
  facet normal 0.593767 -0 0.804637
    outer loop
      vertex 51.4482 0 6.0201
      vertex 51.4511 103.724 6.01796
      vertex 51.4482 103.725 6.0201
    endloop
  endfacet
  facet normal 0.593767 0 0.804637
    outer loop
      vertex 51.4511 103.724 6.01796
      vertex 51.4482 0 6.0201
      vertex 51.4511 0 6.01796
    endloop
  endfacet
  facet normal 0.514175 -0 0.857686
    outer loop
      vertex 51.4511 0 6.01796
      vertex 51.51 103.703 5.98265
      vertex 51.4511 103.724 6.01796
    endloop
  endfacet
  facet normal 0.514175 0 0.857686
    outer loop
      vertex 51.51 103.703 5.98265
      vertex 51.4511 0 6.01796
      vertex 51.51 0 5.98265
    endloop
  endfacet
  facet normal 0.429141 0.00451613 0.903226
    outer loop
      vertex 51.51 103.703 5.98265
      vertex 51.5721 103.676 5.95328
      vertex 51.5307 103.696 5.97285
    endloop
  endfacet
  facet normal 0.427542 0 0.903996
    outer loop
      vertex 51.5721 103.676 5.95328
      vertex 51.51 103.703 5.98265
      vertex 51.51 0 5.98265
    endloop
  endfacet
  facet normal 0.427542 0 0.903996
    outer loop
      vertex 51.5721 103.676 5.95328
      vertex 51.51 0 5.98265
      vertex 51.5721 0 5.95328
    endloop
  endfacet
  facet normal 0.336889 -0 0.941544
    outer loop
      vertex 51.5721 0 5.95328
      vertex 51.6368 103.645 5.93013
      vertex 51.5721 103.676 5.95328
    endloop
  endfacet
  facet normal 0.336889 0 0.941544
    outer loop
      vertex 51.6368 103.645 5.93013
      vertex 51.5721 0 5.95328
      vertex 51.6368 0 5.93013
    endloop
  endfacet
  facet normal 0.243084 -0 0.970005
    outer loop
      vertex 51.6368 0 5.93013
      vertex 51.7034 103.614 5.91344
      vertex 51.6368 103.645 5.93013
    endloop
  endfacet
  facet normal 0.243084 0 0.970005
    outer loop
      vertex 51.7034 103.614 5.91344
      vertex 51.6368 0 5.93013
      vertex 51.7034 0 5.91344
    endloop
  endfacet
  facet normal 0.146491 -0 0.989212
    outer loop
      vertex 51.7034 0 5.91344
      vertex 51.7714 103.582 5.90337
      vertex 51.7034 103.614 5.91344
    endloop
  endfacet
  facet normal 0.146491 0 0.989212
    outer loop
      vertex 51.7714 103.582 5.90337
      vertex 51.7034 0 5.91344
      vertex 51.7714 0 5.90337
    endloop
  endfacet
  facet normal 0.0492114 -0 0.998788
    outer loop
      vertex 51.7714 0 5.90337
      vertex 51.84 103.549 5.89999
      vertex 51.7714 103.582 5.90337
    endloop
  endfacet
  facet normal 0.0492114 0 0.998788
    outer loop
      vertex 51.84 103.549 5.89999
      vertex 51.7714 0 5.90337
      vertex 51.84 0 5.89999
    endloop
  endfacet
  facet normal -0.0499376 -0.00142679 0.998751
    outer loop
      vertex 51.84 103.549 5.89999
      vertex 51.9086 103.514 5.90337
      vertex 51.8856 103.528 5.90224
    endloop
  endfacet
  facet normal -0.0492114 0 0.998788
    outer loop
      vertex 51.9086 103.514 5.90337
      vertex 51.84 103.549 5.89999
      vertex 51.84 0 5.89999
    endloop
  endfacet
  facet normal -0.0492114 0 0.998788
    outer loop
      vertex 51.9086 103.514 5.90337
      vertex 51.84 0 5.89999
      vertex 51.9086 0 5.90337
    endloop
  endfacet
  facet normal -0.146491 0 0.989212
    outer loop
      vertex 51.9086 0 5.90337
      vertex 51.9766 103.473 5.91344
      vertex 51.9086 103.514 5.90337
    endloop
  endfacet
  facet normal -0.146491 0 0.989212
    outer loop
      vertex 51.9766 103.473 5.91344
      vertex 51.9086 0 5.90337
      vertex 51.9766 0 5.91344
    endloop
  endfacet
  facet normal -0.243084 0 0.970005
    outer loop
      vertex 51.9766 0 5.91344
      vertex 52.0432 103.433 5.93013
      vertex 51.9766 103.473 5.91344
    endloop
  endfacet
  facet normal -0.243084 0 0.970005
    outer loop
      vertex 52.0432 103.433 5.93013
      vertex 51.9766 0 5.91344
      vertex 52.0432 0 5.93013
    endloop
  endfacet
  facet normal -0.336889 0 0.941544
    outer loop
      vertex 52.0432 0 5.93013
      vertex 52.1079 103.394 5.95328
      vertex 52.0432 103.433 5.93013
    endloop
  endfacet
  facet normal -0.336889 0 0.941544
    outer loop
      vertex 52.1079 103.394 5.95328
      vertex 52.0432 0 5.93013
      vertex 52.1079 0 5.95328
    endloop
  endfacet
  facet normal -0.427542 0 0.903996
    outer loop
      vertex 52.1079 0 5.95328
      vertex 52.17 103.357 5.98265
      vertex 52.1079 103.394 5.95328
    endloop
  endfacet
  facet normal -0.427542 0 0.903996
    outer loop
      vertex 52.17 103.357 5.98265
      vertex 52.1079 0 5.95328
      vertex 52.17 0 5.98265
    endloop
  endfacet
  facet normal -0.508775 0.0119062 0.860817
    outer loop
      vertex 52.17 103.357 5.98265
      vertex 52.2289 103.321 6.01796
      vertex 52.2223 103.326 6.01399
    endloop
  endfacet
  facet normal -0.514175 0 0.857686
    outer loop
      vertex 52.2289 103.321 6.01796
      vertex 52.17 103.357 5.98265
      vertex 52.17 0 5.98265
    endloop
  endfacet
  facet normal -0.514175 0 0.857686
    outer loop
      vertex 52.2289 103.321 6.01796
      vertex 52.17 0 5.98265
      vertex 52.2289 0 6.01796
    endloop
  endfacet
  facet normal -0.59552 0 0.803341
    outer loop
      vertex 52.2289 0 6.01796
      vertex 52.2841 103.28 6.05888
      vertex 52.2289 103.321 6.01796
    endloop
  endfacet
  facet normal -0.59552 0 0.803341
    outer loop
      vertex 52.2841 103.28 6.05888
      vertex 52.2289 0 6.01796
      vertex 52.2841 0 6.05888
    endloop
  endfacet
  facet normal -0.671534 0 0.740973
    outer loop
      vertex 52.2841 0 6.05888
      vertex 52.335 103.242 6.10501
      vertex 52.2841 103.28 6.05888
    endloop
  endfacet
  facet normal -0.671534 0 0.740973
    outer loop
      vertex 52.335 103.242 6.10501
      vertex 52.2841 0 6.05888
      vertex 52.335 0 6.10501
    endloop
  endfacet
  facet normal -0.741191 0 0.671295
    outer loop
      vertex 52.335 0 6.10501
      vertex 52.3811 103.208 6.15591
      vertex 52.335 103.242 6.10501
    endloop
  endfacet
  facet normal -0.741191 0 0.671295
    outer loop
      vertex 52.3811 103.208 6.15591
      vertex 52.335 0 6.10501
      vertex 52.3811 0 6.15591
    endloop
  endfacet
  facet normal -0.803377 0 0.595471
    outer loop
      vertex 52.3811 0 6.15591
      vertex 52.422 103.178 6.21109
      vertex 52.3811 103.208 6.15591
    endloop
  endfacet
  facet normal -0.803377 0 0.595471
    outer loop
      vertex 52.422 103.178 6.21109
      vertex 52.3811 0 6.15591
      vertex 52.422 0 6.21109
    endloop
  endfacet
  facet normal -0.857865 0 0.513875
    outer loop
      vertex 52.422 0 6.21109
      vertex 52.4573 103.152 6.27002
      vertex 52.422 103.178 6.21109
    endloop
  endfacet
  facet normal -0.857865 0 0.513875
    outer loop
      vertex 52.4573 103.152 6.27002
      vertex 52.422 0 6.21109
      vertex 52.4573 0 6.27002
    endloop
  endfacet
  facet normal -0.9038 0 0.427955
    outer loop
      vertex 52.4573 0 6.27002
      vertex 52.4867 103.13 6.33211
      vertex 52.4573 103.152 6.27002
    endloop
  endfacet
  facet normal -0.9038 0 0.427955
    outer loop
      vertex 52.4867 103.13 6.33211
      vertex 52.4573 0 6.27002
      vertex 52.4867 0 6.33211
    endloop
  endfacet
  facet normal -0.94128 0 0.337627
    outer loop
      vertex 52.4867 0 6.33211
      vertex 52.5099 103.113 6.39679
      vertex 52.4867 103.13 6.33211
    endloop
  endfacet
  facet normal -0.94128 0 0.337627
    outer loop
      vertex 52.5099 103.113 6.39679
      vertex 52.4867 0 6.33211
      vertex 52.5099 0 6.39679
    endloop
  endfacet
  facet normal -0.970339 0 0.241747
    outer loop
      vertex 52.5099 0 6.39679
      vertex 52.5265 103.1 6.46342
      vertex 52.5099 103.113 6.39679
    endloop
  endfacet
  facet normal -0.970339 0 0.241747
    outer loop
      vertex 52.5265 103.1 6.46342
      vertex 52.5099 0 6.39679
      vertex 52.5265 0 6.46342
    endloop
  endfacet
  facet normal -0.989139 0 0.146981
    outer loop
      vertex 52.5265 0 6.46342
      vertex 52.5366 103.093 6.53139
      vertex 52.5265 103.1 6.46342
    endloop
  endfacet
  facet normal -0.989139 0 0.146981
    outer loop
      vertex 52.5366 103.093 6.53139
      vertex 52.5265 0 6.46342
      vertex 52.5366 0 6.53139
    endloop
  endfacet
  facet normal 0.95915 0.280692 -0.0352629
    outer loop
      vertex 52.5366 103.093 6.53139
      vertex 52.54 103.09 6.59999
      vertex 52.5376 103.092 6.55063
    endloop
  endfacet
  facet normal -0.998774 0 0.0495019
    outer loop
      vertex 52.5366 0 6.53139
      vertex 52.54 103.09 6.59999
      vertex 52.5366 103.093 6.53139
    endloop
  endfacet
  facet normal -0.998774 0 0.0495019
    outer loop
      vertex 52.54 103.09 6.59999
      vertex 52.5366 0 6.53139
      vertex 52.54 0 6.59999
    endloop
  endfacet
  facet normal 0.959411 0.279792 0.0353049
    outer loop
      vertex 52.54 103.09 6.59999
      vertex 52.5366 103.093 6.66861
      vertex 52.5376 103.092 6.64936
    endloop
  endfacet
  facet normal -0.998775 0 -0.0494875
    outer loop
      vertex 52.5366 0 6.66861
      vertex 52.54 103.09 6.59999
      vertex 52.54 0 6.59999
    endloop
  endfacet
  facet normal -0.998775 0 -0.0494875
    outer loop
      vertex 52.54 103.09 6.59999
      vertex 52.5366 0 6.66861
      vertex 52.5366 103.093 6.66861
    endloop
  endfacet
  facet normal -0.989133 0 -0.147023
    outer loop
      vertex 52.5265 0 6.73656
      vertex 52.5366 103.093 6.66861
      vertex 52.5366 0 6.66861
    endloop
  endfacet
  facet normal -0.989133 0 -0.147023
    outer loop
      vertex 52.5366 103.093 6.66861
      vertex 52.5265 0 6.73656
      vertex 52.5265 103.1 6.73656
    endloop
  endfacet
  facet normal -0.970339 0 -0.241747
    outer loop
      vertex 52.5099 0 6.80319
      vertex 52.5265 103.1 6.73656
      vertex 52.5265 0 6.73656
    endloop
  endfacet
  facet normal -0.970339 0 -0.241747
    outer loop
      vertex 52.5265 103.1 6.73656
      vertex 52.5099 0 6.80319
      vertex 52.5099 103.113 6.80319
    endloop
  endfacet
  facet normal -0.94128 0 -0.337627
    outer loop
      vertex 52.4867 0 6.86787
      vertex 52.5099 103.113 6.80319
      vertex 52.5099 0 6.80319
    endloop
  endfacet
  facet normal -0.94128 0 -0.337627
    outer loop
      vertex 52.5099 103.113 6.80319
      vertex 52.4867 0 6.86787
      vertex 52.4867 103.13 6.86787
    endloop
  endfacet
  facet normal -0.903853 0 -0.427842
    outer loop
      vertex 52.4573 0 6.92998
      vertex 52.4867 103.13 6.86787
      vertex 52.4867 0 6.86787
    endloop
  endfacet
  facet normal -0.903853 0 -0.427842
    outer loop
      vertex 52.4867 103.13 6.86787
      vertex 52.4573 0 6.92998
      vertex 52.4573 103.152 6.92998
    endloop
  endfacet
  facet normal -0.857788 0 -0.514003
    outer loop
      vertex 52.422 0 6.98889
      vertex 52.4573 103.152 6.92998
      vertex 52.4573 0 6.92998
    endloop
  endfacet
  facet normal -0.857788 0 -0.514003
    outer loop
      vertex 52.4573 103.152 6.92998
      vertex 52.422 0 6.98889
      vertex 52.422 103.178 6.98889
    endloop
  endfacet
  facet normal -0.803377 0 -0.595471
    outer loop
      vertex 52.3811 0 7.04407
      vertex 52.422 103.178 6.98889
      vertex 52.422 0 6.98889
    endloop
  endfacet
  facet normal -0.803377 0 -0.595471
    outer loop
      vertex 52.422 103.178 6.98889
      vertex 52.3811 0 7.04407
      vertex 52.3811 103.208 7.04407
    endloop
  endfacet
  facet normal -0.741191 0 -0.671295
    outer loop
      vertex 52.335 0 7.09497
      vertex 52.3811 103.208 7.04407
      vertex 52.3811 0 7.04407
    endloop
  endfacet
  facet normal -0.741191 0 -0.671295
    outer loop
      vertex 52.3811 103.208 7.04407
      vertex 52.335 0 7.09497
      vertex 52.335 103.242 7.09497
    endloop
  endfacet
  facet normal -0.671534 0 -0.740973
    outer loop
      vertex 52.2841 0 7.1411
      vertex 52.335 103.242 7.09497
      vertex 52.335 0 7.09497
    endloop
  endfacet
  facet normal -0.671534 0 -0.740973
    outer loop
      vertex 52.335 103.242 7.09497
      vertex 52.2841 0 7.1411
      vertex 52.2841 103.28 7.1411
    endloop
  endfacet
  facet normal -0.59552 0 -0.803341
    outer loop
      vertex 52.2289 0 7.18202
      vertex 52.2841 103.28 7.1411
      vertex 52.2841 0 7.1411
    endloop
  endfacet
  facet normal -0.59552 0 -0.803341
    outer loop
      vertex 52.2841 103.28 7.1411
      vertex 52.2289 0 7.18202
      vertex 52.2289 103.321 7.18202
    endloop
  endfacet
  facet normal -0.514175 0 -0.857686
    outer loop
      vertex 52.17 0 7.21733
      vertex 52.2289 103.321 7.18202
      vertex 52.2289 0 7.18202
    endloop
  endfacet
  facet normal -0.514175 -0 -0.857686
    outer loop
      vertex 52.17 103.357 7.21733
      vertex 52.2289 103.321 7.18202
      vertex 52.17 0 7.21733
    endloop
  endfacet
  facet normal -0.508775 0.0119062 -0.860817
    outer loop
      vertex 52.2289 103.321 7.18202
      vertex 52.17 103.357 7.21733
      vertex 52.2223 103.326 7.18599
    endloop
  endfacet
  facet normal -0.427542 0 -0.903996
    outer loop
      vertex 52.1079 0 7.2467
      vertex 52.17 103.357 7.21733
      vertex 52.17 0 7.21733
    endloop
  endfacet
  facet normal -0.427542 0 -0.903996
    outer loop
      vertex 52.17 103.357 7.21733
      vertex 52.1079 0 7.2467
      vertex 52.1079 103.394 7.2467
    endloop
  endfacet
  facet normal -0.336889 0 -0.941544
    outer loop
      vertex 52.0432 0 7.26985
      vertex 52.1079 103.394 7.2467
      vertex 52.1079 0 7.2467
    endloop
  endfacet
  facet normal -0.336889 0 -0.941544
    outer loop
      vertex 52.1079 103.394 7.2467
      vertex 52.0432 0 7.26985
      vertex 52.0432 103.433 7.26985
    endloop
  endfacet
  facet normal -0.243084 0 -0.970005
    outer loop
      vertex 51.9766 0 7.28654
      vertex 52.0432 103.433 7.26985
      vertex 52.0432 0 7.26985
    endloop
  endfacet
  facet normal -0.243084 0 -0.970005
    outer loop
      vertex 52.0432 103.433 7.26985
      vertex 51.9766 0 7.28654
      vertex 51.9766 103.473 7.28654
    endloop
  endfacet
  facet normal -0.146633 0 -0.989191
    outer loop
      vertex 51.9086 0 7.29662
      vertex 51.9766 103.473 7.28654
      vertex 51.9766 0 7.28654
    endloop
  endfacet
  facet normal -0.146633 0 -0.989191
    outer loop
      vertex 51.9766 103.473 7.28654
      vertex 51.9086 0 7.29662
      vertex 51.9086 103.514 7.29662
    endloop
  endfacet
  facet normal -0.0490662 0 -0.998796
    outer loop
      vertex 51.84 0 7.29999
      vertex 51.9086 103.514 7.29662
      vertex 51.9086 0 7.29662
    endloop
  endfacet
  facet normal -0.0490662 -0 -0.998796
    outer loop
      vertex 51.84 103.549 7.29999
      vertex 51.9086 103.514 7.29662
      vertex 51.84 0 7.29999
    endloop
  endfacet
  facet normal -0.04904 5.14181e-05 -0.998797
    outer loop
      vertex 51.9086 103.514 7.29662
      vertex 51.84 103.549 7.29999
      vertex 51.8856 103.528 7.29775
    endloop
  endfacet
  facet normal 0.0490662 0 -0.998796
    outer loop
      vertex 51.7714 0 7.29662
      vertex 51.84 103.549 7.29999
      vertex 51.84 0 7.29999
    endloop
  endfacet
  facet normal 0.0490662 0 -0.998796
    outer loop
      vertex 51.84 103.549 7.29999
      vertex 51.7714 0 7.29662
      vertex 51.7714 103.582 7.29662
    endloop
  endfacet
  facet normal 0.146633 0 -0.989191
    outer loop
      vertex 51.7034 0 7.28654
      vertex 51.7714 103.582 7.29662
      vertex 51.7714 0 7.29662
    endloop
  endfacet
  facet normal 0.146633 0 -0.989191
    outer loop
      vertex 51.7714 103.582 7.29662
      vertex 51.7034 0 7.28654
      vertex 51.7034 103.614 7.28654
    endloop
  endfacet
  facet normal 0.243084 0 -0.970005
    outer loop
      vertex 51.6368 0 7.26985
      vertex 51.7034 103.614 7.28654
      vertex 51.7034 0 7.28654
    endloop
  endfacet
  facet normal 0.243084 0 -0.970005
    outer loop
      vertex 51.7034 103.614 7.28654
      vertex 51.6368 0 7.26985
      vertex 51.6368 103.645 7.26985
    endloop
  endfacet
  facet normal 0.336889 0 -0.941544
    outer loop
      vertex 51.5721 0 7.2467
      vertex 51.6368 103.645 7.26985
      vertex 51.6368 0 7.26985
    endloop
  endfacet
  facet normal 0.336889 0 -0.941544
    outer loop
      vertex 51.6368 103.645 7.26985
      vertex 51.5721 0 7.2467
      vertex 51.5721 103.676 7.2467
    endloop
  endfacet
  facet normal 0.427489 0 -0.904021
    outer loop
      vertex 51.5168 0 7.22055
      vertex 51.5721 103.676 7.2467
      vertex 51.5721 0 7.2467
    endloop
  endfacet
  facet normal 0.427489 0 -0.904021
    outer loop
      vertex 51.5168 103.7 7.22055
      vertex 51.5721 103.676 7.2467
      vertex 51.5168 0 7.22055
    endloop
  endfacet
  facet normal 0.430158 0.00756552 -0.902722
    outer loop
      vertex 51.5721 103.676 7.2467
      vertex 51.5168 103.7 7.22055
      vertex 51.5307 103.696 7.22714
    endloop
  endfacet
  facet normal -0.82308 0 -0.567925
    outer loop
      vertex 51.5168 0 7.22055
      vertex 50 100 9.41881
      vertex 51.5168 103.7 7.22055
    endloop
  endfacet
  facet normal -0.82308 -0 -0.567925
    outer loop
      vertex 50 100 9.41881
      vertex 51.5168 0 7.22055
      vertex 50 0 9.41881
    endloop
  endfacet
  facet normal -0.823061 0 -0.567953
    outer loop
      vertex 50 100 9.41881
      vertex 50 104 9.41881
      vertex 50.3921 103.981 8.85059
    endloop
  endfacet
  facet normal -0.823074 3.81191e-06 -0.567935
    outer loop
      vertex 50 100 9.41881
      vertex 50.3921 103.981 8.85059
      vertex 50.7804 103.923 8.28785
    endloop
  endfacet
  facet normal -0.823126 3.603e-05 -0.567859
    outer loop
      vertex 50 100 9.41881
      vertex 50.7804 103.923 8.28785
      vertex 51.1611 103.828 7.73601
    endloop
  endfacet
  facet normal -0.823059 -2.68341e-05 -0.567956
    outer loop
      vertex 50 100 9.41881
      vertex 51.1611 103.828 7.73601
      vertex 51.5168 103.7 7.22055
    endloop
  endfacet
  facet normal -0.823088 -0 -0.567914
    outer loop
      vertex 50 104 9.41881
      vertex 50 100 9.41881
      vertex 48.5792 104 11.478
    endloop
  endfacet
  facet normal -0.823088 -0 -0.567914
    outer loop
      vertex 48.5792 104 11.478
      vertex 50 100 9.41881
      vertex 48.5792 100 11.478
    endloop
  endfacet
  facet normal -0.671434 0 0.741064
    outer loop
      vertex 48.5792 104 11.478
      vertex 48.609 100 11.505
      vertex 48.609 104 11.505
    endloop
  endfacet
  facet normal -0.671434 0 0.741064
    outer loop
      vertex 48.609 100 11.505
      vertex 48.5792 104 11.478
      vertex 48.5792 100 11.478
    endloop
  endfacet
  facet normal -0.741191 0 0.671295
    outer loop
      vertex 48.609 100 11.505
      vertex 48.6551 104 11.5559
      vertex 48.609 104 11.505
    endloop
  endfacet
  facet normal -0.741191 0 0.671295
    outer loop
      vertex 48.6551 104 11.5559
      vertex 48.609 100 11.505
      vertex 48.6551 100 11.5559
    endloop
  endfacet
  facet normal -0.80348 0 0.595332
    outer loop
      vertex 48.6551 100 11.5559
      vertex 48.696 104 11.6111
      vertex 48.6551 104 11.5559
    endloop
  endfacet
  facet normal -0.80348 0 0.595332
    outer loop
      vertex 48.696 104 11.6111
      vertex 48.6551 100 11.5559
      vertex 48.696 100 11.6111
    endloop
  endfacet
  facet normal -0.85775 0 0.514067
    outer loop
      vertex 48.696 100 11.6111
      vertex 48.7313 104 11.67
      vertex 48.696 104 11.6111
    endloop
  endfacet
  facet normal -0.85775 0 0.514067
    outer loop
      vertex 48.7313 104 11.67
      vertex 48.696 100 11.6111
      vertex 48.7313 100 11.67
    endloop
  endfacet
  facet normal -0.903827 0 0.427899
    outer loop
      vertex 48.7313 100 11.67
      vertex 48.7607 104 11.7321
      vertex 48.7313 104 11.67
    endloop
  endfacet
  facet normal -0.903827 0 0.427899
    outer loop
      vertex 48.7607 104 11.7321
      vertex 48.7313 100 11.67
      vertex 48.7607 100 11.7321
    endloop
  endfacet
  facet normal -0.941775 0 0.336244
    outer loop
      vertex 48.7607 100 11.7321
      vertex 48.7838 104 11.7968
      vertex 48.7607 104 11.7321
    endloop
  endfacet
  facet normal -0.941775 0 0.336244
    outer loop
      vertex 48.7838 104 11.7968
      vertex 48.7607 100 11.7321
      vertex 48.7838 100 11.7968
    endloop
  endfacet
  facet normal -0.969971 0 0.243221
    outer loop
      vertex 48.7838 100 11.7968
      vertex 48.8005 104 11.8634
      vertex 48.7838 104 11.7968
    endloop
  endfacet
  facet normal -0.969971 0 0.243221
    outer loop
      vertex 48.8005 104 11.8634
      vertex 48.7838 100 11.7968
      vertex 48.8005 100 11.8634
    endloop
  endfacet
  facet normal -0.989149 0 0.146918
    outer loop
      vertex 48.8005 100 11.8634
      vertex 48.8106 104 11.9314
      vertex 48.8005 104 11.8634
    endloop
  endfacet
  facet normal -0.989149 0 0.146918
    outer loop
      vertex 48.8106 104 11.9314
      vertex 48.8005 100 11.8634
      vertex 48.8106 100 11.9314
    endloop
  endfacet
  facet normal -0.998774 0 0.0495019
    outer loop
      vertex 48.8106 100 11.9314
      vertex 48.814 104 12
      vertex 48.8106 104 11.9314
    endloop
  endfacet
  facet normal -0.998774 0 0.0495019
    outer loop
      vertex 48.814 104 12
      vertex 48.8106 100 11.9314
      vertex 48.814 100 12
    endloop
  endfacet
  facet normal -0.998752 0 -0.0499376
    outer loop
      vertex 48.814 100 12
      vertex 48.8135 104 12.01
      vertex 48.814 104 12
    endloop
  endfacet
  facet normal -0.998752 -0 -0.0499376
    outer loop
      vertex 48.8135 104 12.01
      vertex 48.814 100 12
      vertex 48.8135 100 12.01
    endloop
  endfacet
  facet normal 0.998752 0 -0.0499376
    outer loop
      vertex 47.4145 100 12.01
      vertex 47.414 104 12
      vertex 47.4145 104 12.01
    endloop
  endfacet
  facet normal 0.998752 0 -0.0499376
    outer loop
      vertex 47.414 104 12
      vertex 47.4145 100 12.01
      vertex 47.414 100 12
    endloop
  endfacet
  facet normal 0 0 -1
    outer loop
      vertex 6.586 100 12
      vertex 47.414 104 12
      vertex 47.414 100 12
    endloop
  endfacet
  facet normal -0 0 -1
    outer loop
      vertex 47.414 104 12
      vertex 6.586 100 12
      vertex 6.586 104 12
    endloop
  endfacet
  facet normal -0.998802 0 -0.0489413
    outer loop
      vertex 6.586 100 12
      vertex 6.58551 104 12.01
      vertex 6.586 104 12
    endloop
  endfacet
  facet normal -0.998802 -0 -0.0489413
    outer loop
      vertex 6.58551 104 12.01
      vertex 6.586 100 12
      vertex 6.58551 100 12.01
    endloop
  endfacet
  facet normal 0.998802 0 -0.0489413
    outer loop
      vertex 5.18648 100 12.01
      vertex 5.18599 104 12
      vertex 5.18648 104 12.01
    endloop
  endfacet
  facet normal 0.998802 0 -0.0489413
    outer loop
      vertex 5.18599 104 12
      vertex 5.18648 100 12.01
      vertex 5.18599 100 12
    endloop
  endfacet
  facet normal 0.998796 -0 0.0490662
    outer loop
      vertex 5.18599 100 12
      vertex 5.18936 104 11.9314
      vertex 5.18599 104 12
    endloop
  endfacet
  facet normal 0.998796 0 0.0490662
    outer loop
      vertex 5.18936 104 11.9314
      vertex 5.18599 100 12
      vertex 5.18936 100 11.9314
    endloop
  endfacet
  facet normal 0.98917 -0 0.146775
    outer loop
      vertex 5.18936 100 11.9314
      vertex 5.19945 104 11.8634
      vertex 5.18936 104 11.9314
    endloop
  endfacet
  facet normal 0.98917 0 0.146775
    outer loop
      vertex 5.19945 104 11.8634
      vertex 5.18936 100 11.9314
      vertex 5.19945 100 11.8634
    endloop
  endfacet
  facet normal 0.970005 -0 0.243084
    outer loop
      vertex 5.19945 100 11.8634
      vertex 5.21614 104 11.7968
      vertex 5.19945 104 11.8634
    endloop
  endfacet
  facet normal 0.970005 0 0.243084
    outer loop
      vertex 5.21614 104 11.7968
      vertex 5.19945 100 11.8634
      vertex 5.21614 100 11.7968
    endloop
  endfacet
  facet normal 0.941636 -0 0.336631
    outer loop
      vertex 5.21614 100 11.7968
      vertex 5.23927 104 11.7321
      vertex 5.21614 104 11.7968
    endloop
  endfacet
  facet normal 0.941636 0 0.336631
    outer loop
      vertex 5.23927 104 11.7321
      vertex 5.21614 100 11.7968
      vertex 5.23927 100 11.7321
    endloop
  endfacet
  facet normal 0.903939 -0 0.427661
    outer loop
      vertex 5.23927 100 11.7321
      vertex 5.26865 104 11.67
      vertex 5.23927 104 11.7321
    endloop
  endfacet
  facet normal 0.903939 0 0.427661
    outer loop
      vertex 5.26865 104 11.67
      vertex 5.23927 100 11.7321
      vertex 5.26865 100 11.67
    endloop
  endfacet
  facet normal 0.857621 -0 0.514282
    outer loop
      vertex 5.26865 100 11.67
      vertex 5.30397 104 11.6111
      vertex 5.26865 104 11.67
    endloop
  endfacet
  facet normal 0.857621 0 0.514282
    outer loop
      vertex 5.30397 104 11.6111
      vertex 5.26865 100 11.67
      vertex 5.30397 100 11.6111
    endloop
  endfacet
  facet normal 0.80341 -0 0.595426
    outer loop
      vertex 5.30397 100 11.6111
      vertex 5.34488 104 11.5559
      vertex 5.30397 104 11.6111
    endloop
  endfacet
  facet normal 0.80341 0 0.595426
    outer loop
      vertex 5.34488 104 11.5559
      vertex 5.30397 100 11.6111
      vertex 5.34488 100 11.5559
    endloop
  endfacet
  facet normal 0.740901 -0 0.671614
    outer loop
      vertex 5.34488 100 11.5559
      vertex 5.39102 104 11.505
      vertex 5.34488 104 11.5559
    endloop
  endfacet
  facet normal 0.740901 0 0.671614
    outer loop
      vertex 5.39102 104 11.505
      vertex 5.34488 100 11.5559
      vertex 5.39102 100 11.505
    endloop
  endfacet
  facet normal 0.671434 0 0.741064
    outer loop
      vertex 5.39102 104 11.505
      vertex 5.42082 100 11.478
      vertex 5.42082 104 11.478
    endloop
  endfacet
  facet normal 0.671434 0 0.741064
    outer loop
      vertex 5.42082 100 11.478
      vertex 5.39102 104 11.505
      vertex 5.39102 100 11.505
    endloop
  endfacet
  facet normal 0.82308 0 -0.567925
    outer loop
      vertex 5.42082 100 11.478
      vertex 2.48318 104 7.22055
      vertex 5.42082 104 11.478
    endloop
  endfacet
  facet normal 0.82308 0 -0.567925
    outer loop
      vertex 2.48318 104 7.22055
      vertex 5.42082 100 11.478
      vertex 2.48318 100 7.22055
    endloop
  endfacet
  facet normal -0.427426 0 -0.90405
    outer loop
      vertex 2.42787 100 7.2467
      vertex 2.48318 104 7.22055
      vertex 2.48318 100 7.22055
    endloop
  endfacet
  facet normal -0.427426 0 -0.90405
    outer loop
      vertex 2.48318 104 7.22055
      vertex 2.42787 100 7.2467
      vertex 2.42787 104 7.2467
    endloop
  endfacet
  facet normal -0.336982 0 -0.941511
    outer loop
      vertex 2.36319 100 7.26985
      vertex 2.42787 104 7.2467
      vertex 2.42787 100 7.2467
    endloop
  endfacet
  facet normal -0.336982 0 -0.941511
    outer loop
      vertex 2.42787 104 7.2467
      vertex 2.36319 100 7.26985
      vertex 2.36319 104 7.26985
    endloop
  endfacet
  facet normal -0.242947 0 -0.97004
    outer loop
      vertex 2.29655 100 7.28654
      vertex 2.36319 104 7.26985
      vertex 2.36319 100 7.26985
    endloop
  endfacet
  facet normal -0.242947 0 -0.97004
    outer loop
      vertex 2.36319 104 7.26985
      vertex 2.29655 100 7.28654
      vertex 2.29655 104 7.28654
    endloop
  endfacet
  facet normal -0.14676 0 -0.989172
    outer loop
      vertex 2.22861 100 7.29662
      vertex 2.29655 104 7.28654
      vertex 2.29655 100 7.28654
    endloop
  endfacet
  facet normal -0.14676 0 -0.989172
    outer loop
      vertex 2.29655 104 7.28654
      vertex 2.22861 100 7.29662
      vertex 2.22861 104 7.29662
    endloop
  endfacet
  facet normal -0.0490519 0 -0.998796
    outer loop
      vertex 2.15999 100 7.29999
      vertex 2.22861 104 7.29662
      vertex 2.22861 100 7.29662
    endloop
  endfacet
  facet normal -0.0490519 0 -0.998796
    outer loop
      vertex 2.22861 104 7.29662
      vertex 2.15999 100 7.29999
      vertex 2.15999 104 7.29999
    endloop
  endfacet
  facet normal 0.0490591 0 -0.998796
    outer loop
      vertex 2.09138 100 7.29662
      vertex 2.15999 104 7.29999
      vertex 2.15999 100 7.29999
    endloop
  endfacet
  facet normal 0.0490591 0 -0.998796
    outer loop
      vertex 2.15999 104 7.29999
      vertex 2.09138 100 7.29662
      vertex 2.09138 104 7.29662
    endloop
  endfacet
  facet normal 0.146717 0 -0.989178
    outer loop
      vertex 2.02342 100 7.28654
      vertex 2.09138 104 7.29662
      vertex 2.09138 100 7.29662
    endloop
  endfacet
  facet normal 0.146717 0 -0.989178
    outer loop
      vertex 2.09138 104 7.29662
      vertex 2.02342 100 7.28654
      vertex 2.02342 104 7.28654
    endloop
  endfacet
  facet normal 0.242981 0 -0.970031
    outer loop
      vertex 1.95679 100 7.26985
      vertex 2.02342 104 7.28654
      vertex 2.02342 100 7.28654
    endloop
  endfacet
  facet normal 0.242981 0 -0.970031
    outer loop
      vertex 2.02342 104 7.28654
      vertex 1.95679 100 7.26985
      vertex 1.95679 104 7.26985
    endloop
  endfacet
  facet normal 0.337028 0 -0.941495
    outer loop
      vertex 1.89212 100 7.2467
      vertex 1.95679 104 7.26985
      vertex 1.95679 100 7.26985
    endloop
  endfacet
  facet normal 0.337028 0 -0.941495
    outer loop
      vertex 1.95679 104 7.26985
      vertex 1.89212 100 7.2467
      vertex 1.89212 104 7.2467
    endloop
  endfacet
  facet normal 0.427542 0 -0.903996
    outer loop
      vertex 1.83002 100 7.21733
      vertex 1.89212 104 7.2467
      vertex 1.89212 100 7.2467
    endloop
  endfacet
  facet normal 0.427542 0 -0.903996
    outer loop
      vertex 1.89212 104 7.2467
      vertex 1.83002 100 7.21733
      vertex 1.83002 104 7.21733
    endloop
  endfacet
  facet normal 0.513982 0 -0.857801
    outer loop
      vertex 1.77109 100 7.18202
      vertex 1.83002 104 7.21733
      vertex 1.83002 100 7.21733
    endloop
  endfacet
  facet normal 0.513982 0 -0.857801
    outer loop
      vertex 1.83002 104 7.21733
      vertex 1.77109 100 7.18202
      vertex 1.77109 104 7.18202
    endloop
  endfacet
  facet normal 0.595659 0 -0.803237
    outer loop
      vertex 1.71591 100 7.1411
      vertex 1.77109 104 7.18202
      vertex 1.77109 100 7.18202
    endloop
  endfacet
  facet normal 0.595659 0 -0.803237
    outer loop
      vertex 1.77109 104 7.18202
      vertex 1.71591 100 7.1411
      vertex 1.71591 104 7.1411
    endloop
  endfacet
  facet normal 0.671607 0 -0.740908
    outer loop
      vertex 1.66502 100 7.09497
      vertex 1.71591 104 7.1411
      vertex 1.71591 100 7.1411
    endloop
  endfacet
  facet normal 0.671607 0 -0.740908
    outer loop
      vertex 1.71591 104 7.1411
      vertex 1.66502 100 7.09497
      vertex 1.66502 104 7.09497
    endloop
  endfacet
  facet normal 0.740901 0 -0.671614
    outer loop
      vertex 1.66502 100 7.09497
      vertex 1.61888 104 7.04407
      vertex 1.66502 104 7.09497
    endloop
  endfacet
  facet normal 0.740901 0 -0.671614
    outer loop
      vertex 1.61888 104 7.04407
      vertex 1.66502 100 7.09497
      vertex 1.61888 100 7.04407
    endloop
  endfacet
  facet normal 0.803237 0 -0.595659
    outer loop
      vertex 1.61888 100 7.04407
      vertex 1.57796 104 6.98889
      vertex 1.61888 104 7.04407
    endloop
  endfacet
  facet normal 0.803237 0 -0.595659
    outer loop
      vertex 1.57796 104 6.98889
      vertex 1.61888 100 7.04407
      vertex 1.57796 100 6.98889
    endloop
  endfacet
  facet normal 0.857724 0 -0.51411
    outer loop
      vertex 1.57796 100 6.98889
      vertex 1.54265 104 6.92998
      vertex 1.57796 104 6.98889
    endloop
  endfacet
  facet normal 0.857724 0 -0.51411
    outer loop
      vertex 1.54265 104 6.92998
      vertex 1.57796 100 6.98889
      vertex 1.54265 100 6.92998
    endloop
  endfacet
  facet normal 0.904022 0 -0.427486
    outer loop
      vertex 1.54265 100 6.92998
      vertex 1.51328 104 6.86787
      vertex 1.54265 104 6.92998
    endloop
  endfacet
  facet normal 0.904022 0 -0.427486
    outer loop
      vertex 1.51328 104 6.86787
      vertex 1.54265 100 6.92998
      vertex 1.51328 100 6.86787
    endloop
  endfacet
  facet normal 0.941511 0 -0.336982
    outer loop
      vertex 1.51328 100 6.86787
      vertex 1.49013 104 6.80319
      vertex 1.51328 104 6.86787
    endloop
  endfacet
  facet normal 0.941511 0 -0.336982
    outer loop
      vertex 1.49013 104 6.80319
      vertex 1.51328 100 6.86787
      vertex 1.49013 100 6.80319
    endloop
  endfacet
  facet normal 0.970065 0 -0.242844
    outer loop
      vertex 1.49013 100 6.80319
      vertex 1.47345 104 6.73656
      vertex 1.49013 104 6.80319
    endloop
  endfacet
  facet normal 0.970065 0 -0.242844
    outer loop
      vertex 1.47345 104 6.73656
      vertex 1.49013 100 6.80319
      vertex 1.47345 100 6.73656
    endloop
  endfacet
  facet normal 0.989154 0 -0.146881
    outer loop
      vertex 1.47345 100 6.73656
      vertex 1.46336 104 6.66861
      vertex 1.47345 104 6.73656
    endloop
  endfacet
  facet normal 0.989154 0 -0.146881
    outer loop
      vertex 1.46336 104 6.66861
      vertex 1.47345 100 6.73656
      vertex 1.46336 100 6.66861
    endloop
  endfacet
  facet normal 0.998796 0 -0.0490519
    outer loop
      vertex 1.46336 100 6.66861
      vertex 1.45999 104 6.59999
      vertex 1.46336 104 6.66861
    endloop
  endfacet
  facet normal 0.998796 0 -0.0490519
    outer loop
      vertex 1.45999 104 6.59999
      vertex 1.46336 100 6.66861
      vertex 1.45999 100 6.59999
    endloop
  endfacet
  facet normal 0.998796 -0 0.0490662
    outer loop
      vertex 1.45999 100 6.59999
      vertex 1.46336 104 6.53139
      vertex 1.45999 104 6.59999
    endloop
  endfacet
  facet normal 0.998796 0 0.0490662
    outer loop
      vertex 1.46336 104 6.53139
      vertex 1.45999 100 6.59999
      vertex 1.46336 100 6.53139
    endloop
  endfacet
  facet normal 0.98916 -0 0.146839
    outer loop
      vertex 1.46336 100 6.53139
      vertex 1.47345 104 6.46342
      vertex 1.46336 104 6.53139
    endloop
  endfacet
  facet normal 0.98916 0 0.146839
    outer loop
      vertex 1.47345 104 6.46342
      vertex 1.46336 100 6.53139
      vertex 1.47345 100 6.46342
    endloop
  endfacet
  facet normal 0.970065 -0 0.242844
    outer loop
      vertex 1.47345 100 6.46342
      vertex 1.49013 104 6.39679
      vertex 1.47345 104 6.46342
    endloop
  endfacet
  facet normal 0.970065 0 0.242844
    outer loop
      vertex 1.49013 104 6.39679
      vertex 1.47345 100 6.46342
      vertex 1.49013 100 6.39679
    endloop
  endfacet
  facet normal 0.941511 -0 0.336982
    outer loop
      vertex 1.49013 100 6.39679
      vertex 1.51328 104 6.33211
      vertex 1.49013 104 6.39679
    endloop
  endfacet
  facet normal 0.941511 0 0.336982
    outer loop
      vertex 1.51328 104 6.33211
      vertex 1.49013 100 6.39679
      vertex 1.51328 100 6.33211
    endloop
  endfacet
  facet normal 0.903969 -0 0.427598
    outer loop
      vertex 1.51328 100 6.33211
      vertex 1.54265 104 6.27002
      vertex 1.51328 104 6.33211
    endloop
  endfacet
  facet normal 0.903969 0 0.427598
    outer loop
      vertex 1.54265 104 6.27002
      vertex 1.51328 100 6.33211
      vertex 1.54265 100 6.27002
    endloop
  endfacet
  facet normal 0.857801 -0 0.513982
    outer loop
      vertex 1.54265 100 6.27002
      vertex 1.57796 104 6.21109
      vertex 1.54265 104 6.27002
    endloop
  endfacet
  facet normal 0.857801 0 0.513982
    outer loop
      vertex 1.57796 104 6.21109
      vertex 1.54265 100 6.27002
      vertex 1.57796 100 6.21109
    endloop
  endfacet
  facet normal 0.803237 -0 0.595659
    outer loop
      vertex 1.57796 100 6.21109
      vertex 1.61888 104 6.15591
      vertex 1.57796 104 6.21109
    endloop
  endfacet
  facet normal 0.803237 0 0.595659
    outer loop
      vertex 1.61888 104 6.15591
      vertex 1.57796 100 6.21109
      vertex 1.61888 100 6.15591
    endloop
  endfacet
  facet normal 0.740901 -0 0.671614
    outer loop
      vertex 1.61888 100 6.15591
      vertex 1.66502 104 6.10501
      vertex 1.61888 104 6.15591
    endloop
  endfacet
  facet normal 0.740901 0 0.671614
    outer loop
      vertex 1.66502 104 6.10501
      vertex 1.61888 100 6.15591
      vertex 1.66502 100 6.10501
    endloop
  endfacet
  facet normal 0.671607 0 0.740908
    outer loop
      vertex 1.66502 104 6.10501
      vertex 1.71591 100 6.05888
      vertex 1.71591 104 6.05888
    endloop
  endfacet
  facet normal 0.671607 0 0.740908
    outer loop
      vertex 1.71591 100 6.05888
      vertex 1.66502 104 6.10501
      vertex 1.66502 100 6.10501
    endloop
  endfacet
  facet normal 0.595659 0 0.803237
    outer loop
      vertex 1.71591 104 6.05888
      vertex 1.77109 100 6.01796
      vertex 1.77109 104 6.01796
    endloop
  endfacet
  facet normal 0.595659 0 0.803237
    outer loop
      vertex 1.77109 100 6.01796
      vertex 1.71591 104 6.05888
      vertex 1.71591 100 6.05888
    endloop
  endfacet
  facet normal 0.513982 0 0.857801
    outer loop
      vertex 1.77109 104 6.01796
      vertex 1.83002 100 5.98265
      vertex 1.83002 104 5.98265
    endloop
  endfacet
  facet normal 0.513982 0 0.857801
    outer loop
      vertex 1.83002 100 5.98265
      vertex 1.77109 104 6.01796
      vertex 1.77109 100 6.01796
    endloop
  endfacet
  facet normal 0.427542 0 0.903996
    outer loop
      vertex 1.83002 104 5.98265
      vertex 1.89212 100 5.95328
      vertex 1.89212 104 5.95328
    endloop
  endfacet
  facet normal 0.427542 0 0.903996
    outer loop
      vertex 1.89212 100 5.95328
      vertex 1.83002 104 5.98265
      vertex 1.83002 100 5.98265
    endloop
  endfacet
  facet normal 0.337028 0 0.941495
    outer loop
      vertex 1.89212 104 5.95328
      vertex 1.95679 100 5.93013
      vertex 1.95679 104 5.93013
    endloop
  endfacet
  facet normal 0.337028 0 0.941495
    outer loop
      vertex 1.95679 100 5.93013
      vertex 1.89212 104 5.95328
      vertex 1.89212 100 5.95328
    endloop
  endfacet
  facet normal 0.242981 0 0.970031
    outer loop
      vertex 1.95679 104 5.93013
      vertex 2.02342 100 5.91344
      vertex 2.02342 104 5.91344
    endloop
  endfacet
  facet normal 0.242981 0 0.970031
    outer loop
      vertex 2.02342 100 5.91344
      vertex 1.95679 104 5.93013
      vertex 1.95679 100 5.93013
    endloop
  endfacet
  facet normal 0.146575 0 0.9892
    outer loop
      vertex 2.02342 104 5.91344
      vertex 2.09138 100 5.90337
      vertex 2.09138 104 5.90337
    endloop
  endfacet
  facet normal 0.146575 0 0.9892
    outer loop
      vertex 2.09138 100 5.90337
      vertex 2.02342 104 5.91344
      vertex 2.02342 100 5.91344
    endloop
  endfacet
  facet normal 0.0492043 0 0.998789
    outer loop
      vertex 2.09138 104 5.90337
      vertex 2.15999 100 5.89999
      vertex 2.15999 104 5.89999
    endloop
  endfacet
  facet normal 0.0492043 0 0.998789
    outer loop
      vertex 2.15999 100 5.89999
      vertex 2.09138 104 5.90337
      vertex 2.09138 100 5.90337
    endloop
  endfacet
  facet normal -0.0491971 0 0.998789
    outer loop
      vertex 2.15999 104 5.89999
      vertex 2.22861 100 5.90337
      vertex 2.22861 104 5.90337
    endloop
  endfacet
  facet normal -0.0491971 0 0.998789
    outer loop
      vertex 2.22861 100 5.90337
      vertex 2.15999 104 5.89999
      vertex 2.15999 100 5.89999
    endloop
  endfacet
  facet normal -0.146617 0 0.989193
    outer loop
      vertex 2.22861 104 5.90337
      vertex 2.29655 100 5.91344
      vertex 2.29655 104 5.91344
    endloop
  endfacet
  facet normal -0.146617 0 0.989193
    outer loop
      vertex 2.29655 100 5.91344
      vertex 2.22861 104 5.90337
      vertex 2.22861 100 5.90337
    endloop
  endfacet
  facet normal -0.242947 0 0.97004
    outer loop
      vertex 2.29655 104 5.91344
      vertex 2.36319 100 5.93013
      vertex 2.36319 104 5.93013
    endloop
  endfacet
  facet normal -0.242947 0 0.97004
    outer loop
      vertex 2.36319 100 5.93013
      vertex 2.29655 104 5.91344
      vertex 2.29655 100 5.91344
    endloop
  endfacet
  facet normal -0.336982 0 0.941511
    outer loop
      vertex 2.36319 104 5.93013
      vertex 2.42787 100 5.95328
      vertex 2.42787 104 5.95328
    endloop
  endfacet
  facet normal -0.336982 0 0.941511
    outer loop
      vertex 2.42787 100 5.95328
      vertex 2.36319 104 5.93013
      vertex 2.36319 100 5.93013
    endloop
  endfacet
  facet normal -0.427542 0 0.903996
    outer loop
      vertex 2.42787 104 5.95328
      vertex 2.48997 100 5.98265
      vertex 2.48997 104 5.98265
    endloop
  endfacet
  facet normal -0.427542 0 0.903996
    outer loop
      vertex 2.48997 100 5.98265
      vertex 2.42787 104 5.95328
      vertex 2.42787 100 5.95328
    endloop
  endfacet
  facet normal -0.514046 0 0.857763
    outer loop
      vertex 2.48997 104 5.98265
      vertex 2.54889 100 6.01796
      vertex 2.54889 104 6.01796
    endloop
  endfacet
  facet normal -0.514046 0 0.857763
    outer loop
      vertex 2.54889 100 6.01796
      vertex 2.48997 104 5.98265
      vertex 2.48997 100 5.98265
    endloop
  endfacet
  facet normal -0.597763 0 0.801673
    outer loop
      vertex 2.54889 104 6.01796
      vertex 2.55176 100 6.0201
      vertex 2.55176 104 6.0201
    endloop
  endfacet
  facet normal -0.597763 0 0.801673
    outer loop
      vertex 2.55176 100 6.0201
      vertex 2.54889 104 6.01796
      vertex 2.54889 100 6.01796
    endloop
  endfacet
  facet normal 0.384617 0 0.923076
    outer loop
      vertex 2.55176 104 6.0201
      vertex 10.1125 100 2.86978
      vertex 10.1125 104 2.86978
    endloop
  endfacet
  facet normal 0.384617 0 0.923076
    outer loop
      vertex 10.1125 100 2.86978
      vertex 2.55176 104 6.0201
      vertex 2.55176 100 6.0201
    endloop
  endfacet
  facet normal 0.990105 -0 0.14033
    outer loop
      vertex 10.1125 100 2.86978
      vertex 10.1134 104 2.86343
      vertex 10.1125 104 2.86978
    endloop
  endfacet
  facet normal 0.990105 0 0.14033
    outer loop
      vertex 10.1134 104 2.86343
      vertex 10.1125 100 2.86978
      vertex 10.1134 100 2.86343
    endloop
  endfacet
  facet normal 0.969997 -0 0.243118
    outer loop
      vertex 10.1134 100 2.86343
      vertex 10.1301 104 2.7968
      vertex 10.1134 104 2.86343
    endloop
  endfacet
  facet normal 0.969997 0 0.243118
    outer loop
      vertex 10.1301 104 2.7968
      vertex 10.1134 100 2.86343
      vertex 10.1301 100 2.7968
    endloop
  endfacet
  facet normal 0.94128 -0 0.337627
    outer loop
      vertex 10.1301 100 2.7968
      vertex 10.1533 104 2.73212
      vertex 10.1301 104 2.7968
    endloop
  endfacet
  facet normal 0.94128 0 0.337627
    outer loop
      vertex 10.1533 104 2.73212
      vertex 10.1301 100 2.7968
      vertex 10.1533 100 2.73212
    endloop
  endfacet
  facet normal 0.904416 -0 0.426652
    outer loop
      vertex 10.1533 100 2.73212
      vertex 10.1826 104 2.67001
      vertex 10.1533 104 2.73212
    endloop
  endfacet
  facet normal 0.904416 0 0.426652
    outer loop
      vertex 10.1826 104 2.67001
      vertex 10.1533 100 2.73212
      vertex 10.1826 100 2.67001
    endloop
  endfacet
  facet normal 0.857146 -0 0.515073
    outer loop
      vertex 10.1826 100 2.67001
      vertex 10.218 104 2.6111
      vertex 10.1826 104 2.67001
    endloop
  endfacet
  facet normal 0.857146 0 0.515073
    outer loop
      vertex 10.218 104 2.6111
      vertex 10.1826 100 2.67001
      vertex 10.218 100 2.6111
    endloop
  endfacet
  facet normal 0.803377 -0 0.595471
    outer loop
      vertex 10.218 100 2.6111
      vertex 10.2589 104 2.55592
      vertex 10.218 104 2.6111
    endloop
  endfacet
  facet normal 0.803377 0 0.595471
    outer loop
      vertex 10.2589 104 2.55592
      vertex 10.218 100 2.6111
      vertex 10.2589 100 2.55592
    endloop
  endfacet
  facet normal 0.741191 -0 0.671295
    outer loop
      vertex 10.2589 100 2.55592
      vertex 10.305 104 2.50502
      vertex 10.2589 104 2.55592
    endloop
  endfacet
  facet normal 0.741191 0 0.671295
    outer loop
      vertex 10.305 104 2.50502
      vertex 10.2589 100 2.55592
      vertex 10.305 100 2.50502
    endloop
  endfacet
  facet normal 0.671614 0 0.740901
    outer loop
      vertex 10.305 104 2.50502
      vertex 10.3559 100 2.45888
      vertex 10.3559 104 2.45888
    endloop
  endfacet
  facet normal 0.671614 0 0.740901
    outer loop
      vertex 10.3559 100 2.45888
      vertex 10.305 104 2.50502
      vertex 10.305 100 2.50502
    endloop
  endfacet
  facet normal 0.595426 0 0.80341
    outer loop
      vertex 10.3559 104 2.45888
      vertex 10.4111 100 2.41797
      vertex 10.4111 104 2.41797
    endloop
  endfacet
  facet normal 0.595426 0 0.80341
    outer loop
      vertex 10.4111 100 2.41797
      vertex 10.3559 104 2.45888
      vertex 10.3559 100 2.45888
    endloop
  endfacet
  facet normal 0.514389 0 0.857557
    outer loop
      vertex 10.4111 104 2.41797
      vertex 10.47 100 2.38264
      vertex 10.47 104 2.38264
    endloop
  endfacet
  facet normal 0.514389 0 0.857557
    outer loop
      vertex 10.47 100 2.38264
      vertex 10.4111 104 2.41797
      vertex 10.4111 100 2.41797
    endloop
  endfacet
  facet normal 0.427542 0 0.903996
    outer loop
      vertex 10.47 104 2.38264
      vertex 10.5321 100 2.35327
      vertex 10.5321 104 2.35327
    endloop
  endfacet
  facet normal 0.427542 0 0.903996
    outer loop
      vertex 10.5321 100 2.35327
      vertex 10.47 104 2.38264
      vertex 10.47 100 2.38264
    endloop
  endfacet
  facet normal 0.336631 0 0.941636
    outer loop
      vertex 10.5321 104 2.35327
      vertex 10.5968 100 2.33014
      vertex 10.5968 104 2.33014
    endloop
  endfacet
  facet normal 0.336631 0 0.941636
    outer loop
      vertex 10.5968 100 2.33014
      vertex 10.5321 104 2.35327
      vertex 10.5321 100 2.35327
    endloop
  endfacet
  facet normal 0.245386 0 0.969425
    outer loop
      vertex 10.5968 104 2.33014
      vertex 10.6 100 2.32933
      vertex 10.6 104 2.32933
    endloop
  endfacet
  facet normal 0.245386 0 0.969425
    outer loop
      vertex 10.6 100 2.32933
      vertex 10.5968 104 2.33014
      vertex 10.5968 100 2.33014
    endloop
  endfacet
  facet normal 1 -0 0
    outer loop
      vertex 10.6 100 2.32933
      vertex 10.6 104 0.670654
      vertex 10.6 104 2.32933
    endloop
  endfacet
  facet normal 1 0 0
    outer loop
      vertex 10.6 104 0.670654
      vertex 10.6 100 2.32933
      vertex 10.6 100 0.670654
    endloop
  endfacet
  facet normal 0.244816 0 -0.969569
    outer loop
      vertex 10.5968 100 0.669846
      vertex 10.6 104 0.670654
      vertex 10.6 100 0.670654
    endloop
  endfacet
  facet normal 0.244816 0 -0.969569
    outer loop
      vertex 10.6 104 0.670654
      vertex 10.5968 100 0.669846
      vertex 10.5968 104 0.669846
    endloop
  endfacet
  facet normal 0.33667 0 -0.941623
    outer loop
      vertex 10.5321 100 0.646713
      vertex 10.5968 104 0.669846
      vertex 10.5968 100 0.669846
    endloop
  endfacet
  facet normal 0.33667 0 -0.941623
    outer loop
      vertex 10.5968 104 0.669846
      vertex 10.5321 100 0.646713
      vertex 10.5321 104 0.646713
    endloop
  endfacet
  facet normal 0.427578 0 -0.903979
    outer loop
      vertex 10.47 100 0.61734
      vertex 10.5321 104 0.646713
      vertex 10.5321 100 0.646713
    endloop
  endfacet
  facet normal 0.427578 0 -0.903979
    outer loop
      vertex 10.5321 104 0.646713
      vertex 10.47 100 0.61734
      vertex 10.47 104 0.61734
    endloop
  endfacet
  facet normal 0.514324 0 -0.857596
    outer loop
      vertex 10.4111 100 0.582016
      vertex 10.47 104 0.61734
      vertex 10.47 100 0.61734
    endloop
  endfacet
  facet normal 0.514324 0 -0.857596
    outer loop
      vertex 10.47 104 0.61734
      vertex 10.4111 100 0.582016
      vertex 10.4111 104 0.582016
    endloop
  endfacet
  facet normal 0.595417 0 -0.803417
    outer loop
      vertex 10.3559 100 0.541107
      vertex 10.4111 104 0.582016
      vertex 10.4111 100 0.582016
    endloop
  endfacet
  facet normal 0.595417 0 -0.803417
    outer loop
      vertex 10.4111 104 0.582016
      vertex 10.3559 100 0.541107
      vertex 10.3559 104 0.541107
    endloop
  endfacet
  facet normal 0.67163 0 -0.740886
    outer loop
      vertex 10.305 100 0.494965
      vertex 10.3559 104 0.541107
      vertex 10.3559 100 0.541107
    endloop
  endfacet
  facet normal 0.67163 0 -0.740886
    outer loop
      vertex 10.3559 104 0.541107
      vertex 10.305 100 0.494965
      vertex 10.305 104 0.494965
    endloop
  endfacet
  facet normal 0.741217 0 -0.671266
    outer loop
      vertex 10.305 100 0.494965
      vertex 10.2589 104 0.444061
      vertex 10.305 104 0.494965
    endloop
  endfacet
  facet normal 0.741217 0 -0.671266
    outer loop
      vertex 10.2589 104 0.444061
      vertex 10.305 100 0.494965
      vertex 10.2589 100 0.444061
    endloop
  endfacet
  facet normal 0.803356 0 -0.595499
    outer loop
      vertex 10.2589 100 0.444061
      vertex 10.218 104 0.388885
      vertex 10.2589 104 0.444061
    endloop
  endfacet
  facet normal 0.803356 0 -0.595499
    outer loop
      vertex 10.218 104 0.388885
      vertex 10.2589 100 0.444061
      vertex 10.218 100 0.388885
    endloop
  endfacet
  facet normal 0.857162 0 -0.515048
    outer loop
      vertex 10.218 100 0.388885
      vertex 10.1826 104 0.329971
      vertex 10.218 104 0.388885
    endloop
  endfacet
  facet normal 0.857162 0 -0.515048
    outer loop
      vertex 10.1826 104 0.329971
      vertex 10.218 100 0.388885
      vertex 10.1826 100 0.329971
    endloop
  endfacet
  facet normal 0.904397 0 -0.426692
    outer loop
      vertex 10.1826 100 0.329971
      vertex 10.1533 104 0.267868
      vertex 10.1826 104 0.329971
    endloop
  endfacet
  facet normal 0.904397 0 -0.426692
    outer loop
      vertex 10.1533 104 0.267868
      vertex 10.1826 100 0.329971
      vertex 10.1533 100 0.267868
    endloop
  endfacet
  facet normal 0.941283 0 -0.337617
    outer loop
      vertex 10.1533 100 0.267868
      vertex 10.1301 104 0.203186
      vertex 10.1533 104 0.267868
    endloop
  endfacet
  facet normal 0.941283 0 -0.337617
    outer loop
      vertex 10.1301 104 0.203186
      vertex 10.1533 100 0.267868
      vertex 10.1301 100 0.203186
    endloop
  endfacet
  facet normal 0.970001 0 -0.243101
    outer loop
      vertex 10.1301 100 0.203186
      vertex 10.1134 104 0.136551
      vertex 10.1301 104 0.203186
    endloop
  endfacet
  facet normal 0.970001 0 -0.243101
    outer loop
      vertex 10.1134 104 0.136551
      vertex 10.1301 100 0.203186
      vertex 10.1134 100 0.136551
    endloop
  endfacet
  facet normal 0.989343 0 -0.145604
    outer loop
      vertex 10.1134 100 0.136551
      vertex 10.1034 104 0.0686035
      vertex 10.1134 104 0.136551
    endloop
  endfacet
  facet normal 0.989343 0 -0.145604
    outer loop
      vertex 10.1034 104 0.0686035
      vertex 10.1134 100 0.136551
      vertex 10.1034 100 0.0686035
    endloop
  endfacet
  facet normal 0.998774 0 -0.0494994
    outer loop
      vertex 10.1034 100 0.0686035
      vertex 10.1 104 0
      vertex 10.1034 104 0.0686035
    endloop
  endfacet
  facet normal 0.998774 0 -0.0494994
    outer loop
      vertex 10.1 104 0
      vertex 10.1034 100 0.0686035
      vertex 10.1 100 0
    endloop
  endfacet
  facet normal -0.989138 0 -0.146988
    outer loop
      vertex 14.5899 101.99 40.2058
      vertex 14.5596 104 40.4097
      vertex 14.5899 104 40.2058
    endloop
  endfacet
  facet normal -0.989138 -0 -0.146988
    outer loop
      vertex 14.5596 104 40.4097
      vertex 14.5899 101.99 40.2058
      vertex 14.5596 101.99 40.4097
    endloop
  endfacet
  facet normal -0.998798 0 -0.0490178
    outer loop
      vertex 14.6 101.99 40
      vertex 14.5899 104 40.2058
      vertex 14.6 104 40
    endloop
  endfacet
  facet normal -0.998798 -0 -0.0490178
    outer loop
      vertex 14.5899 104 40.2058
      vertex 14.6 101.99 40
      vertex 14.5899 101.99 40.2058
    endloop
  endfacet
  facet normal -0.970114 0 -0.24265
    outer loop
      vertex 14.5596 101.99 40.4097
      vertex 14.5096 104 40.6096
      vertex 14.5596 104 40.4097
    endloop
  endfacet
  facet normal -0.970114 -0 -0.24265
    outer loop
      vertex 14.5096 104 40.6096
      vertex 14.5596 101.99 40.4097
      vertex 14.5096 101.99 40.6096
    endloop
  endfacet
  facet normal -0.998798 0 0.0490178
    outer loop
      vertex 14.5899 101.99 39.7942
      vertex 14.6 104 40
      vertex 14.5899 104 39.7942
    endloop
  endfacet
  facet normal -0.998798 0 0.0490178
    outer loop
      vertex 14.6 104 40
      vertex 14.5899 101.99 39.7942
      vertex 14.6 101.99 40
    endloop
  endfacet
  facet normal -0.337258 0 0.941412
    outer loop
      vertex 13.1096 104 37.9904
      vertex 13.3036 101.99 38.0599
      vertex 13.3036 104 38.0599
    endloop
  endfacet
  facet normal -0.337258 0 0.941412
    outer loop
      vertex 13.3036 101.99 38.0599
      vertex 13.1096 104 37.9904
      vertex 13.1096 101.99 37.9904
    endloop
  endfacet
  facet normal 0.427502 0 0.904014
    outer loop
      vertex 11.5101 104 38.148
      vertex 11.6964 101.99 38.0599
      vertex 11.6964 104 38.0599
    endloop
  endfacet
  facet normal 0.427502 0 0.904014
    outer loop
      vertex 11.6964 101.99 38.0599
      vertex 11.5101 104 38.148
      vertex 11.5101 101.99 38.148
    endloop
  endfacet
  facet normal 0.989138 -0 0.146988
    outer loop
      vertex 10.4101 101.99 39.7942
      vertex 10.4404 104 39.5903
      vertex 10.4101 104 39.7942
    endloop
  endfacet
  facet normal 0.989138 0 0.146988
    outer loop
      vertex 10.4404 104 39.5903
      vertex 10.4101 101.99 39.7942
      vertex 10.4404 101.99 39.5903
    endloop
  endfacet
  facet normal 0.671561 0 -0.740949
    outer loop
      vertex 11.0151 101.99 41.4849
      vertex 11.1678 104 41.6233
      vertex 11.1678 101.99 41.6233
    endloop
  endfacet
  facet normal 0.671561 0 -0.740949
    outer loop
      vertex 11.1678 104 41.6233
      vertex 11.0151 101.99 41.4849
      vertex 11.0151 104 41.4849
    endloop
  endfacet
  facet normal 0.24265 0 0.970114
    outer loop
      vertex 11.8904 104 37.9904
      vertex 12.0903 101.99 37.9404
      vertex 12.0903 104 37.9404
    endloop
  endfacet
  facet normal 0.24265 0 0.970114
    outer loop
      vertex 12.0903 101.99 37.9404
      vertex 11.8904 104 37.9904
      vertex 11.8904 101.99 37.9904
    endloop
  endfacet
  facet normal 0.970114 0 -0.24265
    outer loop
      vertex 10.4904 101.99 40.6096
      vertex 10.4404 104 40.4097
      vertex 10.4904 104 40.6096
    endloop
  endfacet
  facet normal 0.970114 0 -0.24265
    outer loop
      vertex 10.4404 104 40.4097
      vertex 10.4904 101.99 40.6096
      vertex 10.4404 101.99 40.4097
    endloop
  endfacet
  facet normal -0.803076 0 -0.595877
    outer loop
      vertex 14.2461 101.99 41.1667
      vertex 14.1233 104 41.3322
      vertex 14.2461 104 41.1667
    endloop
  endfacet
  facet normal -0.803076 -0 -0.595877
    outer loop
      vertex 14.1233 104 41.3322
      vertex 14.2461 101.99 41.1667
      vertex 14.1233 101.99 41.3322
    endloop
  endfacet
  facet normal 0.0490178 0 -0.998798
    outer loop
      vertex 12.2942 101.99 42.0899
      vertex 12.5 104 42.1
      vertex 12.5 101.99 42.1
    endloop
  endfacet
  facet normal 0.0490178 0 -0.998798
    outer loop
      vertex 12.5 104 42.1
      vertex 12.2942 101.99 42.0899
      vertex 12.2942 104 42.0899
    endloop
  endfacet
  facet normal 0.740949 -0 0.671561
    outer loop
      vertex 10.8767 101.99 38.6678
      vertex 11.0151 104 38.5151
      vertex 10.8767 104 38.6678
    endloop
  endfacet
  facet normal 0.740949 0 0.671561
    outer loop
      vertex 11.0151 104 38.5151
      vertex 10.8767 101.99 38.6678
      vertex 11.0151 101.99 38.5151
    endloop
  endfacet
  facet normal 0.595877 0 0.803076
    outer loop
      vertex 11.1678 104 38.3767
      vertex 11.3333 101.99 38.2539
      vertex 11.3333 104 38.2539
    endloop
  endfacet
  facet normal 0.595877 0 0.803076
    outer loop
      vertex 11.3333 101.99 38.2539
      vertex 11.1678 104 38.3767
      vertex 11.1678 101.99 38.3767
    endloop
  endfacet
  facet normal 0.513853 0 0.857878
    outer loop
      vertex 11.3333 104 38.2539
      vertex 11.5101 101.99 38.148
      vertex 11.5101 104 38.148
    endloop
  endfacet
  facet normal 0.513853 0 0.857878
    outer loop
      vertex 11.5101 101.99 38.148
      vertex 11.3333 104 38.2539
      vertex 11.3333 101.99 38.2539
    endloop
  endfacet
  facet normal -0.0490178 0 -0.998798
    outer loop
      vertex 12.5 101.99 42.1
      vertex 12.7058 104 42.0899
      vertex 12.7058 101.99 42.0899
    endloop
  endfacet
  facet normal -0.0490178 0 -0.998798
    outer loop
      vertex 12.7058 104 42.0899
      vertex 12.5 101.99 42.1
      vertex 12.5 104 42.1
    endloop
  endfacet
  facet normal 0.803076 -0 0.595877
    outer loop
      vertex 10.7539 101.99 38.8333
      vertex 10.8767 104 38.6678
      vertex 10.7539 104 38.8333
    endloop
  endfacet
  facet normal 0.803076 0 0.595877
    outer loop
      vertex 10.8767 104 38.6678
      vertex 10.7539 101.99 38.8333
      vertex 10.8767 101.99 38.6678
    endloop
  endfacet
  facet normal -0.989138 0 0.146988
    outer loop
      vertex 14.5596 101.99 39.5903
      vertex 14.5899 104 39.7942
      vertex 14.5596 104 39.5903
    endloop
  endfacet
  facet normal -0.989138 0 0.146988
    outer loop
      vertex 14.5899 104 39.7942
      vertex 14.5596 101.99 39.5903
      vertex 14.5899 101.99 39.7942
    endloop
  endfacet
  facet normal 0.740949 0 -0.671561
    outer loop
      vertex 11.0151 101.99 41.4849
      vertex 10.8767 104 41.3322
      vertex 11.0151 104 41.4849
    endloop
  endfacet
  facet normal 0.740949 0 -0.671561
    outer loop
      vertex 10.8767 104 41.3322
      vertex 11.0151 101.99 41.4849
      vertex 10.8767 101.99 41.3322
    endloop
  endfacet
  facet normal -0.941412 0 0.337258
    outer loop
      vertex 14.4401 101.99 39.1964
      vertex 14.5096 104 39.3904
      vertex 14.4401 104 39.1964
    endloop
  endfacet
  facet normal -0.941412 0 0.337258
    outer loop
      vertex 14.5096 104 39.3904
      vertex 14.4401 101.99 39.1964
      vertex 14.5096 101.99 39.3904
    endloop
  endfacet
  facet normal -0.941412 0 -0.337258
    outer loop
      vertex 14.5096 101.99 40.6096
      vertex 14.4401 104 40.8036
      vertex 14.5096 104 40.6096
    endloop
  endfacet
  facet normal -0.941412 -0 -0.337258
    outer loop
      vertex 14.4401 104 40.8036
      vertex 14.5096 101.99 40.6096
      vertex 14.4401 101.99 40.8036
    endloop
  endfacet
  facet normal 0.904014 0 -0.427502
    outer loop
      vertex 10.648 101.99 40.9899
      vertex 10.5599 104 40.8036
      vertex 10.648 104 40.9899
    endloop
  endfacet
  facet normal 0.904014 0 -0.427502
    outer loop
      vertex 10.5599 104 40.8036
      vertex 10.648 101.99 40.9899
      vertex 10.5599 101.99 40.8036
    endloop
  endfacet
  facet normal -0.970114 0 0.24265
    outer loop
      vertex 14.5096 101.99 39.3904
      vertex 14.5596 104 39.5903
      vertex 14.5096 104 39.3904
    endloop
  endfacet
  facet normal -0.970114 0 0.24265
    outer loop
      vertex 14.5596 104 39.5903
      vertex 14.5096 101.99 39.3904
      vertex 14.5596 101.99 39.5903
    endloop
  endfacet
  facet normal -0.0490178 0 0.998798
    outer loop
      vertex 12.5 104 37.9
      vertex 12.7058 101.99 37.9101
      vertex 12.7058 104 37.9101
    endloop
  endfacet
  facet normal -0.0490178 0 0.998798
    outer loop
      vertex 12.7058 101.99 37.9101
      vertex 12.5 104 37.9
      vertex 12.5 101.99 37.9
    endloop
  endfacet
  facet normal -0.904014 0 -0.427502
    outer loop
      vertex 14.4401 101.99 40.8036
      vertex 14.352 104 40.9899
      vertex 14.4401 104 40.8036
    endloop
  endfacet
  facet normal -0.904014 -0 -0.427502
    outer loop
      vertex 14.352 104 40.9899
      vertex 14.4401 101.99 40.8036
      vertex 14.352 101.99 40.9899
    endloop
  endfacet
  facet normal 0.941412 -0 0.337258
    outer loop
      vertex 10.4904 101.99 39.3904
      vertex 10.5599 104 39.1964
      vertex 10.4904 104 39.3904
    endloop
  endfacet
  facet normal 0.941412 0 0.337258
    outer loop
      vertex 10.5599 104 39.1964
      vertex 10.4904 101.99 39.3904
      vertex 10.5599 101.99 39.1964
    endloop
  endfacet
  facet normal -0.427502 0 0.904014
    outer loop
      vertex 13.3036 104 38.0599
      vertex 13.4899 101.99 38.148
      vertex 13.4899 104 38.148
    endloop
  endfacet
  facet normal -0.427502 0 0.904014
    outer loop
      vertex 13.4899 101.99 38.148
      vertex 13.3036 104 38.0599
      vertex 13.3036 101.99 38.0599
    endloop
  endfacet
  facet normal -0.427502 0 -0.904014
    outer loop
      vertex 13.3036 101.99 41.9401
      vertex 13.4899 104 41.852
      vertex 13.4899 101.99 41.852
    endloop
  endfacet
  facet normal -0.427502 0 -0.904014
    outer loop
      vertex 13.4899 104 41.852
      vertex 13.3036 101.99 41.9401
      vertex 13.3036 104 41.9401
    endloop
  endfacet
  facet normal 0.427502 0 -0.904014
    outer loop
      vertex 11.5101 101.99 41.852
      vertex 11.6964 104 41.9401
      vertex 11.6964 101.99 41.9401
    endloop
  endfacet
  facet normal 0.427502 0 -0.904014
    outer loop
      vertex 11.6964 104 41.9401
      vertex 11.5101 101.99 41.852
      vertex 11.5101 104 41.852
    endloop
  endfacet
  facet normal -0.595877 0 0.803076
    outer loop
      vertex 13.6667 104 38.2539
      vertex 13.8322 101.99 38.3767
      vertex 13.8322 104 38.3767
    endloop
  endfacet
  facet normal -0.595877 0 0.803076
    outer loop
      vertex 13.8322 101.99 38.3767
      vertex 13.6667 104 38.2539
      vertex 13.6667 101.99 38.2539
    endloop
  endfacet
  facet normal -0.740949 0 0.671561
    outer loop
      vertex 13.9849 101.99 38.5151
      vertex 14.1233 104 38.6678
      vertex 13.9849 104 38.5151
    endloop
  endfacet
  facet normal -0.740949 0 0.671561
    outer loop
      vertex 14.1233 104 38.6678
      vertex 13.9849 101.99 38.5151
      vertex 14.1233 101.99 38.6678
    endloop
  endfacet
  facet normal 0.904014 -0 0.427502
    outer loop
      vertex 10.5599 101.99 39.1964
      vertex 10.648 104 39.0101
      vertex 10.5599 104 39.1964
    endloop
  endfacet
  facet normal 0.904014 0 0.427502
    outer loop
      vertex 10.648 104 39.0101
      vertex 10.5599 101.99 39.1964
      vertex 10.648 101.99 39.0101
    endloop
  endfacet
  facet normal -0.146988 0 0.989138
    outer loop
      vertex 12.7058 104 37.9101
      vertex 12.9097 101.99 37.9404
      vertex 12.9097 104 37.9404
    endloop
  endfacet
  facet normal -0.146988 0 0.989138
    outer loop
      vertex 12.9097 101.99 37.9404
      vertex 12.7058 104 37.9101
      vertex 12.7058 101.99 37.9101
    endloop
  endfacet
  facet normal -0.24265 0 -0.970114
    outer loop
      vertex 12.9097 101.99 42.0596
      vertex 13.1096 104 42.0096
      vertex 13.1096 101.99 42.0096
    endloop
  endfacet
  facet normal -0.24265 0 -0.970114
    outer loop
      vertex 13.1096 104 42.0096
      vertex 12.9097 101.99 42.0596
      vertex 12.9097 104 42.0596
    endloop
  endfacet
  facet normal -0.857878 0 0.513853
    outer loop
      vertex 14.2461 101.99 38.8333
      vertex 14.352 104 39.0101
      vertex 14.2461 104 38.8333
    endloop
  endfacet
  facet normal -0.857878 0 0.513853
    outer loop
      vertex 14.352 104 39.0101
      vertex 14.2461 101.99 38.8333
      vertex 14.352 101.99 39.0101
    endloop
  endfacet
  facet normal -0.671561 0 -0.740949
    outer loop
      vertex 13.8322 101.99 41.6233
      vertex 13.9849 104 41.4849
      vertex 13.9849 101.99 41.4849
    endloop
  endfacet
  facet normal -0.671561 0 -0.740949
    outer loop
      vertex 13.9849 104 41.4849
      vertex 13.8322 101.99 41.6233
      vertex 13.8322 104 41.6233
    endloop
  endfacet
  facet normal 0.989138 0 -0.146988
    outer loop
      vertex 10.4404 101.99 40.4097
      vertex 10.4101 104 40.2058
      vertex 10.4404 104 40.4097
    endloop
  endfacet
  facet normal 0.989138 0 -0.146988
    outer loop
      vertex 10.4101 104 40.2058
      vertex 10.4404 101.99 40.4097
      vertex 10.4101 101.99 40.2058
    endloop
  endfacet
  facet normal -0.595877 0 -0.803076
    outer loop
      vertex 13.6667 101.99 41.7461
      vertex 13.8322 104 41.6233
      vertex 13.8322 101.99 41.6233
    endloop
  endfacet
  facet normal -0.595877 0 -0.803076
    outer loop
      vertex 13.8322 104 41.6233
      vertex 13.6667 101.99 41.7461
      vertex 13.6667 104 41.7461
    endloop
  endfacet
  facet normal -0.513853 0 -0.857878
    outer loop
      vertex 13.4899 101.99 41.852
      vertex 13.6667 104 41.7461
      vertex 13.6667 101.99 41.7461
    endloop
  endfacet
  facet normal -0.513853 0 -0.857878
    outer loop
      vertex 13.6667 104 41.7461
      vertex 13.4899 101.99 41.852
      vertex 13.4899 104 41.852
    endloop
  endfacet
  facet normal -0.803076 0 0.595877
    outer loop
      vertex 14.1233 101.99 38.6678
      vertex 14.2461 104 38.8333
      vertex 14.1233 104 38.6678
    endloop
  endfacet
  facet normal -0.803076 0 0.595877
    outer loop
      vertex 14.2461 104 38.8333
      vertex 14.1233 101.99 38.6678
      vertex 14.2461 101.99 38.8333
    endloop
  endfacet
  facet normal -0.337258 0 -0.941412
    outer loop
      vertex 13.1096 101.99 42.0096
      vertex 13.3036 104 41.9401
      vertex 13.3036 101.99 41.9401
    endloop
  endfacet
  facet normal -0.337258 0 -0.941412
    outer loop
      vertex 13.3036 104 41.9401
      vertex 13.1096 101.99 42.0096
      vertex 13.1096 104 42.0096
    endloop
  endfacet
  facet normal -0.24265 0 0.970114
    outer loop
      vertex 12.9097 104 37.9404
      vertex 13.1096 101.99 37.9904
      vertex 13.1096 104 37.9904
    endloop
  endfacet
  facet normal -0.24265 0 0.970114
    outer loop
      vertex 13.1096 101.99 37.9904
      vertex 12.9097 104 37.9404
      vertex 12.9097 101.99 37.9404
    endloop
  endfacet
  facet normal -0.740949 0 -0.671561
    outer loop
      vertex 14.1233 101.99 41.3322
      vertex 13.9849 104 41.4849
      vertex 14.1233 104 41.3322
    endloop
  endfacet
  facet normal -0.740949 -0 -0.671561
    outer loop
      vertex 13.9849 104 41.4849
      vertex 14.1233 101.99 41.3322
      vertex 13.9849 101.99 41.4849
    endloop
  endfacet
  facet normal -0.857878 0 -0.513853
    outer loop
      vertex 14.352 101.99 40.9899
      vertex 14.2461 104 41.1667
      vertex 14.352 104 40.9899
    endloop
  endfacet
  facet normal -0.857878 -0 -0.513853
    outer loop
      vertex 14.2461 104 41.1667
      vertex 14.352 101.99 40.9899
      vertex 14.2461 101.99 41.1667
    endloop
  endfacet
  facet normal 0.513853 0 -0.857878
    outer loop
      vertex 11.3333 101.99 41.7461
      vertex 11.5101 104 41.852
      vertex 11.5101 101.99 41.852
    endloop
  endfacet
  facet normal 0.513853 0 -0.857878
    outer loop
      vertex 11.5101 104 41.852
      vertex 11.3333 101.99 41.7461
      vertex 11.3333 104 41.7461
    endloop
  endfacet
  facet normal 0.24265 0 -0.970114
    outer loop
      vertex 11.8904 101.99 42.0096
      vertex 12.0903 104 42.0596
      vertex 12.0903 101.99 42.0596
    endloop
  endfacet
  facet normal 0.24265 0 -0.970114
    outer loop
      vertex 12.0903 104 42.0596
      vertex 11.8904 101.99 42.0096
      vertex 11.8904 104 42.0096
    endloop
  endfacet
  facet normal 0.146988 0 -0.989138
    outer loop
      vertex 12.0903 101.99 42.0596
      vertex 12.2942 104 42.0899
      vertex 12.2942 101.99 42.0899
    endloop
  endfacet
  facet normal 0.146988 0 -0.989138
    outer loop
      vertex 12.2942 104 42.0899
      vertex 12.0903 101.99 42.0596
      vertex 12.0903 104 42.0596
    endloop
  endfacet
  facet normal 0.337258 0 -0.941412
    outer loop
      vertex 11.6964 101.99 41.9401
      vertex 11.8904 104 42.0096
      vertex 11.8904 101.99 42.0096
    endloop
  endfacet
  facet normal 0.337258 0 -0.941412
    outer loop
      vertex 11.8904 104 42.0096
      vertex 11.6964 101.99 41.9401
      vertex 11.6964 104 41.9401
    endloop
  endfacet
  facet normal 0.998798 0 -0.0490178
    outer loop
      vertex 10.4101 101.99 40.2058
      vertex 10.4 104 40
      vertex 10.4101 104 40.2058
    endloop
  endfacet
  facet normal 0.998798 0 -0.0490178
    outer loop
      vertex 10.4 104 40
      vertex 10.4101 101.99 40.2058
      vertex 10.4 101.99 40
    endloop
  endfacet
  facet normal 0.803076 0 -0.595877
    outer loop
      vertex 10.8767 101.99 41.3322
      vertex 10.7539 104 41.1667
      vertex 10.8767 104 41.3322
    endloop
  endfacet
  facet normal 0.803076 0 -0.595877
    outer loop
      vertex 10.7539 104 41.1667
      vertex 10.8767 101.99 41.3322
      vertex 10.7539 101.99 41.1667
    endloop
  endfacet
  facet normal 0.970114 -0 0.24265
    outer loop
      vertex 10.4404 101.99 39.5903
      vertex 10.4904 104 39.3904
      vertex 10.4404 104 39.5903
    endloop
  endfacet
  facet normal 0.970114 0 0.24265
    outer loop
      vertex 10.4904 104 39.3904
      vertex 10.4404 101.99 39.5903
      vertex 10.4904 101.99 39.3904
    endloop
  endfacet
  facet normal -0.904014 0 0.427502
    outer loop
      vertex 14.352 101.99 39.0101
      vertex 14.4401 104 39.1964
      vertex 14.352 104 39.0101
    endloop
  endfacet
  facet normal -0.904014 0 0.427502
    outer loop
      vertex 14.4401 104 39.1964
      vertex 14.352 101.99 39.0101
      vertex 14.4401 101.99 39.1964
    endloop
  endfacet
  facet normal -0.513853 0 0.857878
    outer loop
      vertex 13.4899 104 38.148
      vertex 13.6667 101.99 38.2539
      vertex 13.6667 104 38.2539
    endloop
  endfacet
  facet normal -0.513853 0 0.857878
    outer loop
      vertex 13.6667 101.99 38.2539
      vertex 13.4899 104 38.148
      vertex 13.4899 101.99 38.148
    endloop
  endfacet
  facet normal 0.941412 0 -0.337258
    outer loop
      vertex 10.5599 101.99 40.8036
      vertex 10.4904 104 40.6096
      vertex 10.5599 104 40.8036
    endloop
  endfacet
  facet normal 0.941412 0 -0.337258
    outer loop
      vertex 10.4904 104 40.6096
      vertex 10.5599 101.99 40.8036
      vertex 10.4904 101.99 40.6096
    endloop
  endfacet
  facet normal 0.0490178 0 0.998798
    outer loop
      vertex 12.2942 104 37.9101
      vertex 12.5 101.99 37.9
      vertex 12.5 104 37.9
    endloop
  endfacet
  facet normal 0.0490178 0 0.998798
    outer loop
      vertex 12.5 101.99 37.9
      vertex 12.2942 104 37.9101
      vertex 12.2942 101.99 37.9101
    endloop
  endfacet
  facet normal 0.146988 0 0.989138
    outer loop
      vertex 12.0903 104 37.9404
      vertex 12.2942 101.99 37.9101
      vertex 12.2942 104 37.9101
    endloop
  endfacet
  facet normal 0.146988 0 0.989138
    outer loop
      vertex 12.2942 101.99 37.9101
      vertex 12.0903 104 37.9404
      vertex 12.0903 101.99 37.9404
    endloop
  endfacet
  facet normal 0.595877 0 -0.803076
    outer loop
      vertex 11.1678 101.99 41.6233
      vertex 11.3333 104 41.7461
      vertex 11.3333 101.99 41.7461
    endloop
  endfacet
  facet normal 0.595877 0 -0.803076
    outer loop
      vertex 11.3333 104 41.7461
      vertex 11.1678 101.99 41.6233
      vertex 11.1678 104 41.6233
    endloop
  endfacet
  facet normal -0.671561 0 0.740949
    outer loop
      vertex 13.8322 104 38.3767
      vertex 13.9849 101.99 38.5151
      vertex 13.9849 104 38.5151
    endloop
  endfacet
  facet normal -0.671561 0 0.740949
    outer loop
      vertex 13.9849 101.99 38.5151
      vertex 13.8322 104 38.3767
      vertex 13.8322 101.99 38.3767
    endloop
  endfacet
  facet normal 0.337258 0 0.941412
    outer loop
      vertex 11.6964 104 38.0599
      vertex 11.8904 101.99 37.9904
      vertex 11.8904 104 37.9904
    endloop
  endfacet
  facet normal 0.337258 0 0.941412
    outer loop
      vertex 11.8904 101.99 37.9904
      vertex 11.6964 104 38.0599
      vertex 11.6964 101.99 38.0599
    endloop
  endfacet
  facet normal -0.146988 0 -0.989138
    outer loop
      vertex 12.7058 101.99 42.0899
      vertex 12.9097 104 42.0596
      vertex 12.9097 101.99 42.0596
    endloop
  endfacet
  facet normal -0.146988 0 -0.989138
    outer loop
      vertex 12.9097 104 42.0596
      vertex 12.7058 101.99 42.0899
      vertex 12.7058 104 42.0899
    endloop
  endfacet
  facet normal 0.671561 0 0.740949
    outer loop
      vertex 11.0151 104 38.5151
      vertex 11.1678 101.99 38.3767
      vertex 11.1678 104 38.3767
    endloop
  endfacet
  facet normal 0.671561 0 0.740949
    outer loop
      vertex 11.1678 101.99 38.3767
      vertex 11.0151 104 38.5151
      vertex 11.0151 101.99 38.5151
    endloop
  endfacet
  facet normal 0.857878 0 -0.513853
    outer loop
      vertex 10.7539 101.99 41.1667
      vertex 10.648 104 40.9899
      vertex 10.7539 104 41.1667
    endloop
  endfacet
  facet normal 0.857878 0 -0.513853
    outer loop
      vertex 10.648 104 40.9899
      vertex 10.7539 101.99 41.1667
      vertex 10.648 101.99 40.9899
    endloop
  endfacet
  facet normal 0.998798 -0 0.0490178
    outer loop
      vertex 10.4 101.99 40
      vertex 10.4101 104 39.7942
      vertex 10.4 104 40
    endloop
  endfacet
  facet normal 0.998798 0 0.0490178
    outer loop
      vertex 10.4101 104 39.7942
      vertex 10.4 101.99 40
      vertex 10.4101 101.99 39.7942
    endloop
  endfacet
  facet normal 0.857878 -0 0.513853
    outer loop
      vertex 10.648 101.99 39.0101
      vertex 10.7539 104 38.8333
      vertex 10.648 104 39.0101
    endloop
  endfacet
  facet normal 0.857878 0 0.513853
    outer loop
      vertex 10.7539 104 38.8333
      vertex 10.648 101.99 39.0101
      vertex 10.7539 101.99 38.8333
    endloop
  endfacet
  facet normal -0.708423 -0.704899 -0.0354212
    outer loop
      vertex 16.58 100 40.002
      vertex 14.6 101.99 40
      vertex 16.5801 100 40
    endloop
  endfacet
  facet normal -0.70844 -0.704915 -0.0347679
    outer loop
      vertex 14.6 101.99 40
      vertex 16.58 100 40.002
      vertex 14.5899 101.99 40.2058
    endloop
  endfacet
  facet normal -0.47646 -0.704922 0.525424
    outer loop
      vertex 15.0884 100 36.846
      vertex 15.3835 100 37.1136
      vertex 13.8322 101.99 38.3767
    endloop
  endfacet
  facet normal 0.344831 -0.704151 0.620695
    outer loop
      vertex 10.235 100 36.6065
      vertex 11.3333 101.99 38.2539
      vertex 10.2332 100 36.6075
    endloop
  endfacet
  facet normal 0.36448 -0.704899 0.608499
    outer loop
      vertex 11.3333 101.99 38.2539
      vertex 10.235 100 36.6065
      vertex 11.5101 101.99 38.148
    endloop
  endfacet
  facet normal -0.425633 -0.704818 -0.56751
    outer loop
      vertex 13.6667 101.99 41.7461
      vertex 14.7684 100 43.3913
      vertex 14.7668 100 43.3925
    endloop
  endfacet
  facet normal -0.422653 -0.704911 -0.569618
    outer loop
      vertex 14.7684 100 43.3913
      vertex 13.6667 101.99 41.7461
      vertex 13.8322 101.99 41.6233
    endloop
  endfacet
  facet normal -0.667831 -0.704921 0.238931
    outer loop
      vertex 16.2695 100 38.4386
      vertex 16.4037 100 38.8137
      vertex 14.4401 101.99 39.1964
    endloop
  endfacet
  facet normal 0.0354212 -0.704899 -0.708423
    outer loop
      vertex 12.498 100 44.08
      vertex 12.5 101.99 42.1
      vertex 12.5 100 44.0801
    endloop
  endfacet
  facet normal 0.0347679 -0.704915 -0.70844
    outer loop
      vertex 12.5 101.99 42.1
      vertex 12.498 100 44.08
      vertex 12.2942 101.99 42.0899
    endloop
  endfacet
  facet normal 0.666776 -0.704823 0.242145
    outer loop
      vertex 8.59628 100 38.8137
      vertex 10.4904 101.99 39.3904
      vertex 8.59559 100 38.8156
    endloop
  endfacet
  facet normal 0.667749 -0.704901 0.239219
    outer loop
      vertex 10.4904 101.99 39.3904
      vertex 8.59628 100 38.8137
      vertex 10.5599 101.99 39.1964
    endloop
  endfacet
  facet normal -0.688024 -0.704922 -0.172362
    outer loop
      vertex 16.5017 100 40.796
      vertex 16.4049 100 41.1824
      vertex 14.5596 101.99 40.4097
    endloop
  endfacet
  facet normal -0.569724 -0.704926 -0.422486
    outer loop
      vertex 15.8913 100 42.2684
      vertex 15.654 100 42.5884
      vertex 14.1233 101.99 41.3322
    endloop
  endfacet
  facet normal -0.0347679 -0.704915 0.70844
    outer loop
      vertex 12.5 101.99 37.9
      vertex 12.502 100 35.92
      vertex 12.7058 101.99 37.9101
    endloop
  endfacet
  facet normal -0.0354212 -0.704899 0.708423
    outer loop
      vertex 12.502 100 35.92
      vertex 12.5 101.99 37.9
      vertex 12.5 100 35.9199
    endloop
  endfacet
  facet normal -0.688129 -0.7049 -0.172032
    outer loop
      vertex 14.5096 101.99 40.6096
      vertex 16.4049 100 41.1824
      vertex 16.4044 100 41.1844
    endloop
  endfacet
  facet normal -0.688107 -0.704902 -0.172113
    outer loop
      vertex 16.4049 100 41.1824
      vertex 14.5096 101.99 40.6096
      vertex 14.5596 101.99 40.4097
    endloop
  endfacet
  facet normal -0.172362 -0.704922 -0.688024
    outer loop
      vertex 13.6824 100 43.9049
      vertex 13.296 100 44.0017
      vertex 12.9097 101.99 42.0596
    endloop
  endfacet
  facet normal -0.0347186 -0.704918 -0.708438
    outer loop
      vertex 12.7058 101.99 42.0899
      vertex 12.8999 100 44.0605
      vertex 12.502 100 44.08
    endloop
  endfacet
  facet normal 0.172362 -0.704922 -0.688024
    outer loop
      vertex 12.0903 101.99 42.0596
      vertex 11.704 100 44.0017
      vertex 11.3176 100 43.9049
    endloop
  endfacet
  facet normal -0.0347186 -0.704918 0.708438
    outer loop
      vertex 12.8999 100 35.9395
      vertex 12.7058 101.99 37.9101
      vertex 12.502 100 35.92
    endloop
  endfacet
  facet normal -0.172362 -0.704922 0.688024
    outer loop
      vertex 13.296 100 35.9983
      vertex 13.6824 100 36.0951
      vertex 12.9097 101.99 37.9404
    endloop
  endfacet
  facet normal 0.608382 -0.704919 -0.364638
    outer loop
      vertex 10.648 101.99 40.9899
      vertex 9.10647 100 42.265
      vertex 8.90167 100 41.9233
    endloop
  endfacet
  facet normal 0.708423 -0.704899 0.0354212
    outer loop
      vertex 8.42 100 39.998
      vertex 10.4 101.99 40
      vertex 8.4199 100 40
    endloop
  endfacet
  facet normal 0.70844 -0.704915 0.0347679
    outer loop
      vertex 10.4 101.99 40
      vertex 8.42 100 39.998
      vertex 10.4101 101.99 39.7942
    endloop
  endfacet
  facet normal 0.36464 -0.704914 0.608386
    outer loop
      vertex 10.5767 100 36.4017
      vertex 11.5101 101.99 38.148
      vertex 10.235 100 36.6065
    endloop
  endfacet
  facet normal -0.303241 -0.704914 0.641203
    outer loop
      vertex 14.0632 100 36.2314
      vertex 14.4233 100 36.4017
      vertex 13.4899 101.99 38.148
    endloop
  endfacet
  facet normal 0.56424 -0.70465 0.430233
    outer loop
      vertex 9.10874 100 37.7316
      vertex 10.7539 101.99 38.8333
      vertex 9.10752 100 37.7332
    endloop
  endfacet
  facet normal 0.569623 -0.704905 0.422657
    outer loop
      vertex 10.7539 101.99 38.8333
      vertex 9.10874 100 37.7316
      vertex 10.8767 101.99 38.6678
    endloop
  endfacet
  facet normal -0.7016 -0.704919 0.104145
    outer loop
      vertex 16.502 100 39.206
      vertex 16.5605 100 39.6001
      vertex 14.5899 101.99 39.7942
    endloop
  endfacet
  facet normal -0.422486 -0.704926 -0.569724
    outer loop
      vertex 15.0884 100 43.154
      vertex 14.7684 100 43.3913
      vertex 13.8322 101.99 41.6233
    endloop
  endfacet
  facet normal -0.688107 -0.704902 0.172113
    outer loop
      vertex 14.5096 101.99 39.3904
      vertex 16.4049 100 38.8176
      vertex 14.5596 101.99 39.5903
    endloop
  endfacet
  facet normal -0.688129 -0.7049 0.172032
    outer loop
      vertex 16.4049 100 38.8176
      vertex 14.5096 101.99 39.3904
      vertex 16.4044 100 38.8156
    endloop
  endfacet
  facet normal -0.7016 -0.704919 -0.104145
    outer loop
      vertex 16.5605 100 40.3999
      vertex 16.502 100 40.794
      vertex 14.5899 101.99 40.2058
    endloop
  endfacet
  facet normal -0.688024 -0.704922 0.172362
    outer loop
      vertex 16.4049 100 38.8176
      vertex 16.5017 100 39.204
      vertex 14.5596 101.99 39.5903
    endloop
  endfacet
  facet normal -0.608499 -0.704899 0.36448
    outer loop
      vertex 14.2461 101.99 38.8333
      vertex 15.8935 100 37.735
      vertex 14.352 101.99 39.0101
    endloop
  endfacet
  facet normal -0.620695 -0.704151 0.344831
    outer loop
      vertex 15.8935 100 37.735
      vertex 14.2461 101.99 38.8333
      vertex 15.8925 100 37.7332
    endloop
  endfacet
  facet normal 0.238931 -0.704921 -0.667831
    outer loop
      vertex 11.6964 101.99 41.9401
      vertex 11.3137 100 43.9037
      vertex 10.9386 100 43.7695
    endloop
  endfacet
  facet normal 0.688028 -0.704922 -0.172345
    outer loop
      vertex 10.4404 101.99 40.4097
      vertex 8.59509 100 41.1824
      vertex 8.4983 100 40.796
    endloop
  endfacet
  facet normal 0.608495 -0.704904 0.364478
    outer loop
      vertex 9.10647 100 37.735
      vertex 10.7539 101.99 38.8333
      vertex 10.648 101.99 39.0101
    endloop
  endfacet
  facet normal 0.612872 -0.704681 0.357509
    outer loop
      vertex 10.7539 101.99 38.8333
      vertex 9.10647 100 37.735
      vertex 9.10752 100 37.7332
    endloop
  endfacet
  facet normal 0.641192 -0.704919 -0.303253
    outer loop
      vertex 10.648 101.99 40.9899
      vertex 8.90167 100 41.9233
      vertex 8.73136 100 41.5632
    endloop
  endfacet
  facet normal -0.104145 -0.704919 0.7016
    outer loop
      vertex 12.8999 100 35.9395
      vertex 13.294 100 35.998
      vertex 12.7058 101.99 37.9101
    endloop
  endfacet
  facet normal -0.70844 -0.704915 0.0347679
    outer loop
      vertex 16.58 100 39.998
      vertex 14.6 101.99 40
      vertex 14.5899 101.99 39.7942
    endloop
  endfacet
  facet normal -0.708423 -0.704899 0.0354212
    outer loop
      vertex 14.6 101.99 40
      vertex 16.58 100 39.998
      vertex 16.5801 100 40
    endloop
  endfacet
  facet normal -0.708438 -0.704918 0.0347186
    outer loop
      vertex 16.5605 100 39.6001
      vertex 16.58 100 39.998
      vertex 14.5899 101.99 39.7942
    endloop
  endfacet
  facet normal 0.608382 -0.704919 0.364638
    outer loop
      vertex 9.10647 100 37.735
      vertex 10.648 101.99 39.0101
      vertex 8.90167 100 38.0767
    endloop
  endfacet
  facet normal -0.0354212 -0.704899 -0.708423
    outer loop
      vertex 12.5 101.99 42.1
      vertex 12.502 100 44.08
      vertex 12.5 100 44.0801
    endloop
  endfacet
  facet normal -0.0347679 -0.704915 -0.70844
    outer loop
      vertex 12.502 100 44.08
      vertex 12.5 101.99 42.1
      vertex 12.7058 101.99 42.0899
    endloop
  endfacet
  facet normal 0.422495 -0.704925 0.569718
    outer loop
      vertex 10.2316 100 36.6087
      vertex 11.1678 101.99 38.3767
      vertex 9.91161 100 36.846
    endloop
  endfacet
  facet normal -0.303224 -0.704915 0.64121
    outer loop
      vertex 13.3036 101.99 38.0599
      vertex 14.0632 100 36.2314
      vertex 13.4899 101.99 38.148
    endloop
  endfacet
  facet normal -0.317409 -0.704456 0.634818
    outer loop
      vertex 14.0632 100 36.2314
      vertex 13.3036 101.99 38.0599
      vertex 14.0614 100 36.2305
    endloop
  endfacet
  facet normal -0.104256 -0.704927 0.701575
    outer loop
      vertex 13.294 100 35.998
      vertex 12.9097 101.99 37.9404
      vertex 12.7058 101.99 37.9101
    endloop
  endfacet
  facet normal -0.105211 -0.70495 0.70141
    outer loop
      vertex 12.9097 101.99 37.9404
      vertex 13.294 100 35.998
      vertex 13.296 100 35.9983
    endloop
  endfacet
  facet normal 0.637435 -0.70467 -0.311635
    outer loop
      vertex 10.5599 101.99 40.8036
      vertex 8.73136 100 41.5632
      vertex 8.73048 100 41.5614
    endloop
  endfacet
  facet normal 0.641204 -0.704922 -0.303221
    outer loop
      vertex 8.73136 100 41.5632
      vertex 10.5599 101.99 40.8036
      vertex 10.648 101.99 40.9899
    endloop
  endfacet
  facet normal -0.701575 -0.704927 0.104256
    outer loop
      vertex 14.5596 101.99 39.5903
      vertex 16.502 100 39.206
      vertex 14.5899 101.99 39.7942
    endloop
  endfacet
  facet normal -0.70141 -0.70495 0.105211
    outer loop
      vertex 16.502 100 39.206
      vertex 14.5596 101.99 39.5903
      vertex 16.5017 100 39.204
    endloop
  endfacet
  facet normal -0.172113 -0.704902 -0.688107
    outer loop
      vertex 13.1096 101.99 42.0096
      vertex 13.6824 100 43.9049
      vertex 12.9097 101.99 42.0596
    endloop
  endfacet
  facet normal -0.172032 -0.7049 -0.688129
    outer loop
      vertex 13.6824 100 43.9049
      vertex 13.1096 101.99 42.0096
      vertex 13.6844 100 43.9044
    endloop
  endfacet
  facet normal -0.569618 -0.704911 0.422653
    outer loop
      vertex 15.8913 100 37.7316
      vertex 14.2461 101.99 38.8333
      vertex 14.1233 101.99 38.6678
    endloop
  endfacet
  facet normal -0.56751 -0.704818 0.425633
    outer loop
      vertex 14.2461 101.99 38.8333
      vertex 15.8913 100 37.7316
      vertex 15.8925 100 37.7332
    endloop
  endfacet
  facet normal 0.104145 -0.704919 -0.7016
    outer loop
      vertex 12.2942 101.99 42.0899
      vertex 12.1001 100 44.0605
      vertex 11.706 100 44.002
    endloop
  endfacet
  facet normal -0.708438 -0.704918 -0.0347186
    outer loop
      vertex 16.58 100 40.002
      vertex 16.5605 100 40.3999
      vertex 14.5899 101.99 40.2058
    endloop
  endfacet
  facet normal 0.688127 -0.704902 -0.172032
    outer loop
      vertex 8.59509 100 41.1824
      vertex 10.4904 101.99 40.6096
      vertex 8.59559 100 41.1844
    endloop
  endfacet
  facet normal 0.688105 -0.704904 -0.172112
    outer loop
      vertex 10.4904 101.99 40.6096
      vertex 8.59509 100 41.1824
      vertex 10.4404 101.99 40.4097
    endloop
  endfacet
  facet normal -0.525424 -0.704922 0.47646
    outer loop
      vertex 15.3864 100 37.1165
      vertex 15.654 100 37.4116
      vertex 14.1233 101.99 38.6678
    endloop
  endfacet
  facet normal -0.70141 -0.70495 -0.105211
    outer loop
      vertex 14.5596 101.99 40.4097
      vertex 16.502 100 40.794
      vertex 16.5017 100 40.796
    endloop
  endfacet
  facet normal -0.701575 -0.704927 -0.104256
    outer loop
      vertex 16.502 100 40.794
      vertex 14.5596 101.99 40.4097
      vertex 14.5899 101.99 40.2058
    endloop
  endfacet
  facet normal -0.569618 -0.704911 -0.422653
    outer loop
      vertex 14.2461 101.99 41.1667
      vertex 15.8913 100 42.2684
      vertex 14.1233 101.99 41.3322
    endloop
  endfacet
  facet normal -0.56751 -0.704818 -0.425633
    outer loop
      vertex 15.8913 100 42.2684
      vertex 14.2461 101.99 41.1667
      vertex 15.8925 100 42.2668
    endloop
  endfacet
  facet normal -0.608386 -0.704914 0.36464
    outer loop
      vertex 15.8935 100 37.735
      vertex 16.0983 100 38.0767
      vertex 14.352 101.99 39.0101
    endloop
  endfacet
  facet normal 0.667828 -0.704924 -0.23893
    outer loop
      vertex 10.5599 101.99 40.8036
      vertex 8.73048 100 41.5614
      vertex 8.59628 100 41.1863
    endloop
  endfacet
  facet normal 0.0347186 -0.704918 -0.708438
    outer loop
      vertex 12.2942 101.99 42.0899
      vertex 12.498 100 44.08
      vertex 12.1001 100 44.0605
    endloop
  endfacet
  facet normal -0.238931 -0.704921 0.667831
    outer loop
      vertex 13.6863 100 36.0963
      vertex 14.0614 100 36.2305
      vertex 13.3036 101.99 38.0599
    endloop
  endfacet
  facet normal -0.172113 -0.704902 0.688107
    outer loop
      vertex 13.6824 100 36.0951
      vertex 13.1096 101.99 37.9904
      vertex 12.9097 101.99 37.9404
    endloop
  endfacet
  facet normal -0.172032 -0.7049 0.688129
    outer loop
      vertex 13.1096 101.99 37.9904
      vertex 13.6824 100 36.0951
      vertex 13.6844 100 36.0956
    endloop
  endfacet
  facet normal -0.64121 -0.704915 0.303224
    outer loop
      vertex 16.2686 100 38.4368
      vertex 14.4401 101.99 39.1964
      vertex 14.352 101.99 39.0101
    endloop
  endfacet
  facet normal -0.634818 -0.704456 0.317409
    outer loop
      vertex 14.4401 101.99 39.1964
      vertex 16.2686 100 38.4368
      vertex 16.2695 100 38.4386
    endloop
  endfacet
  facet normal -0.476337 -0.704909 -0.525554
    outer loop
      vertex 13.9849 101.99 41.4849
      vertex 15.3835 100 42.8864
      vertex 13.8322 101.99 41.6233
    endloop
  endfacet
  facet normal -0.44818 -0.703467 -0.551606
    outer loop
      vertex 15.3835 100 42.8864
      vertex 13.9849 101.99 41.4849
      vertex 15.3851 100 42.8851
    endloop
  endfacet
  facet normal -0.47646 -0.704922 -0.525424
    outer loop
      vertex 15.3835 100 42.8864
      vertex 15.0884 100 43.154
      vertex 13.8322 101.99 41.6233
    endloop
  endfacet
  facet normal 0.569728 -0.70492 0.422489
    outer loop
      vertex 9.34604 100 37.4116
      vertex 10.8767 101.99 38.6678
      vertex 9.10874 100 37.7316
    endloop
  endfacet
  facet normal 0.476407 -0.704923 0.525472
    outer loop
      vertex 9.91161 100 36.846
      vertex 11.1678 101.99 38.3767
      vertex 9.61645 100 37.1136
    endloop
  endfacet
  facet normal 0.708441 -0.704912 -0.0348078
    outer loop
      vertex 10.4101 101.99 40.2058
      vertex 8.43955 100 40.3999
      vertex 8.42 100 40.002
    endloop
  endfacet
  facet normal -0.238931 -0.704921 -0.667831
    outer loop
      vertex 14.0614 100 43.7695
      vertex 13.6863 100 43.9037
      vertex 13.3036 101.99 41.9401
    endloop
  endfacet
  facet normal -0.551606 -0.703467 -0.44818
    outer loop
      vertex 13.9849 101.99 41.4849
      vertex 15.3864 100 42.8835
      vertex 15.3851 100 42.8851
    endloop
  endfacet
  facet normal -0.525554 -0.704909 -0.476337
    outer loop
      vertex 15.3864 100 42.8835
      vertex 13.9849 101.99 41.4849
      vertex 14.1233 101.99 41.3322
    endloop
  endfacet
  facet normal 0.303241 -0.704914 0.641203
    outer loop
      vertex 10.9368 100 36.2314
      vertex 11.5101 101.99 38.148
      vertex 10.5767 100 36.4017
    endloop
  endfacet
  facet normal 0.422495 -0.704925 -0.569718
    outer loop
      vertex 11.1678 101.99 41.6233
      vertex 10.2316 100 43.3913
      vertex 9.91161 100 43.154
    endloop
  endfacet
  facet normal -0.667752 -0.704898 -0.23922
    outer loop
      vertex 14.5096 101.99 40.6096
      vertex 16.4037 100 41.1863
      vertex 14.4401 101.99 40.8036
    endloop
  endfacet
  facet normal -0.665732 -0.704729 -0.24527
    outer loop
      vertex 16.4037 100 41.1863
      vertex 14.5096 101.99 40.6096
      vertex 16.4044 100 41.1844
    endloop
  endfacet
  facet normal 0.52555 -0.704914 0.476333
    outer loop
      vertex 9.61356 100 37.1165
      vertex 11.0151 101.99 38.5151
      vertex 10.8767 101.99 38.6678
    endloop
  endfacet
  facet normal 0.539242 -0.704292 0.461726
    outer loop
      vertex 11.0151 101.99 38.5151
      vertex 9.61356 100 37.1165
      vertex 9.61493 100 37.1149
    endloop
  endfacet
  facet normal 0.666776 -0.704823 -0.242145
    outer loop
      vertex 10.4904 101.99 40.6096
      vertex 8.59628 100 41.1863
      vertex 8.59559 100 41.1844
    endloop
  endfacet
  facet normal 0.667749 -0.704901 -0.239219
    outer loop
      vertex 8.59628 100 41.1863
      vertex 10.4904 101.99 40.6096
      vertex 10.5599 101.99 40.8036
    endloop
  endfacet
  facet normal -0.569724 -0.704926 0.422486
    outer loop
      vertex 15.654 100 37.4116
      vertex 15.8913 100 37.7316
      vertex 14.1233 101.99 38.6678
    endloop
  endfacet
  facet normal -0.641203 -0.704914 -0.303241
    outer loop
      vertex 16.2686 100 41.5632
      vertex 16.0983 100 41.9233
      vertex 14.352 101.99 40.9899
    endloop
  endfacet
  facet normal 0.641192 -0.704919 0.303253
    outer loop
      vertex 8.90167 100 38.0767
      vertex 10.648 101.99 39.0101
      vertex 8.73136 100 38.4368
    endloop
  endfacet
  facet normal -0.525554 -0.704909 0.476337
    outer loop
      vertex 13.9849 101.99 38.5151
      vertex 15.3864 100 37.1165
      vertex 14.1233 101.99 38.6678
    endloop
  endfacet
  facet normal -0.551606 -0.703467 0.44818
    outer loop
      vertex 15.3864 100 37.1165
      vertex 13.9849 101.99 38.5151
      vertex 15.3851 100 37.1149
    endloop
  endfacet
  facet normal -0.608386 -0.704914 -0.36464
    outer loop
      vertex 16.0983 100 41.9233
      vertex 15.8935 100 42.265
      vertex 14.352 101.99 40.9899
    endloop
  endfacet
  facet normal -0.641203 -0.704914 0.303241
    outer loop
      vertex 16.0983 100 38.0767
      vertex 16.2686 100 38.4368
      vertex 14.352 101.99 39.0101
    endloop
  endfacet
  facet normal -0.667752 -0.704898 0.23922
    outer loop
      vertex 16.4037 100 38.8137
      vertex 14.5096 101.99 39.3904
      vertex 14.4401 101.99 39.1964
    endloop
  endfacet
  facet normal -0.665732 -0.704729 0.24527
    outer loop
      vertex 14.5096 101.99 39.3904
      vertex 16.4037 100 38.8137
      vertex 16.4044 100 38.8156
    endloop
  endfacet
  facet normal 0.70141 -0.70495 -0.105211
    outer loop
      vertex 8.498 100 40.794
      vertex 10.4404 101.99 40.4097
      vertex 8.4983 100 40.796
    endloop
  endfacet
  facet normal 0.701575 -0.704927 -0.104256
    outer loop
      vertex 10.4404 101.99 40.4097
      vertex 8.498 100 40.794
      vertex 10.4101 101.99 40.2058
    endloop
  endfacet
  facet normal -0.36464 -0.704914 -0.608386
    outer loop
      vertex 14.765 100 43.3935
      vertex 14.4233 100 43.5983
      vertex 13.4899 101.99 41.852
    endloop
  endfacet
  facet normal 0.461429 -0.704276 0.539517
    outer loop
      vertex 9.61645 100 37.1136
      vertex 11.0151 101.99 38.5151
      vertex 9.61493 100 37.1149
    endloop
  endfacet
  facet normal 0.476333 -0.704915 0.525549
    outer loop
      vertex 11.0151 101.99 38.5151
      vertex 9.61645 100 37.1136
      vertex 11.1678 101.99 38.3767
    endloop
  endfacet
  facet normal 0.539242 -0.704292 -0.461726
    outer loop
      vertex 9.61356 100 42.8835
      vertex 11.0151 101.99 41.4849
      vertex 9.61493 100 42.8851
    endloop
  endfacet
  facet normal 0.52555 -0.704914 -0.476333
    outer loop
      vertex 11.0151 101.99 41.4849
      vertex 9.61356 100 42.8835
      vertex 10.8767 101.99 41.3322
    endloop
  endfacet
  facet normal 0.0354212 -0.704899 0.708423
    outer loop
      vertex 12.5 101.99 37.9
      vertex 12.498 100 35.92
      vertex 12.5 100 35.9199
    endloop
  endfacet
  facet normal 0.0347679 -0.704915 0.70844
    outer loop
      vertex 12.498 100 35.92
      vertex 12.5 101.99 37.9
      vertex 12.2942 101.99 37.9101
    endloop
  endfacet
  facet normal 0.105211 -0.70495 -0.70141
    outer loop
      vertex 12.0903 101.99 42.0596
      vertex 11.706 100 44.002
      vertex 11.704 100 44.0017
    endloop
  endfacet
  facet normal 0.104256 -0.704927 -0.701575
    outer loop
      vertex 11.706 100 44.002
      vertex 12.0903 101.99 42.0596
      vertex 12.2942 101.99 42.0899
    endloop
  endfacet
  facet normal -0.525424 -0.704922 -0.47646
    outer loop
      vertex 15.654 100 42.5884
      vertex 15.3864 100 42.8835
      vertex 14.1233 101.99 41.3322
    endloop
  endfacet
  facet normal 0.708441 -0.704912 0.0348078
    outer loop
      vertex 8.43955 100 39.6001
      vertex 10.4101 101.99 39.7942
      vertex 8.42 100 39.998
    endloop
  endfacet
  facet normal 0.70162 -0.704912 -0.104059
    outer loop
      vertex 10.4101 101.99 40.2058
      vertex 8.498 100 40.794
      vertex 8.43955 100 40.3999
    endloop
  endfacet
  facet normal 0.701575 -0.704927 0.104256
    outer loop
      vertex 8.498 100 39.206
      vertex 10.4404 101.99 39.5903
      vertex 10.4101 101.99 39.7942
    endloop
  endfacet
  facet normal 0.70141 -0.70495 0.105211
    outer loop
      vertex 10.4404 101.99 39.5903
      vertex 8.498 100 39.206
      vertex 8.4983 100 39.204
    endloop
  endfacet
  facet normal 0.525497 -0.70492 -0.476384
    outer loop
      vertex 10.8767 101.99 41.3322
      vertex 9.61356 100 42.8835
      vertex 9.34604 100 42.5884
    endloop
  endfacet
  facet normal -0.36464 -0.704914 0.608386
    outer loop
      vertex 14.4233 100 36.4017
      vertex 14.765 100 36.6065
      vertex 13.4899 101.99 38.148
    endloop
  endfacet
  facet normal -0.476337 -0.704909 0.525554
    outer loop
      vertex 15.3835 100 37.1136
      vertex 13.9849 101.99 38.5151
      vertex 13.8322 101.99 38.3767
    endloop
  endfacet
  facet normal -0.44818 -0.703467 0.551606
    outer loop
      vertex 13.9849 101.99 38.5151
      vertex 15.3835 100 37.1136
      vertex 15.3851 100 37.1149
    endloop
  endfacet
  facet normal -0.422486 -0.704926 0.569724
    outer loop
      vertex 14.7684 100 36.6087
      vertex 15.0884 100 36.846
      vertex 13.8322 101.99 38.3767
    endloop
  endfacet
  facet normal 0.461429 -0.704276 -0.539517
    outer loop
      vertex 11.0151 101.99 41.4849
      vertex 9.61645 100 42.8864
      vertex 9.61493 100 42.8851
    endloop
  endfacet
  facet normal 0.476333 -0.704915 -0.525549
    outer loop
      vertex 9.61645 100 42.8864
      vertex 11.0151 101.99 41.4849
      vertex 11.1678 101.99 41.6233
    endloop
  endfacet
  facet normal -0.23922 -0.704898 0.667752
    outer loop
      vertex 13.1096 101.99 37.9904
      vertex 13.6863 100 36.0963
      vertex 13.3036 101.99 38.0599
    endloop
  endfacet
  facet normal -0.24527 -0.704729 0.665732
    outer loop
      vertex 13.6863 100 36.0963
      vertex 13.1096 101.99 37.9904
      vertex 13.6844 100 36.0956
    endloop
  endfacet
  facet normal 0.688105 -0.704904 0.172112
    outer loop
      vertex 8.59509 100 38.8176
      vertex 10.4904 101.99 39.3904
      vertex 10.4404 101.99 39.5903
    endloop
  endfacet
  facet normal 0.688127 -0.704902 0.172032
    outer loop
      vertex 10.4904 101.99 39.3904
      vertex 8.59509 100 38.8176
      vertex 8.59559 100 38.8156
    endloop
  endfacet
  facet normal 0.70844 -0.704915 -0.0347679
    outer loop
      vertex 8.42 100 40.002
      vertex 10.4 101.99 40
      vertex 10.4101 101.99 40.2058
    endloop
  endfacet
  facet normal 0.708423 -0.704899 -0.0354212
    outer loop
      vertex 10.4 101.99 40
      vertex 8.42 100 40.002
      vertex 8.4199 100 40
    endloop
  endfacet
  facet normal 0.637435 -0.70467 0.311635
    outer loop
      vertex 8.73136 100 38.4368
      vertex 10.5599 101.99 39.1964
      vertex 8.73048 100 38.4386
    endloop
  endfacet
  facet normal 0.641204 -0.704922 0.303221
    outer loop
      vertex 10.5599 101.99 39.1964
      vertex 8.73136 100 38.4368
      vertex 10.648 101.99 39.0101
    endloop
  endfacet
  facet normal 0.172362 -0.704922 0.688024
    outer loop
      vertex 11.704 100 35.9983
      vertex 12.0903 101.99 37.9404
      vertex 11.3176 100 36.0951
    endloop
  endfacet
  facet normal 0.569728 -0.70492 -0.422489
    outer loop
      vertex 10.8767 101.99 41.3322
      vertex 9.34604 100 42.5884
      vertex 9.10874 100 42.2684
    endloop
  endfacet
  facet normal 0.104145 -0.704919 0.7016
    outer loop
      vertex 12.1001 100 35.9395
      vertex 12.2942 101.99 37.9101
      vertex 11.706 100 35.998
    endloop
  endfacet
  facet normal 0.172032 -0.7049 -0.688129
    outer loop
      vertex 11.8904 101.99 42.0096
      vertex 11.3176 100 43.9049
      vertex 11.3156 100 43.9044
    endloop
  endfacet
  facet normal 0.172113 -0.704902 -0.688107
    outer loop
      vertex 11.3176 100 43.9049
      vertex 11.8904 101.99 42.0096
      vertex 12.0903 101.99 42.0596
    endloop
  endfacet
  facet normal 0.24527 -0.704729 -0.665732
    outer loop
      vertex 11.3137 100 43.9037
      vertex 11.8904 101.99 42.0096
      vertex 11.3156 100 43.9044
    endloop
  endfacet
  facet normal 0.23922 -0.704898 -0.667752
    outer loop
      vertex 11.8904 101.99 42.0096
      vertex 11.3137 100 43.9037
      vertex 11.6964 101.99 41.9401
    endloop
  endfacet
  facet normal -0.317409 -0.704456 -0.634818
    outer loop
      vertex 13.3036 101.99 41.9401
      vertex 14.0632 100 43.7686
      vertex 14.0614 100 43.7695
    endloop
  endfacet
  facet normal -0.303224 -0.704915 -0.64121
    outer loop
      vertex 14.0632 100 43.7686
      vertex 13.3036 101.99 41.9401
      vertex 13.4899 101.99 41.852
    endloop
  endfacet
  facet normal 0.0347186 -0.704918 0.708438
    outer loop
      vertex 12.498 100 35.92
      vertex 12.2942 101.99 37.9101
      vertex 12.1001 100 35.9395
    endloop
  endfacet
  facet normal -0.24527 -0.704729 -0.665732
    outer loop
      vertex 13.1096 101.99 42.0096
      vertex 13.6863 100 43.9037
      vertex 13.6844 100 43.9044
    endloop
  endfacet
  facet normal -0.23922 -0.704898 -0.667752
    outer loop
      vertex 13.6863 100 43.9037
      vertex 13.1096 101.99 42.0096
      vertex 13.3036 101.99 41.9401
    endloop
  endfacet
  facet normal 0.70162 -0.704912 0.104059
    outer loop
      vertex 8.498 100 39.206
      vertex 10.4101 101.99 39.7942
      vertex 8.43955 100 39.6001
    endloop
  endfacet
  facet normal -0.104145 -0.704919 -0.7016
    outer loop
      vertex 13.294 100 44.002
      vertex 12.8999 100 44.0605
      vertex 12.7058 101.99 42.0899
    endloop
  endfacet
  facet normal -0.104256 -0.704927 -0.701575
    outer loop
      vertex 12.9097 101.99 42.0596
      vertex 13.294 100 44.002
      vertex 12.7058 101.99 42.0899
    endloop
  endfacet
  facet normal -0.105211 -0.70495 -0.70141
    outer loop
      vertex 13.294 100 44.002
      vertex 12.9097 101.99 42.0596
      vertex 13.296 100 44.0017
    endloop
  endfacet
  facet normal -0.64121 -0.704915 -0.303224
    outer loop
      vertex 14.4401 101.99 40.8036
      vertex 16.2686 100 41.5632
      vertex 14.352 101.99 40.9899
    endloop
  endfacet
  facet normal -0.634818 -0.704456 -0.317409
    outer loop
      vertex 16.2686 100 41.5632
      vertex 14.4401 101.99 40.8036
      vertex 16.2695 100 41.5614
    endloop
  endfacet
  facet normal -0.667831 -0.704921 -0.238931
    outer loop
      vertex 16.4037 100 41.1863
      vertex 16.2695 100 41.5614
      vertex 14.4401 101.99 40.8036
    endloop
  endfacet
  facet normal -0.303241 -0.704914 -0.641203
    outer loop
      vertex 14.4233 100 43.5983
      vertex 14.0632 100 43.7686
      vertex 13.4899 101.99 41.852
    endloop
  endfacet
  facet normal -0.36448 -0.704899 0.608499
    outer loop
      vertex 14.765 100 36.6065
      vertex 13.6667 101.99 38.2539
      vertex 13.4899 101.99 38.148
    endloop
  endfacet
  facet normal -0.344831 -0.704151 0.620695
    outer loop
      vertex 13.6667 101.99 38.2539
      vertex 14.765 100 36.6065
      vertex 14.7668 100 36.6075
    endloop
  endfacet
  facet normal 0.303224 -0.704915 0.64121
    outer loop
      vertex 10.9368 100 36.2314
      vertex 11.6964 101.99 38.0599
      vertex 11.5101 101.99 38.148
    endloop
  endfacet
  facet normal 0.317409 -0.704456 0.634818
    outer loop
      vertex 11.6964 101.99 38.0599
      vertex 10.9368 100 36.2314
      vertex 10.9386 100 36.2305
    endloop
  endfacet
  facet normal 0.238931 -0.704921 0.667831
    outer loop
      vertex 11.3137 100 36.0963
      vertex 11.6964 101.99 38.0599
      vertex 10.9386 100 36.2305
    endloop
  endfacet
  facet normal 0.36464 -0.704914 -0.608386
    outer loop
      vertex 11.5101 101.99 41.852
      vertex 10.5767 100 43.5983
      vertex 10.235 100 43.3935
    endloop
  endfacet
  facet normal 0.476407 -0.704923 -0.525472
    outer loop
      vertex 11.1678 101.99 41.6233
      vertex 9.91161 100 43.154
      vertex 9.61645 100 42.8864
    endloop
  endfacet
  facet normal 0.23922 -0.704898 0.667752
    outer loop
      vertex 11.3137 100 36.0963
      vertex 11.8904 101.99 37.9904
      vertex 11.6964 101.99 38.0599
    endloop
  endfacet
  facet normal 0.24527 -0.704729 0.665732
    outer loop
      vertex 11.8904 101.99 37.9904
      vertex 11.3137 100 36.0963
      vertex 11.3156 100 36.0956
    endloop
  endfacet
  facet normal 0.303241 -0.704914 -0.641203
    outer loop
      vertex 11.5101 101.99 41.852
      vertex 10.9368 100 43.7686
      vertex 10.5767 100 43.5983
    endloop
  endfacet
  facet normal 0.317409 -0.704456 -0.634818
    outer loop
      vertex 10.9368 100 43.7686
      vertex 11.6964 101.99 41.9401
      vertex 10.9386 100 43.7695
    endloop
  endfacet
  facet normal 0.303224 -0.704915 -0.64121
    outer loop
      vertex 11.6964 101.99 41.9401
      vertex 10.9368 100 43.7686
      vertex 11.5101 101.99 41.852
    endloop
  endfacet
  facet normal -0.620695 -0.704151 -0.344831
    outer loop
      vertex 14.2461 101.99 41.1667
      vertex 15.8935 100 42.265
      vertex 15.8925 100 42.2668
    endloop
  endfacet
  facet normal -0.608499 -0.704899 -0.36448
    outer loop
      vertex 15.8935 100 42.265
      vertex 14.2461 101.99 41.1667
      vertex 14.352 101.99 40.9899
    endloop
  endfacet
  facet normal 0.105211 -0.70495 0.70141
    outer loop
      vertex 11.706 100 35.998
      vertex 12.0903 101.99 37.9404
      vertex 11.704 100 35.9983
    endloop
  endfacet
  facet normal 0.104256 -0.704927 0.701575
    outer loop
      vertex 12.0903 101.99 37.9404
      vertex 11.706 100 35.998
      vertex 12.2942 101.99 37.9101
    endloop
  endfacet
  facet normal 0.667828 -0.704924 0.23893
    outer loop
      vertex 8.73048 100 38.4386
      vertex 10.5599 101.99 39.1964
      vertex 8.59628 100 38.8137
    endloop
  endfacet
  facet normal 0.525497 -0.70492 0.476384
    outer loop
      vertex 9.61356 100 37.1165
      vertex 10.8767 101.99 38.6678
      vertex 9.34604 100 37.4116
    endloop
  endfacet
  facet normal 0.56424 -0.70465 -0.430233
    outer loop
      vertex 10.7539 101.99 41.1667
      vertex 9.10874 100 42.2684
      vertex 9.10752 100 42.2668
    endloop
  endfacet
  facet normal 0.569623 -0.704905 -0.422657
    outer loop
      vertex 9.10874 100 42.2684
      vertex 10.7539 101.99 41.1667
      vertex 10.8767 101.99 41.3322
    endloop
  endfacet
  facet normal -0.36448 -0.704899 -0.608499
    outer loop
      vertex 13.6667 101.99 41.7461
      vertex 14.765 100 43.3935
      vertex 13.4899 101.99 41.852
    endloop
  endfacet
  facet normal -0.344831 -0.704151 -0.620695
    outer loop
      vertex 14.765 100 43.3935
      vertex 13.6667 101.99 41.7461
      vertex 14.7668 100 43.3925
    endloop
  endfacet
  facet normal 0.688028 -0.704922 0.172345
    outer loop
      vertex 8.59509 100 38.8176
      vertex 10.4404 101.99 39.5903
      vertex 8.4983 100 39.204
    endloop
  endfacet
  facet normal 0.612872 -0.704681 -0.357509
    outer loop
      vertex 9.10647 100 42.265
      vertex 10.7539 101.99 41.1667
      vertex 9.10752 100 42.2668
    endloop
  endfacet
  facet normal 0.608495 -0.704904 -0.364478
    outer loop
      vertex 10.7539 101.99 41.1667
      vertex 9.10647 100 42.265
      vertex 10.648 101.99 40.9899
    endloop
  endfacet
  facet normal -0.422653 -0.704911 0.569618
    outer loop
      vertex 13.6667 101.99 38.2539
      vertex 14.7684 100 36.6087
      vertex 13.8322 101.99 38.3767
    endloop
  endfacet
  facet normal -0.425633 -0.704818 0.56751
    outer loop
      vertex 14.7684 100 36.6087
      vertex 13.6667 101.99 38.2539
      vertex 14.7668 100 36.6075
    endloop
  endfacet
  facet normal 0.172032 -0.7049 0.688129
    outer loop
      vertex 11.3176 100 36.0951
      vertex 11.8904 101.99 37.9904
      vertex 11.3156 100 36.0956
    endloop
  endfacet
  facet normal 0.172113 -0.704902 0.688107
    outer loop
      vertex 11.8904 101.99 37.9904
      vertex 11.3176 100 36.0951
      vertex 12.0903 101.99 37.9404
    endloop
  endfacet
  facet normal 0.422653 -0.704911 0.569618
    outer loop
      vertex 10.2316 100 36.6087
      vertex 11.3333 101.99 38.2539
      vertex 11.1678 101.99 38.3767
    endloop
  endfacet
  facet normal 0.425633 -0.704818 0.56751
    outer loop
      vertex 11.3333 101.99 38.2539
      vertex 10.2316 100 36.6087
      vertex 10.2332 100 36.6075
    endloop
  endfacet
  facet normal 0.425633 -0.704818 -0.56751
    outer loop
      vertex 10.2316 100 43.3913
      vertex 11.3333 101.99 41.7461
      vertex 10.2332 100 43.3925
    endloop
  endfacet
  facet normal 0.422653 -0.704911 -0.569618
    outer loop
      vertex 11.3333 101.99 41.7461
      vertex 10.2316 100 43.3913
      vertex 11.1678 101.99 41.6233
    endloop
  endfacet
  facet normal 0.344831 -0.704151 -0.620695
    outer loop
      vertex 11.3333 101.99 41.7461
      vertex 10.235 100 43.3935
      vertex 10.2332 100 43.3925
    endloop
  endfacet
  facet normal 0.36448 -0.704899 -0.608499
    outer loop
      vertex 10.235 100 43.3935
      vertex 11.3333 101.99 41.7461
      vertex 11.5101 101.99 41.852
    endloop
  endfacet
  facet normal -0.989149 0 -0.146918
    outer loop
      vertex 14.5899 101.99 140.206
      vertex 14.5596 104 140.41
      vertex 14.5899 104 140.206
    endloop
  endfacet
  facet normal -0.989149 -0 -0.146918
    outer loop
      vertex 14.5596 104 140.41
      vertex 14.5899 101.99 140.206
      vertex 14.5596 101.99 140.41
    endloop
  endfacet
  facet normal -0.9988 0 -0.0489703
    outer loop
      vertex 14.6 101.99 140
      vertex 14.5899 104 140.206
      vertex 14.6 104 140
    endloop
  endfacet
  facet normal -0.9988 -0 -0.0489703
    outer loop
      vertex 14.5899 104 140.206
      vertex 14.6 101.99 140
      vertex 14.5899 101.99 140.206
    endloop
  endfacet
  facet normal -0.970143 0 -0.242536
    outer loop
      vertex 14.5596 101.99 140.41
      vertex 14.5096 104 140.61
      vertex 14.5596 104 140.41
    endloop
  endfacet
  facet normal -0.970143 -0 -0.242536
    outer loop
      vertex 14.5096 104 140.61
      vertex 14.5596 101.99 140.41
      vertex 14.5096 101.99 140.61
    endloop
  endfacet
  facet normal -0.9988 0 0.0489703
    outer loop
      vertex 14.5899 101.99 139.794
      vertex 14.6 104 140
      vertex 14.5899 104 139.794
    endloop
  endfacet
  facet normal -0.9988 0 0.0489703
    outer loop
      vertex 14.6 104 140
      vertex 14.5899 101.99 139.794
      vertex 14.6 101.99 140
    endloop
  endfacet
  facet normal -0.339406 0 0.94064
    outer loop
      vertex 13.1096 104 137.99
      vertex 13.3036 101.99 138.06
      vertex 13.3036 104 138.06
    endloop
  endfacet
  facet normal -0.339406 0 0.94064
    outer loop
      vertex 13.3036 101.99 138.06
      vertex 13.1096 104 137.99
      vertex 13.1096 101.99 137.99
    endloop
  endfacet
  facet normal 0.427106 0 0.904202
    outer loop
      vertex 11.5101 104 138.148
      vertex 11.6964 101.99 138.06
      vertex 11.6964 104 138.06
    endloop
  endfacet
  facet normal 0.427106 0 0.904202
    outer loop
      vertex 11.6964 101.99 138.06
      vertex 11.5101 104 138.148
      vertex 11.5101 101.99 138.148
    endloop
  endfacet
  facet normal 0.989149 -0 0.146918
    outer loop
      vertex 10.4101 101.99 139.794
      vertex 10.4404 104 139.59
      vertex 10.4101 104 139.794
    endloop
  endfacet
  facet normal 0.989149 0 0.146918
    outer loop
      vertex 10.4404 104 139.59
      vertex 10.4101 101.99 139.794
      vertex 10.4404 101.99 139.59
    endloop
  endfacet
  facet normal 0.670493 0 -0.741916
    outer loop
      vertex 11.0151 101.99 141.485
      vertex 11.1678 104 141.623
      vertex 11.1678 101.99 141.623
    endloop
  endfacet
  facet normal 0.670493 0 -0.741916
    outer loop
      vertex 11.1678 104 141.623
      vertex 11.0151 101.99 141.485
      vertex 11.0151 104 141.485
    endloop
  endfacet
  facet normal 0.24265 0 0.970114
    outer loop
      vertex 11.8904 104 137.99
      vertex 12.0903 101.99 137.94
      vertex 12.0903 104 137.94
    endloop
  endfacet
  facet normal 0.24265 0 0.970114
    outer loop
      vertex 12.0903 101.99 137.94
      vertex 11.8904 104 137.99
      vertex 11.8904 101.99 137.99
    endloop
  endfacet
  facet normal 0.970143 0 -0.242536
    outer loop
      vertex 10.4904 101.99 140.61
      vertex 10.4404 104 140.41
      vertex 10.4904 104 140.61
    endloop
  endfacet
  facet normal 0.970143 0 -0.242536
    outer loop
      vertex 10.4404 104 140.41
      vertex 10.4904 101.99 140.61
      vertex 10.4404 101.99 140.41
    endloop
  endfacet
  facet normal -0.802212 0 -0.59704
    outer loop
      vertex 14.2461 101.99 141.167
      vertex 14.1233 104 141.332
      vertex 14.2461 104 141.167
    endloop
  endfacet
  facet normal -0.802212 -0 -0.59704
    outer loop
      vertex 14.1233 104 141.332
      vertex 14.2461 101.99 141.167
      vertex 14.1233 101.99 141.332
    endloop
  endfacet
  facet normal 0.0485336 0 -0.998822
    outer loop
      vertex 12.2942 101.99 142.09
      vertex 12.5 104 142.1
      vertex 12.5 101.99 142.1
    endloop
  endfacet
  facet normal 0.0485336 0 -0.998822
    outer loop
      vertex 12.5 104 142.1
      vertex 12.2942 101.99 142.09
      vertex 12.2942 104 142.09
    endloop
  endfacet
  facet normal 0.741605 -0 0.670837
    outer loop
      vertex 10.8767 101.99 138.668
      vertex 11.0151 104 138.515
      vertex 10.8767 104 138.668
    endloop
  endfacet
  facet normal 0.741605 0 0.670837
    outer loop
      vertex 11.0151 104 138.515
      vertex 10.8767 101.99 138.668
      vertex 11.0151 101.99 138.515
    endloop
  endfacet
  facet normal 0.596503 0 0.802611
    outer loop
      vertex 11.1678 104 138.377
      vertex 11.3333 101.99 138.254
      vertex 11.3333 104 138.254
    endloop
  endfacet
  facet normal 0.596503 0 0.802611
    outer loop
      vertex 11.3333 101.99 138.254
      vertex 11.1678 104 138.377
      vertex 11.1678 101.99 138.377
    endloop
  endfacet
  facet normal 0.51421 0 0.857664
    outer loop
      vertex 11.3333 104 138.254
      vertex 11.5101 101.99 138.148
      vertex 11.5101 104 138.148
    endloop
  endfacet
  facet normal 0.51421 0 0.857664
    outer loop
      vertex 11.5101 101.99 138.148
      vertex 11.3333 104 138.254
      vertex 11.3333 101.99 138.254
    endloop
  endfacet
  facet normal -0.0485336 0 -0.998822
    outer loop
      vertex 12.5 101.99 142.1
      vertex 12.7058 104 142.09
      vertex 12.7058 101.99 142.09
    endloop
  endfacet
  facet normal -0.0485336 0 -0.998822
    outer loop
      vertex 12.7058 104 142.09
      vertex 12.5 101.99 142.1
      vertex 12.5 104 142.1
    endloop
  endfacet
  facet normal 0.802212 -0 0.59704
    outer loop
      vertex 10.7539 101.99 138.833
      vertex 10.8767 104 138.668
      vertex 10.7539 104 138.833
    endloop
  endfacet
  facet normal 0.802212 0 0.59704
    outer loop
      vertex 10.8767 104 138.668
      vertex 10.7539 101.99 138.833
      vertex 10.8767 101.99 138.668
    endloop
  endfacet
  facet normal -0.989149 0 0.146918
    outer loop
      vertex 14.5596 101.99 139.59
      vertex 14.5899 104 139.794
      vertex 14.5596 104 139.59
    endloop
  endfacet
  facet normal -0.989149 0 0.146918
    outer loop
      vertex 14.5899 104 139.794
      vertex 14.5596 101.99 139.59
      vertex 14.5899 101.99 139.794
    endloop
  endfacet
  facet normal 0.741605 0 -0.670837
    outer loop
      vertex 11.0151 101.99 141.485
      vertex 10.8767 104 141.332
      vertex 11.0151 104 141.485
    endloop
  endfacet
  facet normal 0.741605 0 -0.670837
    outer loop
      vertex 10.8767 104 141.332
      vertex 11.0151 101.99 141.485
      vertex 10.8767 101.99 141.332
    endloop
  endfacet
  facet normal -0.941412 0 0.337258
    outer loop
      vertex 14.4401 101.99 139.196
      vertex 14.5096 104 139.39
      vertex 14.4401 104 139.196
    endloop
  endfacet
  facet normal -0.941412 0 0.337258
    outer loop
      vertex 14.5096 104 139.39
      vertex 14.4401 101.99 139.196
      vertex 14.5096 101.99 139.39
    endloop
  endfacet
  facet normal -0.941412 0 -0.337258
    outer loop
      vertex 14.5096 101.99 140.61
      vertex 14.4401 104 140.804
      vertex 14.5096 104 140.61
    endloop
  endfacet
  facet normal -0.941412 -0 -0.337258
    outer loop
      vertex 14.4401 104 140.804
      vertex 14.5096 101.99 140.61
      vertex 14.4401 101.99 140.804
    endloop
  endfacet
  facet normal 0.903748 0 -0.428065
    outer loop
      vertex 10.648 101.99 140.99
      vertex 10.5599 104 140.804
      vertex 10.648 104 140.99
    endloop
  endfacet
  facet normal 0.903748 0 -0.428065
    outer loop
      vertex 10.5599 104 140.804
      vertex 10.648 101.99 140.99
      vertex 10.5599 101.99 140.804
    endloop
  endfacet
  facet normal -0.970143 0 0.242536
    outer loop
      vertex 14.5096 101.99 139.39
      vertex 14.5596 104 139.59
      vertex 14.5096 104 139.39
    endloop
  endfacet
  facet normal -0.970143 0 0.242536
    outer loop
      vertex 14.5596 104 139.59
      vertex 14.5096 101.99 139.39
      vertex 14.5596 101.99 139.59
    endloop
  endfacet
  facet normal -0.0485336 0 0.998822
    outer loop
      vertex 12.5 104 137.9
      vertex 12.7058 101.99 137.91
      vertex 12.7058 104 137.91
    endloop
  endfacet
  facet normal -0.0485336 0 0.998822
    outer loop
      vertex 12.7058 101.99 137.91
      vertex 12.5 104 137.9
      vertex 12.5 101.99 137.9
    endloop
  endfacet
  facet normal -0.903748 0 -0.428065
    outer loop
      vertex 14.4401 101.99 140.804
      vertex 14.352 104 140.99
      vertex 14.4401 104 140.804
    endloop
  endfacet
  facet normal -0.903748 -0 -0.428065
    outer loop
      vertex 14.352 104 140.99
      vertex 14.4401 101.99 140.804
      vertex 14.352 101.99 140.99
    endloop
  endfacet
  facet normal 0.941412 -0 0.337258
    outer loop
      vertex 10.4904 101.99 139.39
      vertex 10.5599 104 139.196
      vertex 10.4904 104 139.39
    endloop
  endfacet
  facet normal 0.941412 0 0.337258
    outer loop
      vertex 10.5599 104 139.196
      vertex 10.4904 101.99 139.39
      vertex 10.5599 101.99 139.196
    endloop
  endfacet
  facet normal -0.427106 0 0.904202
    outer loop
      vertex 13.3036 104 138.06
      vertex 13.4899 101.99 138.148
      vertex 13.4899 104 138.148
    endloop
  endfacet
  facet normal -0.427106 0 0.904202
    outer loop
      vertex 13.4899 101.99 138.148
      vertex 13.3036 104 138.06
      vertex 13.3036 101.99 138.06
    endloop
  endfacet
  facet normal -0.427106 0 -0.904202
    outer loop
      vertex 13.3036 101.99 141.94
      vertex 13.4899 104 141.852
      vertex 13.4899 101.99 141.852
    endloop
  endfacet
  facet normal -0.427106 0 -0.904202
    outer loop
      vertex 13.4899 104 141.852
      vertex 13.3036 101.99 141.94
      vertex 13.3036 104 141.94
    endloop
  endfacet
  facet normal 0.427106 0 -0.904202
    outer loop
      vertex 11.5101 101.99 141.852
      vertex 11.6964 104 141.94
      vertex 11.6964 101.99 141.94
    endloop
  endfacet
  facet normal 0.427106 0 -0.904202
    outer loop
      vertex 11.6964 104 141.94
      vertex 11.5101 101.99 141.852
      vertex 11.5101 104 141.852
    endloop
  endfacet
  facet normal -0.596503 0 0.802611
    outer loop
      vertex 13.6667 104 138.254
      vertex 13.8322 101.99 138.377
      vertex 13.8322 104 138.377
    endloop
  endfacet
  facet normal -0.596503 0 0.802611
    outer loop
      vertex 13.8322 101.99 138.377
      vertex 13.6667 104 138.254
      vertex 13.6667 101.99 138.254
    endloop
  endfacet
  facet normal -0.741605 0 0.670837
    outer loop
      vertex 13.9849 101.99 138.515
      vertex 14.1233 104 138.668
      vertex 13.9849 104 138.515
    endloop
  endfacet
  facet normal -0.741605 0 0.670837
    outer loop
      vertex 14.1233 104 138.668
      vertex 13.9849 101.99 138.515
      vertex 14.1233 101.99 138.668
    endloop
  endfacet
  facet normal 0.903748 -0 0.428065
    outer loop
      vertex 10.5599 101.99 139.196
      vertex 10.648 104 139.01
      vertex 10.5599 104 139.196
    endloop
  endfacet
  facet normal 0.903748 0 0.428065
    outer loop
      vertex 10.648 104 139.01
      vertex 10.5599 101.99 139.196
      vertex 10.648 101.99 139.01
    endloop
  endfacet
  facet normal -0.145564 0 0.989349
    outer loop
      vertex 12.7058 104 137.91
      vertex 12.9097 101.99 137.94
      vertex 12.9097 104 137.94
    endloop
  endfacet
  facet normal -0.145564 0 0.989349
    outer loop
      vertex 12.9097 101.99 137.94
      vertex 12.7058 104 137.91
      vertex 12.7058 101.99 137.91
    endloop
  endfacet
  facet normal -0.24265 0 -0.970114
    outer loop
      vertex 12.9097 101.99 142.06
      vertex 13.1096 104 142.01
      vertex 13.1096 101.99 142.01
    endloop
  endfacet
  facet normal -0.24265 0 -0.970114
    outer loop
      vertex 13.1096 104 142.01
      vertex 12.9097 101.99 142.06
      vertex 12.9097 104 142.06
    endloop
  endfacet
  facet normal -0.858134 0 0.513426
    outer loop
      vertex 14.2461 101.99 138.833
      vertex 14.352 104 139.01
      vertex 14.2461 104 138.833
    endloop
  endfacet
  facet normal -0.858134 0 0.513426
    outer loop
      vertex 14.352 104 139.01
      vertex 14.2461 101.99 138.833
      vertex 14.352 101.99 139.01
    endloop
  endfacet
  facet normal -0.670493 0 -0.741916
    outer loop
      vertex 13.8322 101.99 141.623
      vertex 13.9849 104 141.485
      vertex 13.9849 101.99 141.485
    endloop
  endfacet
  facet normal -0.670493 0 -0.741916
    outer loop
      vertex 13.9849 104 141.485
      vertex 13.8322 101.99 141.623
      vertex 13.8322 104 141.623
    endloop
  endfacet
  facet normal 0.989149 0 -0.146918
    outer loop
      vertex 10.4404 101.99 140.41
      vertex 10.4101 104 140.206
      vertex 10.4404 104 140.41
    endloop
  endfacet
  facet normal 0.989149 0 -0.146918
    outer loop
      vertex 10.4101 104 140.206
      vertex 10.4404 101.99 140.41
      vertex 10.4101 101.99 140.206
    endloop
  endfacet
  facet normal -0.596503 0 -0.802611
    outer loop
      vertex 13.6667 101.99 141.746
      vertex 13.8322 104 141.623
      vertex 13.8322 101.99 141.623
    endloop
  endfacet
  facet normal -0.596503 0 -0.802611
    outer loop
      vertex 13.8322 104 141.623
      vertex 13.6667 101.99 141.746
      vertex 13.6667 104 141.746
    endloop
  endfacet
  facet normal -0.51421 0 -0.857664
    outer loop
      vertex 13.4899 101.99 141.852
      vertex 13.6667 104 141.746
      vertex 13.6667 101.99 141.746
    endloop
  endfacet
  facet normal -0.51421 0 -0.857664
    outer loop
      vertex 13.6667 104 141.746
      vertex 13.4899 101.99 141.852
      vertex 13.4899 104 141.852
    endloop
  endfacet
  facet normal -0.802212 0 0.59704
    outer loop
      vertex 14.1233 101.99 138.668
      vertex 14.2461 104 138.833
      vertex 14.1233 104 138.668
    endloop
  endfacet
  facet normal -0.802212 0 0.59704
    outer loop
      vertex 14.2461 104 138.833
      vertex 14.1233 101.99 138.668
      vertex 14.2461 101.99 138.833
    endloop
  endfacet
  facet normal -0.339406 0 -0.94064
    outer loop
      vertex 13.1096 101.99 142.01
      vertex 13.3036 104 141.94
      vertex 13.3036 101.99 141.94
    endloop
  endfacet
  facet normal -0.339406 0 -0.94064
    outer loop
      vertex 13.3036 104 141.94
      vertex 13.1096 101.99 142.01
      vertex 13.1096 104 142.01
    endloop
  endfacet
  facet normal -0.24265 0 0.970114
    outer loop
      vertex 12.9097 104 137.94
      vertex 13.1096 101.99 137.99
      vertex 13.1096 104 137.99
    endloop
  endfacet
  facet normal -0.24265 0 0.970114
    outer loop
      vertex 13.1096 101.99 137.99
      vertex 12.9097 104 137.94
      vertex 12.9097 101.99 137.94
    endloop
  endfacet
  facet normal -0.741605 0 -0.670837
    outer loop
      vertex 14.1233 101.99 141.332
      vertex 13.9849 104 141.485
      vertex 14.1233 104 141.332
    endloop
  endfacet
  facet normal -0.741605 -0 -0.670837
    outer loop
      vertex 13.9849 104 141.485
      vertex 14.1233 101.99 141.332
      vertex 13.9849 101.99 141.485
    endloop
  endfacet
  facet normal -0.858134 0 -0.513426
    outer loop
      vertex 14.352 101.99 140.99
      vertex 14.2461 104 141.167
      vertex 14.352 104 140.99
    endloop
  endfacet
  facet normal -0.858134 -0 -0.513426
    outer loop
      vertex 14.2461 104 141.167
      vertex 14.352 101.99 140.99
      vertex 14.2461 101.99 141.167
    endloop
  endfacet
  facet normal 0.51421 0 -0.857664
    outer loop
      vertex 11.3333 101.99 141.746
      vertex 11.5101 104 141.852
      vertex 11.5101 101.99 141.852
    endloop
  endfacet
  facet normal 0.51421 0 -0.857664
    outer loop
      vertex 11.5101 104 141.852
      vertex 11.3333 101.99 141.746
      vertex 11.3333 104 141.746
    endloop
  endfacet
  facet normal 0.24265 0 -0.970114
    outer loop
      vertex 11.8904 101.99 142.01
      vertex 12.0903 104 142.06
      vertex 12.0903 101.99 142.06
    endloop
  endfacet
  facet normal 0.24265 0 -0.970114
    outer loop
      vertex 12.0903 104 142.06
      vertex 11.8904 101.99 142.01
      vertex 11.8904 104 142.01
    endloop
  endfacet
  facet normal 0.145564 0 -0.989349
    outer loop
      vertex 12.0903 101.99 142.06
      vertex 12.2942 104 142.09
      vertex 12.2942 101.99 142.09
    endloop
  endfacet
  facet normal 0.145564 0 -0.989349
    outer loop
      vertex 12.2942 104 142.09
      vertex 12.0903 101.99 142.06
      vertex 12.0903 104 142.06
    endloop
  endfacet
  facet normal 0.339406 0 -0.94064
    outer loop
      vertex 11.6964 101.99 141.94
      vertex 11.8904 104 142.01
      vertex 11.8904 101.99 142.01
    endloop
  endfacet
  facet normal 0.339406 0 -0.94064
    outer loop
      vertex 11.8904 104 142.01
      vertex 11.6964 101.99 141.94
      vertex 11.6964 104 141.94
    endloop
  endfacet
  facet normal 0.9988 0 -0.0489703
    outer loop
      vertex 10.4101 101.99 140.206
      vertex 10.4 104 140
      vertex 10.4101 104 140.206
    endloop
  endfacet
  facet normal 0.9988 0 -0.0489703
    outer loop
      vertex 10.4 104 140
      vertex 10.4101 101.99 140.206
      vertex 10.4 101.99 140
    endloop
  endfacet
  facet normal 0.802212 0 -0.59704
    outer loop
      vertex 10.8767 101.99 141.332
      vertex 10.7539 104 141.167
      vertex 10.8767 104 141.332
    endloop
  endfacet
  facet normal 0.802212 0 -0.59704
    outer loop
      vertex 10.7539 104 141.167
      vertex 10.8767 101.99 141.332
      vertex 10.7539 101.99 141.167
    endloop
  endfacet
  facet normal 0.970143 -0 0.242536
    outer loop
      vertex 10.4404 101.99 139.59
      vertex 10.4904 104 139.39
      vertex 10.4404 104 139.59
    endloop
  endfacet
  facet normal 0.970143 0 0.242536
    outer loop
      vertex 10.4904 104 139.39
      vertex 10.4404 101.99 139.59
      vertex 10.4904 101.99 139.39
    endloop
  endfacet
  facet normal -0.903748 0 0.428065
    outer loop
      vertex 14.352 101.99 139.01
      vertex 14.4401 104 139.196
      vertex 14.352 104 139.01
    endloop
  endfacet
  facet normal -0.903748 0 0.428065
    outer loop
      vertex 14.4401 104 139.196
      vertex 14.352 101.99 139.01
      vertex 14.4401 101.99 139.196
    endloop
  endfacet
  facet normal -0.51421 0 0.857664
    outer loop
      vertex 13.4899 104 138.148
      vertex 13.6667 101.99 138.254
      vertex 13.6667 104 138.254
    endloop
  endfacet
  facet normal -0.51421 0 0.857664
    outer loop
      vertex 13.6667 101.99 138.254
      vertex 13.4899 104 138.148
      vertex 13.4899 101.99 138.148
    endloop
  endfacet
  facet normal 0.941412 0 -0.337258
    outer loop
      vertex 10.5599 101.99 140.804
      vertex 10.4904 104 140.61
      vertex 10.5599 104 140.804
    endloop
  endfacet
  facet normal 0.941412 0 -0.337258
    outer loop
      vertex 10.4904 104 140.61
      vertex 10.5599 101.99 140.804
      vertex 10.4904 101.99 140.61
    endloop
  endfacet
  facet normal 0.0485336 0 0.998822
    outer loop
      vertex 12.2942 104 137.91
      vertex 12.5 101.99 137.9
      vertex 12.5 104 137.9
    endloop
  endfacet
  facet normal 0.0485336 0 0.998822
    outer loop
      vertex 12.5 101.99 137.9
      vertex 12.2942 104 137.91
      vertex 12.2942 101.99 137.91
    endloop
  endfacet
  facet normal 0.145564 0 0.989349
    outer loop
      vertex 12.0903 104 137.94
      vertex 12.2942 101.99 137.91
      vertex 12.2942 104 137.91
    endloop
  endfacet
  facet normal 0.145564 0 0.989349
    outer loop
      vertex 12.2942 101.99 137.91
      vertex 12.0903 104 137.94
      vertex 12.0903 101.99 137.94
    endloop
  endfacet
  facet normal 0.596503 0 -0.802611
    outer loop
      vertex 11.1678 101.99 141.623
      vertex 11.3333 104 141.746
      vertex 11.3333 101.99 141.746
    endloop
  endfacet
  facet normal 0.596503 0 -0.802611
    outer loop
      vertex 11.3333 104 141.746
      vertex 11.1678 101.99 141.623
      vertex 11.1678 104 141.623
    endloop
  endfacet
  facet normal -0.670493 0 0.741916
    outer loop
      vertex 13.8322 104 138.377
      vertex 13.9849 101.99 138.515
      vertex 13.9849 104 138.515
    endloop
  endfacet
  facet normal -0.670493 0 0.741916
    outer loop
      vertex 13.9849 101.99 138.515
      vertex 13.8322 104 138.377
      vertex 13.8322 101.99 138.377
    endloop
  endfacet
  facet normal 0.339406 0 0.94064
    outer loop
      vertex 11.6964 104 138.06
      vertex 11.8904 101.99 137.99
      vertex 11.8904 104 137.99
    endloop
  endfacet
  facet normal 0.339406 0 0.94064
    outer loop
      vertex 11.8904 101.99 137.99
      vertex 11.6964 104 138.06
      vertex 11.6964 101.99 138.06
    endloop
  endfacet
  facet normal -0.145564 0 -0.989349
    outer loop
      vertex 12.7058 101.99 142.09
      vertex 12.9097 104 142.06
      vertex 12.9097 101.99 142.06
    endloop
  endfacet
  facet normal -0.145564 0 -0.989349
    outer loop
      vertex 12.9097 104 142.06
      vertex 12.7058 101.99 142.09
      vertex 12.7058 104 142.09
    endloop
  endfacet
  facet normal 0.670493 0 0.741916
    outer loop
      vertex 11.0151 104 138.515
      vertex 11.1678 101.99 138.377
      vertex 11.1678 104 138.377
    endloop
  endfacet
  facet normal 0.670493 0 0.741916
    outer loop
      vertex 11.1678 101.99 138.377
      vertex 11.0151 104 138.515
      vertex 11.0151 101.99 138.515
    endloop
  endfacet
  facet normal 0.858134 0 -0.513426
    outer loop
      vertex 10.7539 101.99 141.167
      vertex 10.648 104 140.99
      vertex 10.7539 104 141.167
    endloop
  endfacet
  facet normal 0.858134 0 -0.513426
    outer loop
      vertex 10.648 104 140.99
      vertex 10.7539 101.99 141.167
      vertex 10.648 101.99 140.99
    endloop
  endfacet
  facet normal 0.9988 -0 0.0489703
    outer loop
      vertex 10.4 101.99 140
      vertex 10.4101 104 139.794
      vertex 10.4 104 140
    endloop
  endfacet
  facet normal 0.9988 0 0.0489703
    outer loop
      vertex 10.4101 104 139.794
      vertex 10.4 101.99 140
      vertex 10.4101 101.99 139.794
    endloop
  endfacet
  facet normal 0.858134 -0 0.513426
    outer loop
      vertex 10.648 101.99 139.01
      vertex 10.7539 104 138.833
      vertex 10.648 104 139.01
    endloop
  endfacet
  facet normal 0.858134 0 0.513426
    outer loop
      vertex 10.7539 104 138.833
      vertex 10.648 101.99 139.01
      vertex 10.7539 101.99 138.833
    endloop
  endfacet
  facet normal -0.708423 -0.704899 -0.0354212
    outer loop
      vertex 16.58 100 140.002
      vertex 14.6 101.99 140
      vertex 16.5801 100 140
    endloop
  endfacet
  facet normal -0.70844 -0.704915 -0.0347342
    outer loop
      vertex 14.6 101.99 140
      vertex 16.58 100 140.002
      vertex 14.5899 101.99 140.206
    endloop
  endfacet
  facet normal -0.476833 -0.704949 0.52505
    outer loop
      vertex 15.0884 100 136.846
      vertex 15.3835 100 137.114
      vertex 13.8322 101.99 138.377
    endloop
  endfacet
  facet normal 0.535071 -0.694114 0.481564
    outer loop
      vertex 10.235 100 136.606
      vertex 11.3333 101.99 138.254
      vertex 10.2332 100 136.608
    endloop
  endfacet
  facet normal 0.364682 -0.704999 0.608263
    outer loop
      vertex 11.3333 101.99 138.254
      vertex 10.235 100 136.606
      vertex 11.5101 101.99 138.148
    endloop
  endfacet
  facet normal -0.375817 -0.705119 -0.601306
    outer loop
      vertex 13.6667 101.99 141.746
      vertex 14.7684 100 143.391
      vertex 14.7668 100 143.392
    endloop
  endfacet
  facet normal -0.423122 -0.704869 -0.569322
    outer loop
      vertex 14.7684 100 143.391
      vertex 13.6667 101.99 141.746
      vertex 13.8322 101.99 141.623
    endloop
  endfacet
  facet normal -0.667855 -0.704874 0.239003
    outer loop
      vertex 16.2695 100 138.439
      vertex 16.4037 100 138.814
      vertex 14.4401 101.99 139.196
    endloop
  endfacet
  facet normal 0 -0.705323 -0.708886
    outer loop
      vertex 12.498 100 144.08
      vertex 12.5 101.99 142.1
      vertex 12.5 100 144.08
    endloop
  endfacet
  facet normal 0.0344241 -0.704923 -0.708448
    outer loop
      vertex 12.5 101.99 142.1
      vertex 12.498 100 144.08
      vertex 12.2942 101.99 142.09
    endloop
  endfacet
  facet normal 0.670394 -0.705038 0.231286
    outer loop
      vertex 8.59628 100 138.814
      vertex 10.4904 101.99 139.39
      vertex 8.59559 100 138.816
    endloop
  endfacet
  facet normal 0.667788 -0.704859 0.239233
    outer loop
      vertex 10.4904 101.99 139.39
      vertex 8.59628 100 138.814
      vertex 10.5599 101.99 139.196
    endloop
  endfacet
  facet normal -0.687998 -0.704904 -0.172534
    outer loop
      vertex 16.5017 100 140.796
      vertex 16.4049 100 141.182
      vertex 14.5596 101.99 140.41
    endloop
  endfacet
  facet normal -0.569741 -0.704905 -0.422498
    outer loop
      vertex 15.8913 100 142.268
      vertex 15.654 100 142.588
      vertex 14.1233 101.99 141.332
    endloop
  endfacet
  facet normal -0.0344241 -0.704923 0.708448
    outer loop
      vertex 12.5 101.99 137.9
      vertex 12.502 100 135.92
      vertex 12.7058 101.99 137.91
    endloop
  endfacet
  facet normal 0 -0.705323 0.708886
    outer loop
      vertex 12.502 100 135.92
      vertex 12.5 101.99 137.9
      vertex 12.5 100 135.92
    endloop
  endfacet
  facet normal -0.688162 -0.704865 -0.172041
    outer loop
      vertex 14.5096 101.99 140.61
      vertex 16.4049 100 141.182
      vertex 16.4044 100 141.184
    endloop
  endfacet
  facet normal -0.688162 -0.704865 -0.172041
    outer loop
      vertex 16.4049 100 141.182
      vertex 14.5096 101.99 140.61
      vertex 14.5596 101.99 140.41
    endloop
  endfacet
  facet normal -0.172703 -0.704896 -0.687965
    outer loop
      vertex 13.6824 100 143.905
      vertex 13.296 100 144.002
      vertex 12.9097 101.99 142.06
    endloop
  endfacet
  facet normal -0.0356109 -0.704832 -0.708479
    outer loop
      vertex 12.7058 101.99 142.09
      vertex 12.8999 100 144.06
      vertex 12.502 100 144.08
    endloop
  endfacet
  facet normal 0.172703 -0.704896 -0.687965
    outer loop
      vertex 12.0903 101.99 142.06
      vertex 11.704 100 144.002
      vertex 11.3176 100 143.905
    endloop
  endfacet
  facet normal -0.0356109 -0.704832 0.708479
    outer loop
      vertex 12.8999 100 135.94
      vertex 12.7058 101.99 137.91
      vertex 12.502 100 135.92
    endloop
  endfacet
  facet normal -0.172703 -0.704896 0.687965
    outer loop
      vertex 13.296 100 135.998
      vertex 13.6824 100 136.095
      vertex 12.9097 101.99 137.94
    endloop
  endfacet
  facet normal 0.608549 -0.704889 -0.364418
    outer loop
      vertex 10.648 101.99 140.99
      vertex 9.10647 100 142.265
      vertex 8.90167 100 141.923
    endloop
  endfacet
  facet normal 0.708423 -0.704899 0.0354212
    outer loop
      vertex 8.42 100 139.998
      vertex 10.4 101.99 140
      vertex 8.4199 100 140
    endloop
  endfacet
  facet normal 0.70844 -0.704915 0.0347342
    outer loop
      vertex 10.4 101.99 140
      vertex 8.42 100 139.998
      vertex 10.4101 101.99 139.794
    endloop
  endfacet
  facet normal 0.363599 -0.704898 0.609028
    outer loop
      vertex 10.5767 100 136.402
      vertex 11.5101 101.99 138.148
      vertex 10.235 100 136.606
    endloop
  endfacet
  facet normal -0.304267 -0.704892 0.64074
    outer loop
      vertex 14.0632 100 136.231
      vertex 14.4233 100 136.402
      vertex 13.4899 101.99 138.148
    endloop
  endfacet
  facet normal 0.459146 -0.689499 0.560158
    outer loop
      vertex 9.10874 100 137.732
      vertex 10.7539 101.99 138.833
      vertex 9.10752 100 137.733
    endloop
  endfacet
  facet normal 0.56909 -0.704805 0.423541
    outer loop
      vertex 10.7539 101.99 138.833
      vertex 9.10874 100 137.732
      vertex 10.8767 101.99 138.668
    endloop
  endfacet
  facet normal -0.7016 -0.704916 0.104172
    outer loop
      vertex 16.502 100 139.206
      vertex 16.5605 100 139.6
      vertex 14.5899 101.99 139.794
    endloop
  endfacet
  facet normal -0.422122 -0.704959 -0.569953
    outer loop
      vertex 15.0884 100 143.154
      vertex 14.7684 100 143.391
      vertex 13.8322 101.99 141.623
    endloop
  endfacet
  facet normal -0.688162 -0.704865 0.172041
    outer loop
      vertex 14.5096 101.99 139.39
      vertex 16.4049 100 138.818
      vertex 14.5596 101.99 139.59
    endloop
  endfacet
  facet normal -0.688162 -0.704865 0.172041
    outer loop
      vertex 16.4049 100 138.818
      vertex 14.5096 101.99 139.39
      vertex 16.4044 100 138.816
    endloop
  endfacet
  facet normal -0.7016 -0.704916 -0.104172
    outer loop
      vertex 16.5605 100 140.4
      vertex 16.502 100 140.794
      vertex 14.5899 101.99 140.206
    endloop
  endfacet
  facet normal -0.687998 -0.704904 0.172534
    outer loop
      vertex 16.4049 100 138.818
      vertex 16.5017 100 139.204
      vertex 14.5596 101.99 139.59
    endloop
  endfacet
  facet normal -0.608712 -0.704863 0.364195
    outer loop
      vertex 14.2461 101.99 138.833
      vertex 15.8935 100 137.735
      vertex 14.352 101.99 139.01
    endloop
  endfacet
  facet normal -0.636517 -0.702536 0.318259
    outer loop
      vertex 15.8935 100 137.735
      vertex 14.2461 101.99 138.833
      vertex 15.8925 100 137.733
    endloop
  endfacet
  facet normal 0.238584 -0.705014 -0.667857
    outer loop
      vertex 11.6964 101.99 141.94
      vertex 11.3137 100 143.904
      vertex 10.9386 100 143.77
    endloop
  endfacet
  facet normal 0.688002 -0.704905 -0.172517
    outer loop
      vertex 10.4404 101.99 140.41
      vertex 8.59509 100 141.182
      vertex 8.4983 100 140.796
    endloop
  endfacet
  facet normal 0.608708 -0.704868 0.364193
    outer loop
      vertex 9.10647 100 137.735
      vertex 10.7539 101.99 138.833
      vertex 10.648 101.99 139.01
    endloop
  endfacet
  facet normal 0.62938 -0.70335 0.330424
    outer loop
      vertex 10.7539 101.99 138.833
      vertex 9.10647 100 137.735
      vertex 9.10752 100 137.733
    endloop
  endfacet
  facet normal 0.641185 -0.70489 -0.303334
    outer loop
      vertex 10.648 101.99 140.99
      vertex 8.90167 100 141.923
      vertex 8.73136 100 141.563
    endloop
  endfacet
  facet normal -0.103286 -0.704834 0.701813
    outer loop
      vertex 12.8999 100 135.94
      vertex 13.294 100 135.998
      vertex 12.7058 101.99 137.91
    endloop
  endfacet
  facet normal -0.70844 -0.704915 0.0347342
    outer loop
      vertex 16.58 100 139.998
      vertex 14.6 101.99 140
      vertex 14.5899 101.99 139.794
    endloop
  endfacet
  facet normal -0.708423 -0.704899 0.0354212
    outer loop
      vertex 14.6 101.99 140
      vertex 16.58 100 139.998
      vertex 16.5801 100 140
    endloop
  endfacet
  facet normal -0.70844 -0.704917 0.03471
    outer loop
      vertex 16.5605 100 139.6
      vertex 16.58 100 139.998
      vertex 14.5899 101.99 139.794
    endloop
  endfacet
  facet normal 0.608549 -0.704889 0.364418
    outer loop
      vertex 9.10647 100 137.735
      vertex 10.648 101.99 139.01
      vertex 8.90167 100 138.077
    endloop
  endfacet
  facet normal 0 -0.705323 -0.708886
    outer loop
      vertex 12.5 101.99 142.1
      vertex 12.502 100 144.08
      vertex 12.5 100 144.08
    endloop
  endfacet
  facet normal -0.0344241 -0.704923 -0.708448
    outer loop
      vertex 12.502 100 144.08
      vertex 12.5 101.99 142.1
      vertex 12.7058 101.99 142.09
    endloop
  endfacet
  facet normal 0.422131 -0.704958 0.569948
    outer loop
      vertex 10.2316 100 136.609
      vertex 11.1678 101.99 138.377
      vertex 9.91161 100 136.846
    endloop
  endfacet
  facet normal -0.302905 -0.705004 0.641263
    outer loop
      vertex 13.3036 101.99 138.06
      vertex 14.0632 100 136.231
      vertex 13.4899 101.99 138.148
    endloop
  endfacet
  facet normal -0.345328 -0.703116 0.621591
    outer loop
      vertex 14.0632 100 136.231
      vertex 13.3036 101.99 138.06
      vertex 14.0614 100 136.23
    endloop
  endfacet
  facet normal -0.103259 -0.704832 0.701819
    outer loop
      vertex 13.294 100 135.998
      vertex 12.9097 101.99 137.94
      vertex 12.7058 101.99 137.91
    endloop
  endfacet
  facet normal 0 -0.698423 0.715685
    outer loop
      vertex 12.9097 101.99 137.94
      vertex 13.294 100 135.998
      vertex 13.296 100 135.998
    endloop
  endfacet
  facet normal 0.648957 -0.70521 -0.285541
    outer loop
      vertex 10.5599 101.99 140.804
      vertex 8.73136 100 141.563
      vertex 8.73048 100 141.561
    endloop
  endfacet
  facet normal 0.641066 -0.704865 -0.303645
    outer loop
      vertex 8.73136 100 141.563
      vertex 10.5599 101.99 140.804
      vertex 10.648 101.99 140.99
    endloop
  endfacet
  facet normal -0.701592 -0.704918 0.104207
    outer loop
      vertex 14.5596 101.99 139.59
      vertex 16.502 100 139.206
      vertex 14.5899 101.99 139.794
    endloop
  endfacet
  facet normal -0.701418 -0.704942 0.105213
    outer loop
      vertex 16.502 100 139.206
      vertex 14.5596 101.99 139.59
      vertex 16.5017 100 139.204
    endloop
  endfacet
  facet normal -0.172125 -0.70485 -0.688157
    outer loop
      vertex 13.1096 101.99 142.01
      vertex 13.6824 100 143.905
      vertex 12.9097 101.99 142.06
    endloop
  endfacet
  facet normal -0.319333 -0.700094 -0.638666
    outer loop
      vertex 13.6824 100 143.905
      vertex 13.1096 101.99 142.01
      vertex 13.6844 100 143.904
    endloop
  endfacet
  facet normal -0.569085 -0.704811 0.423537
    outer loop
      vertex 15.8913 100 137.732
      vertex 14.2461 101.99 138.833
      vertex 14.1233 101.99 138.668
    endloop
  endfacet
  facet normal -0.463139 -0.69038 0.555767
    outer loop
      vertex 14.2461 101.99 138.833
      vertex 15.8913 100 137.732
      vertex 15.8925 100 137.733
    endloop
  endfacet
  facet normal 0.103286 -0.704834 -0.701813
    outer loop
      vertex 12.2942 101.99 142.09
      vertex 12.1001 100 144.06
      vertex 11.706 100 144.002
    endloop
  endfacet
  facet normal -0.70844 -0.704917 -0.03471
    outer loop
      vertex 16.58 100 140.002
      vertex 16.5605 100 140.4
      vertex 14.5899 101.99 140.206
    endloop
  endfacet
  facet normal 0.688161 -0.704867 -0.17204
    outer loop
      vertex 8.59509 100 141.182
      vertex 10.4904 101.99 140.61
      vertex 8.59559 100 141.184
    endloop
  endfacet
  facet normal 0.688161 -0.704867 -0.17204
    outer loop
      vertex 10.4904 101.99 140.61
      vertex 8.59509 100 141.182
      vertex 10.4404 101.99 140.41
    endloop
  endfacet
  facet normal -0.526144 -0.704924 0.475662
    outer loop
      vertex 15.3864 100 137.116
      vertex 15.654 100 137.412
      vertex 14.1233 101.99 138.668
    endloop
  endfacet
  facet normal -0.701418 -0.704942 -0.105213
    outer loop
      vertex 14.5596 101.99 140.41
      vertex 16.502 100 140.794
      vertex 16.5017 100 140.796
    endloop
  endfacet
  facet normal -0.701592 -0.704918 -0.104207
    outer loop
      vertex 16.502 100 140.794
      vertex 14.5596 101.99 140.41
      vertex 14.5899 101.99 140.206
    endloop
  endfacet
  facet normal -0.569085 -0.704811 -0.423537
    outer loop
      vertex 14.2461 101.99 141.167
      vertex 15.8913 100 142.268
      vertex 14.1233 101.99 141.332
    endloop
  endfacet
  facet normal -0.463139 -0.69038 -0.555767
    outer loop
      vertex 15.8913 100 142.268
      vertex 14.2461 101.99 141.167
      vertex 15.8925 100 142.267
    endloop
  endfacet
  facet normal -0.608553 -0.704884 0.36442
    outer loop
      vertex 15.8935 100 137.735
      vertex 16.0983 100 138.077
      vertex 14.352 101.99 139.01
    endloop
  endfacet
  facet normal 0.667852 -0.704877 -0.239002
    outer loop
      vertex 10.5599 101.99 140.804
      vertex 8.73048 100 141.561
      vertex 8.59628 100 141.186
    endloop
  endfacet
  facet normal 0.0356109 -0.704832 -0.708479
    outer loop
      vertex 12.2942 101.99 142.09
      vertex 12.498 100 144.08
      vertex 12.1001 100 144.06
    endloop
  endfacet
  facet normal -0.238584 -0.705014 0.667857
    outer loop
      vertex 13.6863 100 136.096
      vertex 14.0614 100 136.23
      vertex 13.3036 101.99 138.06
    endloop
  endfacet
  facet normal -0.172125 -0.70485 0.688157
    outer loop
      vertex 13.6824 100 136.095
      vertex 13.1096 101.99 137.99
      vertex 12.9097 101.99 137.94
    endloop
  endfacet
  facet normal -0.319333 -0.700094 0.638666
    outer loop
      vertex 13.1096 101.99 137.99
      vertex 13.6824 100 136.095
      vertex 13.6844 100 136.096
    endloop
  endfacet
  facet normal -0.641072 -0.704858 0.303647
    outer loop
      vertex 16.2686 100 138.437
      vertex 14.4401 101.99 139.196
      vertex 14.352 101.99 139.01
    endloop
  endfacet
  facet normal -0.646624 -0.705129 0.290981
    outer loop
      vertex 14.4401 101.99 139.196
      vertex 16.2686 100 138.437
      vertex 16.2695 100 138.439
    endloop
  endfacet
  facet normal -0.475641 -0.704817 -0.526307
    outer loop
      vertex 13.9849 101.99 141.485
      vertex 15.3835 100 142.886
      vertex 13.8322 101.99 141.623
    endloop
  endfacet
  facet normal -0.380524 -0.696072 -0.608839
    outer loop
      vertex 15.3835 100 142.886
      vertex 13.9849 101.99 141.485
      vertex 15.3851 100 142.885
    endloop
  endfacet
  facet normal -0.476833 -0.704949 -0.52505
    outer loop
      vertex 15.3835 100 142.886
      vertex 15.0884 100 143.154
      vertex 13.8322 101.99 141.623
    endloop
  endfacet
  facet normal 0.569745 -0.704899 0.422502
    outer loop
      vertex 9.34604 100 137.412
      vertex 10.8767 101.99 138.668
      vertex 9.10874 100 137.732
    endloop
  endfacet
  facet normal 0.476779 -0.70495 0.525098
    outer loop
      vertex 9.91161 100 136.846
      vertex 11.1678 101.99 138.377
      vertex 9.61645 100 137.114
    endloop
  endfacet
  facet normal 0.708442 -0.70491 -0.0347991
    outer loop
      vertex 10.4101 101.99 140.206
      vertex 8.43955 100 140.4
      vertex 8.42 100 140.002
    endloop
  endfacet
  facet normal -0.238584 -0.705014 -0.667857
    outer loop
      vertex 14.0614 100 143.77
      vertex 13.6863 100 143.904
      vertex 13.3036 101.99 141.94
    endloop
  endfacet
  facet normal -0.434023 -0.702331 -0.564229
    outer loop
      vertex 13.9849 101.99 141.485
      vertex 15.3864 100 142.884
      vertex 15.3851 100 142.885
    endloop
  endfacet
  facet normal -0.525996 -0.70494 -0.475803
    outer loop
      vertex 15.3864 100 142.884
      vertex 13.9849 101.99 141.485
      vertex 14.1233 101.99 141.332
    endloop
  endfacet
  facet normal 0.304267 -0.704892 0.64074
    outer loop
      vertex 10.9368 100 136.231
      vertex 11.5101 101.99 138.148
      vertex 10.5767 100 136.402
    endloop
  endfacet
  facet normal 0.422131 -0.704958 -0.569948
    outer loop
      vertex 11.1678 101.99 141.623
      vertex 10.2316 100 143.391
      vertex 9.91161 100 143.154
    endloop
  endfacet
  facet normal -0.667791 -0.704856 -0.239235
    outer loop
      vertex 14.5096 101.99 140.61
      vertex 16.4037 100 141.186
      vertex 14.4401 101.99 140.804
    endloop
  endfacet
  facet normal -0.669417 -0.704973 -0.234296
    outer loop
      vertex 16.4037 100 141.186
      vertex 14.5096 101.99 140.61
      vertex 16.4044 100 141.184
    endloop
  endfacet
  facet normal 0.525992 -0.704945 0.475799
    outer loop
      vertex 9.61356 100 137.116
      vertex 11.0151 101.99 138.515
      vertex 10.8767 101.99 138.668
    endloop
  endfacet
  facet normal 0.420435 -0.701043 0.575997
    outer loop
      vertex 11.0151 101.99 138.515
      vertex 9.61356 100 137.116
      vertex 9.61493 100 137.115
    endloop
  endfacet
  facet normal 0.670394 -0.705038 -0.231286
    outer loop
      vertex 10.4904 101.99 140.61
      vertex 8.59628 100 141.186
      vertex 8.59559 100 141.184
    endloop
  endfacet
  facet normal 0.667788 -0.704859 -0.239233
    outer loop
      vertex 8.59628 100 141.186
      vertex 10.4904 101.99 140.61
      vertex 10.5599 101.99 140.804
    endloop
  endfacet
  facet normal -0.569741 -0.704905 0.422498
    outer loop
      vertex 15.654 100 137.412
      vertex 15.8913 100 137.732
      vertex 14.1233 101.99 138.668
    endloop
  endfacet
  facet normal -0.641197 -0.704885 -0.303322
    outer loop
      vertex 16.2686 100 141.563
      vertex 16.0983 100 141.923
      vertex 14.352 101.99 140.99
    endloop
  endfacet
  facet normal 0.641185 -0.70489 0.303334
    outer loop
      vertex 8.90167 100 138.077
      vertex 10.648 101.99 139.01
      vertex 8.73136 100 138.437
    endloop
  endfacet
  facet normal -0.525996 -0.70494 0.475803
    outer loop
      vertex 13.9849 101.99 138.515
      vertex 15.3864 100 137.116
      vertex 14.1233 101.99 138.668
    endloop
  endfacet
  facet normal -0.434023 -0.702331 0.564229
    outer loop
      vertex 15.3864 100 137.116
      vertex 13.9849 101.99 138.515
      vertex 15.3851 100 137.115
    endloop
  endfacet
  facet normal -0.608553 -0.704884 -0.36442
    outer loop
      vertex 16.0983 100 141.923
      vertex 15.8935 100 142.265
      vertex 14.352 101.99 140.99
    endloop
  endfacet
  facet normal -0.641197 -0.704885 0.303322
    outer loop
      vertex 16.0983 100 138.077
      vertex 16.2686 100 138.437
      vertex 14.352 101.99 139.01
    endloop
  endfacet
  facet normal -0.667791 -0.704856 0.239235
    outer loop
      vertex 16.4037 100 138.814
      vertex 14.5096 101.99 139.39
      vertex 14.4401 101.99 139.196
    endloop
  endfacet
  facet normal -0.669417 -0.704973 0.234296
    outer loop
      vertex 14.5096 101.99 139.39
      vertex 16.4037 100 138.814
      vertex 16.4044 100 138.816
    endloop
  endfacet
  facet normal 0.701418 -0.704942 -0.105213
    outer loop
      vertex 8.498 100 140.794
      vertex 10.4404 101.99 140.41
      vertex 8.4983 100 140.796
    endloop
  endfacet
  facet normal 0.701592 -0.704918 -0.104207
    outer loop
      vertex 10.4404 101.99 140.41
      vertex 8.498 100 140.794
      vertex 10.4101 101.99 140.206
    endloop
  endfacet
  facet normal -0.363599 -0.704898 -0.609028
    outer loop
      vertex 14.765 100 143.394
      vertex 14.4233 100 143.598
      vertex 13.4899 101.99 141.852
    endloop
  endfacet
  facet normal 0.393635 -0.697895 0.598325
    outer loop
      vertex 9.61645 100 137.114
      vertex 11.0151 101.99 138.515
      vertex 9.61493 100 137.115
    endloop
  endfacet
  facet normal 0.475637 -0.704823 0.526302
    outer loop
      vertex 11.0151 101.99 138.515
      vertex 9.61645 100 137.114
      vertex 11.1678 101.99 138.377
    endloop
  endfacet
  facet normal 0.420435 -0.701043 -0.575997
    outer loop
      vertex 9.61356 100 142.884
      vertex 11.0151 101.99 141.485
      vertex 9.61493 100 142.885
    endloop
  endfacet
  facet normal 0.525992 -0.704945 -0.475799
    outer loop
      vertex 11.0151 101.99 141.485
      vertex 9.61356 100 142.884
      vertex 10.8767 101.99 141.332
    endloop
  endfacet
  facet normal 0 -0.705323 0.708886
    outer loop
      vertex 12.5 101.99 137.9
      vertex 12.498 100 135.92
      vertex 12.5 100 135.92
    endloop
  endfacet
  facet normal 0.0344241 -0.704923 0.708448
    outer loop
      vertex 12.498 100 135.92
      vertex 12.5 101.99 137.9
      vertex 12.2942 101.99 137.91
    endloop
  endfacet
  facet normal 0 -0.698423 -0.715685
    outer loop
      vertex 12.0903 101.99 142.06
      vertex 11.706 100 144.002
      vertex 11.704 100 144.002
    endloop
  endfacet
  facet normal 0.103259 -0.704832 -0.701819
    outer loop
      vertex 11.706 100 144.002
      vertex 12.0903 101.99 142.06
      vertex 12.2942 101.99 142.09
    endloop
  endfacet
  facet normal -0.526144 -0.704924 -0.475662
    outer loop
      vertex 15.654 100 142.588
      vertex 15.3864 100 142.884
      vertex 14.1233 101.99 141.332
    endloop
  endfacet
  facet normal 0.708442 -0.70491 0.0347991
    outer loop
      vertex 8.43955 100 139.6
      vertex 10.4101 101.99 139.794
      vertex 8.42 100 139.998
    endloop
  endfacet
  facet normal 0.701619 -0.704909 -0.104085
    outer loop
      vertex 10.4101 101.99 140.206
      vertex 8.498 100 140.794
      vertex 8.43955 100 140.4
    endloop
  endfacet
  facet normal 0.701592 -0.704918 0.104207
    outer loop
      vertex 8.498 100 139.206
      vertex 10.4404 101.99 139.59
      vertex 10.4101 101.99 139.794
    endloop
  endfacet
  facet normal 0.701418 -0.704942 0.105213
    outer loop
      vertex 10.4404 101.99 139.59
      vertex 8.498 100 139.206
      vertex 8.4983 100 139.204
    endloop
  endfacet
  facet normal 0.526216 -0.704922 -0.475586
    outer loop
      vertex 10.8767 101.99 141.332
      vertex 9.61356 100 142.884
      vertex 9.34604 100 142.588
    endloop
  endfacet
  facet normal -0.363599 -0.704898 0.609028
    outer loop
      vertex 14.4233 100 136.402
      vertex 14.765 100 136.606
      vertex 13.4899 101.99 138.148
    endloop
  endfacet
  facet normal -0.475641 -0.704817 0.526307
    outer loop
      vertex 15.3835 100 137.114
      vertex 13.9849 101.99 138.515
      vertex 13.8322 101.99 138.377
    endloop
  endfacet
  facet normal -0.380524 -0.696072 0.608839
    outer loop
      vertex 13.9849 101.99 138.515
      vertex 15.3835 100 137.114
      vertex 15.3851 100 137.115
    endloop
  endfacet
  facet normal -0.422122 -0.704959 0.569953
    outer loop
      vertex 14.7684 100 136.609
      vertex 15.0884 100 136.846
      vertex 13.8322 101.99 138.377
    endloop
  endfacet
  facet normal 0.393635 -0.697895 -0.598325
    outer loop
      vertex 11.0151 101.99 141.485
      vertex 9.61645 100 142.886
      vertex 9.61493 100 142.885
    endloop
  endfacet
  facet normal 0.475637 -0.704823 -0.526302
    outer loop
      vertex 9.61645 100 142.886
      vertex 11.0151 101.99 141.485
      vertex 11.1678 101.99 141.623
    endloop
  endfacet
  facet normal -0.240763 -0.704841 0.667257
    outer loop
      vertex 13.1096 101.99 137.99
      vertex 13.6863 100 136.096
      vertex 13.3036 101.99 138.06
    endloop
  endfacet
  facet normal 0 -0.689419 0.724363
    outer loop
      vertex 13.6863 100 136.096
      vertex 13.1096 101.99 137.99
      vertex 13.6844 100 136.096
    endloop
  endfacet
  facet normal 0.688161 -0.704867 0.17204
    outer loop
      vertex 8.59509 100 138.818
      vertex 10.4904 101.99 139.39
      vertex 10.4404 101.99 139.59
    endloop
  endfacet
  facet normal 0.688161 -0.704867 0.17204
    outer loop
      vertex 10.4904 101.99 139.39
      vertex 8.59509 100 138.818
      vertex 8.59559 100 138.816
    endloop
  endfacet
  facet normal 0.70844 -0.704915 -0.0347342
    outer loop
      vertex 8.42 100 140.002
      vertex 10.4 101.99 140
      vertex 10.4101 101.99 140.206
    endloop
  endfacet
  facet normal 0.708423 -0.704899 -0.0354212
    outer loop
      vertex 10.4 101.99 140
      vertex 8.42 100 140.002
      vertex 8.4199 100 140
    endloop
  endfacet
  facet normal 0.648957 -0.70521 0.285541
    outer loop
      vertex 8.73136 100 138.437
      vertex 10.5599 101.99 139.196
      vertex 8.73048 100 138.439
    endloop
  endfacet
  facet normal 0.641066 -0.704865 0.303645
    outer loop
      vertex 10.5599 101.99 139.196
      vertex 8.73136 100 138.437
      vertex 10.648 101.99 139.01
    endloop
  endfacet
  facet normal 0.172703 -0.704896 0.687965
    outer loop
      vertex 11.704 100 135.998
      vertex 12.0903 101.99 137.94
      vertex 11.3176 100 136.095
    endloop
  endfacet
  facet normal 0.569745 -0.704899 -0.422502
    outer loop
      vertex 10.8767 101.99 141.332
      vertex 9.34604 100 142.588
      vertex 9.10874 100 142.268
    endloop
  endfacet
  facet normal 0.103286 -0.704834 0.701813
    outer loop
      vertex 12.1001 100 135.94
      vertex 12.2942 101.99 137.91
      vertex 11.706 100 135.998
    endloop
  endfacet
  facet normal 0.319333 -0.700094 -0.638666
    outer loop
      vertex 11.8904 101.99 142.01
      vertex 11.3176 100 143.905
      vertex 11.3156 100 143.904
    endloop
  endfacet
  facet normal 0.172125 -0.70485 -0.688157
    outer loop
      vertex 11.3176 100 143.905
      vertex 11.8904 101.99 142.01
      vertex 12.0903 101.99 142.06
    endloop
  endfacet
  facet normal 0 -0.689419 -0.724363
    outer loop
      vertex 11.3137 100 143.904
      vertex 11.8904 101.99 142.01
      vertex 11.3156 100 143.904
    endloop
  endfacet
  facet normal 0.240763 -0.704841 -0.667257
    outer loop
      vertex 11.8904 101.99 142.01
      vertex 11.3137 100 143.904
      vertex 11.6964 101.99 141.94
    endloop
  endfacet
  facet normal -0.345328 -0.703116 -0.621591
    outer loop
      vertex 13.3036 101.99 141.94
      vertex 14.0632 100 143.769
      vertex 14.0614 100 143.77
    endloop
  endfacet
  facet normal -0.302905 -0.705004 -0.641263
    outer loop
      vertex 14.0632 100 143.769
      vertex 13.3036 101.99 141.94
      vertex 13.4899 101.99 141.852
    endloop
  endfacet
  facet normal 0.0356109 -0.704832 0.708479
    outer loop
      vertex 12.498 100 135.92
      vertex 12.2942 101.99 137.91
      vertex 12.1001 100 135.94
    endloop
  endfacet
  facet normal 0 -0.689419 -0.724363
    outer loop
      vertex 13.1096 101.99 142.01
      vertex 13.6863 100 143.904
      vertex 13.6844 100 143.904
    endloop
  endfacet
  facet normal -0.240763 -0.704841 -0.667257
    outer loop
      vertex 13.6863 100 143.904
      vertex 13.1096 101.99 142.01
      vertex 13.3036 101.99 141.94
    endloop
  endfacet
  facet normal 0.701619 -0.704909 0.104085
    outer loop
      vertex 8.498 100 139.206
      vertex 10.4101 101.99 139.794
      vertex 8.43955 100 139.6
    endloop
  endfacet
  facet normal -0.103286 -0.704834 -0.701813
    outer loop
      vertex 13.294 100 144.002
      vertex 12.8999 100 144.06
      vertex 12.7058 101.99 142.09
    endloop
  endfacet
  facet normal -0.103259 -0.704832 -0.701819
    outer loop
      vertex 12.9097 101.99 142.06
      vertex 13.294 100 144.002
      vertex 12.7058 101.99 142.09
    endloop
  endfacet
  facet normal 0 -0.698423 -0.715685
    outer loop
      vertex 13.294 100 144.002
      vertex 12.9097 101.99 142.06
      vertex 13.296 100 144.002
    endloop
  endfacet
  facet normal -0.641072 -0.704858 -0.303647
    outer loop
      vertex 14.4401 101.99 140.804
      vertex 16.2686 100 141.563
      vertex 14.352 101.99 140.99
    endloop
  endfacet
  facet normal -0.646624 -0.705129 -0.290981
    outer loop
      vertex 16.2686 100 141.563
      vertex 14.4401 101.99 140.804
      vertex 16.2695 100 141.561
    endloop
  endfacet
  facet normal -0.667855 -0.704874 -0.239003
    outer loop
      vertex 16.4037 100 141.186
      vertex 16.2695 100 141.561
      vertex 14.4401 101.99 140.804
    endloop
  endfacet
  facet normal -0.304267 -0.704892 -0.64074
    outer loop
      vertex 14.4233 100 143.598
      vertex 14.0632 100 143.769
      vertex 13.4899 101.99 141.852
    endloop
  endfacet
  facet normal -0.364682 -0.704999 0.608263
    outer loop
      vertex 14.765 100 136.606
      vertex 13.6667 101.99 138.254
      vertex 13.4899 101.99 138.148
    endloop
  endfacet
  facet normal -0.535071 -0.694114 0.481564
    outer loop
      vertex 13.6667 101.99 138.254
      vertex 14.765 100 136.606
      vertex 14.7668 100 136.608
    endloop
  endfacet
  facet normal 0.302905 -0.705004 0.641263
    outer loop
      vertex 10.9368 100 136.231
      vertex 11.6964 101.99 138.06
      vertex 11.5101 101.99 138.148
    endloop
  endfacet
  facet normal 0.345328 -0.703116 0.621591
    outer loop
      vertex 11.6964 101.99 138.06
      vertex 10.9368 100 136.231
      vertex 10.9386 100 136.23
    endloop
  endfacet
  facet normal 0.238584 -0.705014 0.667857
    outer loop
      vertex 11.3137 100 136.096
      vertex 11.6964 101.99 138.06
      vertex 10.9386 100 136.23
    endloop
  endfacet
  facet normal 0.363599 -0.704898 -0.609028
    outer loop
      vertex 11.5101 101.99 141.852
      vertex 10.5767 100 143.598
      vertex 10.235 100 143.394
    endloop
  endfacet
  facet normal 0.476779 -0.70495 -0.525098
    outer loop
      vertex 11.1678 101.99 141.623
      vertex 9.91161 100 143.154
      vertex 9.61645 100 142.886
    endloop
  endfacet
  facet normal 0.240763 -0.704841 0.667257
    outer loop
      vertex 11.3137 100 136.096
      vertex 11.8904 101.99 137.99
      vertex 11.6964 101.99 138.06
    endloop
  endfacet
  facet normal 0 -0.689419 0.724363
    outer loop
      vertex 11.8904 101.99 137.99
      vertex 11.3137 100 136.096
      vertex 11.3156 100 136.096
    endloop
  endfacet
  facet normal 0.304267 -0.704892 -0.64074
    outer loop
      vertex 11.5101 101.99 141.852
      vertex 10.9368 100 143.769
      vertex 10.5767 100 143.598
    endloop
  endfacet
  facet normal 0.345328 -0.703116 -0.621591
    outer loop
      vertex 10.9368 100 143.769
      vertex 11.6964 101.99 141.94
      vertex 10.9386 100 143.77
    endloop
  endfacet
  facet normal 0.302905 -0.705004 -0.641263
    outer loop
      vertex 11.6964 101.99 141.94
      vertex 10.9368 100 143.769
      vertex 11.5101 101.99 141.852
    endloop
  endfacet
  facet normal -0.636517 -0.702536 -0.318259
    outer loop
      vertex 14.2461 101.99 141.167
      vertex 15.8935 100 142.265
      vertex 15.8925 100 142.267
    endloop
  endfacet
  facet normal -0.608712 -0.704863 -0.364195
    outer loop
      vertex 15.8935 100 142.265
      vertex 14.2461 101.99 141.167
      vertex 14.352 101.99 140.99
    endloop
  endfacet
  facet normal 0 -0.698423 0.715685
    outer loop
      vertex 11.706 100 135.998
      vertex 12.0903 101.99 137.94
      vertex 11.704 100 135.998
    endloop
  endfacet
  facet normal 0.103259 -0.704832 0.701819
    outer loop
      vertex 12.0903 101.99 137.94
      vertex 11.706 100 135.998
      vertex 12.2942 101.99 137.91
    endloop
  endfacet
  facet normal 0.667852 -0.704877 0.239002
    outer loop
      vertex 8.73048 100 138.439
      vertex 10.5599 101.99 139.196
      vertex 8.59628 100 138.814
    endloop
  endfacet
  facet normal 0.526216 -0.704922 0.475586
    outer loop
      vertex 9.61356 100 137.116
      vertex 10.8767 101.99 138.668
      vertex 9.34604 100 137.412
    endloop
  endfacet
  facet normal 0.459146 -0.689499 -0.560158
    outer loop
      vertex 10.7539 101.99 141.167
      vertex 9.10874 100 142.268
      vertex 9.10752 100 142.267
    endloop
  endfacet
  facet normal 0.56909 -0.704805 -0.423541
    outer loop
      vertex 9.10874 100 142.268
      vertex 10.7539 101.99 141.167
      vertex 10.8767 101.99 141.332
    endloop
  endfacet
  facet normal -0.364682 -0.704999 -0.608263
    outer loop
      vertex 13.6667 101.99 141.746
      vertex 14.765 100 143.394
      vertex 13.4899 101.99 141.852
    endloop
  endfacet
  facet normal -0.535071 -0.694114 -0.481564
    outer loop
      vertex 14.765 100 143.394
      vertex 13.6667 101.99 141.746
      vertex 14.7668 100 143.392
    endloop
  endfacet
  facet normal 0.688002 -0.704905 0.172517
    outer loop
      vertex 8.59509 100 138.818
      vertex 10.4404 101.99 139.59
      vertex 8.4983 100 139.204
    endloop
  endfacet
  facet normal 0.62938 -0.70335 -0.330424
    outer loop
      vertex 9.10647 100 142.265
      vertex 10.7539 101.99 141.167
      vertex 9.10752 100 142.267
    endloop
  endfacet
  facet normal 0.608708 -0.704868 -0.364193
    outer loop
      vertex 10.7539 101.99 141.167
      vertex 9.10647 100 142.265
      vertex 10.648 101.99 140.99
    endloop
  endfacet
  facet normal -0.423122 -0.704869 0.569322
    outer loop
      vertex 13.6667 101.99 138.254
      vertex 14.7684 100 136.609
      vertex 13.8322 101.99 138.377
    endloop
  endfacet
  facet normal -0.375817 -0.705119 0.601306
    outer loop
      vertex 14.7684 100 136.609
      vertex 13.6667 101.99 138.254
      vertex 14.7668 100 136.608
    endloop
  endfacet
  facet normal 0.319333 -0.700094 0.638666
    outer loop
      vertex 11.3176 100 136.095
      vertex 11.8904 101.99 137.99
      vertex 11.3156 100 136.096
    endloop
  endfacet
  facet normal 0.172125 -0.70485 0.688157
    outer loop
      vertex 11.8904 101.99 137.99
      vertex 11.3176 100 136.095
      vertex 12.0903 101.99 137.94
    endloop
  endfacet
  facet normal 0.423122 -0.704869 0.569322
    outer loop
      vertex 10.2316 100 136.609
      vertex 11.3333 101.99 138.254
      vertex 11.1678 101.99 138.377
    endloop
  endfacet
  facet normal 0.375817 -0.705119 0.601306
    outer loop
      vertex 11.3333 101.99 138.254
      vertex 10.2316 100 136.609
      vertex 10.2332 100 136.608
    endloop
  endfacet
  facet normal 0.375817 -0.705119 -0.601306
    outer loop
      vertex 10.2316 100 143.391
      vertex 11.3333 101.99 141.746
      vertex 10.2332 100 143.392
    endloop
  endfacet
  facet normal 0.423122 -0.704869 -0.569322
    outer loop
      vertex 11.3333 101.99 141.746
      vertex 10.2316 100 143.391
      vertex 11.1678 101.99 141.623
    endloop
  endfacet
  facet normal 0.535071 -0.694114 -0.481564
    outer loop
      vertex 11.3333 101.99 141.746
      vertex 10.235 100 143.394
      vertex 10.2332 100 143.392
    endloop
  endfacet
  facet normal 0.364682 -0.704999 -0.608263
    outer loop
      vertex 10.235 100 143.394
      vertex 11.3333 101.99 141.746
      vertex 11.5101 101.99 141.852
    endloop
  endfacet
endsolid OpenSCAD_Model
