solid OpenSCAD_Model
  facet normal 0 0 1
    outer loop
      vertex 34.85 206.59 25
      vertex 34 208.722 25
      vertex 34 205.993 25
    endloop
  endfacet
  facet normal -0.0489209 0 0.998803
    outer loop
      vertex 33.902 205.924 24.9952
      vertex 34 208.722 25
      vertex 33.902 208.968 24.9952
    endloop
  endfacet
  facet normal -0.0489209 0 0.998803
    outer loop
      vertex 34 208.722 25
      vertex 33.902 205.924 24.9952
      vertex 34 205.993 25
    endloop
  endfacet
  facet normal -0.146696 0 0.989182
    outer loop
      vertex 33.8049 205.856 24.9808
      vertex 33.902 208.968 24.9952
      vertex 33.8049 209.212 24.9808
    endloop
  endfacet
  facet normal -0.146696 0 0.989182
    outer loop
      vertex 33.902 208.968 24.9952
      vertex 33.8049 205.856 24.9808
      vertex 33.902 205.924 24.9952
    endloop
  endfacet
  facet normal -0.243494 0 0.969902
    outer loop
      vertex 33.7097 205.789 24.9569
      vertex 33.8049 209.212 24.9808
      vertex 33.7097 209.451 24.9569
    endloop
  endfacet
  facet normal -0.243494 0 0.969902
    outer loop
      vertex 33.8049 209.212 24.9808
      vertex 33.7097 205.789 24.9569
      vertex 33.8049 205.856 24.9808
    endloop
  endfacet
  facet normal -0.336336 0 0.941742
    outer loop
      vertex 33.6173 205.724 24.9239
      vertex 33.7097 209.451 24.9569
      vertex 33.6173 209.682 24.9239
    endloop
  endfacet
  facet normal -0.336336 0 0.941742
    outer loop
      vertex 33.7097 209.451 24.9569
      vertex 33.6173 205.724 24.9239
      vertex 33.7097 205.789 24.9569
    endloop
  endfacet
  facet normal -0.427955 0 0.9038
    outer loop
      vertex 33.5286 205.662 24.8819
      vertex 33.6173 209.682 24.9239
      vertex 33.5286 209.905 24.8819
    endloop
  endfacet
  facet normal -0.427955 0 0.9038
    outer loop
      vertex 33.6173 209.682 24.9239
      vertex 33.5286 205.662 24.8819
      vertex 33.6173 205.724 24.9239
    endloop
  endfacet
  facet normal -0.513596 0 0.858032
    outer loop
      vertex 33.4444 205.603 24.8315
      vertex 33.5286 209.905 24.8819
      vertex 33.4444 210.116 24.8315
    endloop
  endfacet
  facet normal -0.513596 0 0.858032
    outer loop
      vertex 33.5286 209.905 24.8819
      vertex 33.4444 205.603 24.8315
      vertex 33.5286 205.662 24.8819
    endloop
  endfacet
  facet normal -0.59608 0 0.802925
    outer loop
      vertex 33.3656 205.547 24.773
      vertex 33.4444 210.116 24.8315
      vertex 33.3656 210.314 24.773
    endloop
  endfacet
  facet normal -0.59608 0 0.802925
    outer loop
      vertex 33.4444 210.116 24.8315
      vertex 33.3656 205.547 24.773
      vertex 33.4444 205.603 24.8315
    endloop
  endfacet
  facet normal -0.671607 0 0.740908
    outer loop
      vertex 33.2929 205.496 24.7071
      vertex 33.3656 210.314 24.773
      vertex 33.2929 210.496 24.7071
    endloop
  endfacet
  facet normal -0.671607 0 0.740908
    outer loop
      vertex 33.3656 210.314 24.773
      vertex 33.2929 205.496 24.7071
      vertex 33.3656 205.547 24.773
    endloop
  endfacet
  facet normal -0.740908 0 0.671607
    outer loop
      vertex 33.227 205.45 24.6344
      vertex 33.2929 210.496 24.7071
      vertex 33.227 210.662 24.6344
    endloop
  endfacet
  facet normal -0.740908 0 0.671607
    outer loop
      vertex 33.2929 210.496 24.7071
      vertex 33.227 205.45 24.6344
      vertex 33.2929 205.496 24.7071
    endloop
  endfacet
  facet normal -0.802925 0 0.59608
    outer loop
      vertex 33.1685 205.409 24.5556
      vertex 33.227 210.662 24.6344
      vertex 33.1685 210.808 24.5556
    endloop
  endfacet
  facet normal -0.802925 0 0.59608
    outer loop
      vertex 33.227 210.662 24.6344
      vertex 33.1685 205.409 24.5556
      vertex 33.227 205.45 24.6344
    endloop
  endfacet
  facet normal -0.858032 0 0.513596
    outer loop
      vertex 33.1181 205.373 24.4714
      vertex 33.1685 210.808 24.5556
      vertex 33.1181 210.935 24.4714
    endloop
  endfacet
  facet normal -0.858032 0 0.513596
    outer loop
      vertex 33.1685 210.808 24.5556
      vertex 33.1181 205.373 24.4714
      vertex 33.1685 205.409 24.5556
    endloop
  endfacet
  facet normal -0.9038 0 0.427955
    outer loop
      vertex 33.0761 205.344 24.3827
      vertex 33.1181 210.935 24.4714
      vertex 33.0761 211.04 24.3827
    endloop
  endfacet
  facet normal -0.9038 0 0.427955
    outer loop
      vertex 33.1181 210.935 24.4714
      vertex 33.0761 205.344 24.3827
      vertex 33.1181 205.373 24.4714
    endloop
  endfacet
  facet normal -0.941742 0 0.336336
    outer loop
      vertex 33.0431 205.321 24.2903
      vertex 33.0761 211.04 24.3827
      vertex 33.0431 211.123 24.2903
    endloop
  endfacet
  facet normal -0.941742 0 0.336336
    outer loop
      vertex 33.0761 211.04 24.3827
      vertex 33.0431 205.321 24.2903
      vertex 33.0761 205.344 24.3827
    endloop
  endfacet
  facet normal -0.969902 0 0.243494
    outer loop
      vertex 33.0192 205.304 24.1951
      vertex 33.0431 211.123 24.2903
      vertex 33.0192 211.183 24.1951
    endloop
  endfacet
  facet normal -0.969902 0 0.243494
    outer loop
      vertex 33.0431 211.123 24.2903
      vertex 33.0192 205.304 24.1951
      vertex 33.0431 205.321 24.2903
    endloop
  endfacet
  facet normal -0.989182 0 0.146696
    outer loop
      vertex 33.0048 205.294 24.098
      vertex 33.0192 211.183 24.1951
      vertex 33.0048 211.219 24.098
    endloop
  endfacet
  facet normal -0.989182 0 0.146696
    outer loop
      vertex 33.0192 211.183 24.1951
      vertex 33.0048 205.294 24.098
      vertex 33.0192 205.304 24.1951
    endloop
  endfacet
  facet normal -0.998803 0 0.0489209
    outer loop
      vertex 33 205.29 24
      vertex 33.0048 211.219 24.098
      vertex 33 211.231 24
    endloop
  endfacet
  facet normal -0.998803 0 0.0489209
    outer loop
      vertex 33.0048 211.219 24.098
      vertex 33 205.29 24
      vertex 33.0048 205.294 24.098
    endloop
  endfacet
  facet normal -1 0 0
    outer loop
      vertex 33 205.29 5.02452
      vertex 33 211.231 24
      vertex 33 211.231 5.02452
    endloop
  endfacet
  facet normal -1 -0 0
    outer loop
      vertex 33 211.231 24
      vertex 33 205.29 5.02452
      vertex 33 205.29 24
    endloop
  endfacet
  facet normal -0.998801 0 0.0489528
    outer loop
      vertex 32.994 205.286 4.9021
      vertex 33 211.231 5.02452
      vertex 32.994 211.246 4.9021
    endloop
  endfacet
  facet normal -0.998801 0 0.0489528
    outer loop
      vertex 33 211.231 5.02452
      vertex 32.994 205.286 4.9021
      vertex 33 205.29 5.02452
    endloop
  endfacet
  facet normal -0.989157 0 0.146859
    outer loop
      vertex 32.9796 205.276 4.80511
      vertex 32.994 211.246 4.9021
      vertex 32.9796 211.282 4.80511
    endloop
  endfacet
  facet normal -0.989157 0 0.146859
    outer loop
      vertex 32.994 211.246 4.9021
      vertex 32.9796 205.276 4.80511
      vertex 32.994 205.286 4.9021
    endloop
  endfacet
  facet normal -0.969986 0 0.243161
    outer loop
      vertex 32.9558 205.259 4.71017
      vertex 32.9796 211.282 4.80511
      vertex 32.9558 211.342 4.71017
    endloop
  endfacet
  facet normal -0.969986 0 0.243161
    outer loop
      vertex 32.9796 211.282 4.80511
      vertex 32.9558 205.259 4.71017
      vertex 32.9796 205.276 4.80511
    endloop
  endfacet
  facet normal -0.941477 0 0.337078
    outer loop
      vertex 32.9227 205.236 4.61772
      vertex 32.9558 211.342 4.71017
      vertex 32.9227 211.425 4.61772
    endloop
  endfacet
  facet normal -0.941477 0 0.337078
    outer loop
      vertex 32.9558 211.342 4.71017
      vertex 32.9227 205.236 4.61772
      vertex 32.9558 205.259 4.71017
    endloop
  endfacet
  facet normal -0.904178 0 0.427155
    outer loop
      vertex 32.8809 205.207 4.52924
      vertex 32.9227 211.425 4.61772
      vertex 32.8809 211.53 4.52924
    endloop
  endfacet
  facet normal -0.904178 0 0.427155
    outer loop
      vertex 32.9227 211.425 4.61772
      vertex 32.8809 205.207 4.52924
      vertex 32.9227 205.236 4.61772
    endloop
  endfacet
  facet normal -0.857475 0 0.514526
    outer loop
      vertex 32.8304 205.171 4.44508
      vertex 32.8809 211.53 4.52924
      vertex 32.8304 211.656 4.44508
    endloop
  endfacet
  facet normal -0.857475 0 0.514526
    outer loop
      vertex 32.8809 211.53 4.52924
      vertex 32.8304 205.171 4.44508
      vertex 32.8809 205.207 4.52924
    endloop
  endfacet
  facet normal -0.803232 0 0.595667
    outer loop
      vertex 32.772 205.13 4.36633
      vertex 32.8304 211.656 4.44508
      vertex 32.772 211.803 4.36633
    endloop
  endfacet
  facet normal -0.803232 0 0.595667
    outer loop
      vertex 32.8304 211.656 4.44508
      vertex 32.772 205.13 4.36633
      vertex 32.8304 205.171 4.44508
    endloop
  endfacet
  facet normal -0.741371 0 0.671095
    outer loop
      vertex 32.7063 205.084 4.29375
      vertex 32.772 211.803 4.36633
      vertex 32.7063 211.968 4.29375
    endloop
  endfacet
  facet normal -0.741371 0 0.671095
    outer loop
      vertex 32.772 211.803 4.36633
      vertex 32.7063 205.084 4.29375
      vertex 32.772 205.13 4.36633
    endloop
  endfacet
  facet normal -0.671782 -0.00137004 0.740748
    outer loop
      vertex 32.6337 211.99 4.22795
      vertex 32.7063 211.968 4.29375
      vertex 32.6975 211.99 4.28581
    endloop
  endfacet
  facet normal -0.671554 0 0.740955
    outer loop
      vertex 32.7063 211.968 4.29375
      vertex 32.6337 211.99 4.22795
      vertex 32.7063 205.084 4.29375
    endloop
  endfacet
  facet normal -0.671554 0 0.740955
    outer loop
      vertex 32.7063 205.084 4.29375
      vertex 32.6337 211.99 4.22795
      vertex 32.6337 205.033 4.22795
    endloop
  endfacet
  facet normal -0.595357 0 0.803461
    outer loop
      vertex 32.5549 211.99 4.16956
      vertex 32.6337 205.033 4.22795
      vertex 32.6337 211.99 4.22795
    endloop
  endfacet
  facet normal -0.595357 0 0.803461
    outer loop
      vertex 32.6337 205.033 4.22795
      vertex 32.5549 211.99 4.16956
      vertex 32.5549 204.978 4.16956
    endloop
  endfacet
  facet normal -0.514421 0 0.857538
    outer loop
      vertex 32.4708 211.99 4.11911
      vertex 32.5549 204.978 4.16956
      vertex 32.5549 211.99 4.16956
    endloop
  endfacet
  facet normal -0.514421 0 0.857538
    outer loop
      vertex 32.5549 204.978 4.16956
      vertex 32.4708 211.99 4.11911
      vertex 32.4708 204.919 4.11911
    endloop
  endfacet
  facet normal -0.427493 0 0.904018
    outer loop
      vertex 32.3823 211.99 4.07726
      vertex 32.4708 204.919 4.11911
      vertex 32.4708 211.99 4.11911
    endloop
  endfacet
  facet normal -0.427493 0 0.904018
    outer loop
      vertex 32.4708 204.919 4.11911
      vertex 32.3823 211.99 4.07726
      vertex 32.3823 204.857 4.07726
    endloop
  endfacet
  facet normal -0.336646 0 0.941631
    outer loop
      vertex 32.2898 211.99 4.04419
      vertex 32.3823 204.857 4.07726
      vertex 32.3823 211.99 4.07726
    endloop
  endfacet
  facet normal -0.336646 0 0.941631
    outer loop
      vertex 32.3823 204.857 4.07726
      vertex 32.2898 211.99 4.04419
      vertex 32.2898 204.792 4.04419
    endloop
  endfacet
  facet normal -0.243161 0 0.969986
    outer loop
      vertex 32.1949 211.99 4.0204
      vertex 32.2898 204.792 4.04419
      vertex 32.2898 211.99 4.04419
    endloop
  endfacet
  facet normal -0.243161 0 0.969986
    outer loop
      vertex 32.2898 204.792 4.04419
      vertex 32.1949 211.99 4.0204
      vertex 32.1949 204.725 4.0204
    endloop
  endfacet
  facet normal -0.146745 0 0.989174
    outer loop
      vertex 32.0979 211.99 4.00601
      vertex 32.1949 204.725 4.0204
      vertex 32.1949 211.99 4.0204
    endloop
  endfacet
  facet normal -0.146745 0 0.989174
    outer loop
      vertex 32.1949 204.725 4.0204
      vertex 32.0979 211.99 4.00601
      vertex 32.0979 204.657 4.00601
    endloop
  endfacet
  facet normal -0.0490422 0 0.998797
    outer loop
      vertex 31.9755 211.99 4
      vertex 32.0979 204.657 4.00601
      vertex 32.0979 211.99 4.00601
    endloop
  endfacet
  facet normal -0.0490422 0 0.998797
    outer loop
      vertex 32.0979 204.657 4.00601
      vertex 31.9755 211.99 4
      vertex 31.9755 204.571 4
    endloop
  endfacet
  facet normal 0 0 1
    outer loop
      vertex 31.9755 200 4
      vertex 24.5704 149.599 4
      vertex 31.9755 12 4
    endloop
  endfacet
  facet normal 0 0 1
    outer loop
      vertex 31.9755 12 4
      vertex 24.59 50.001 4
      vertex 24.59 50 4
    endloop
  endfacet
  facet normal -0 0 1
    outer loop
      vertex 24.5704 50.4009 4
      vertex 31.9755 12 4
      vertex 24.5704 149.599 4
    endloop
  endfacet
  facet normal 0 0 1
    outer loop
      vertex 31.9755 12 4
      vertex 24.5704 50.4009 4
      vertex 24.59 50.001 4
    endloop
  endfacet
  facet normal -0 0 1
    outer loop
      vertex 24.5116 149.203 4
      vertex 24.5704 50.4009 4
      vertex 24.5704 149.599 4
    endloop
  endfacet
  facet normal 0 0 1
    outer loop
      vertex 24.5116 149.203 4
      vertex 24.5116 50.7969 4
      vertex 24.5704 50.4009 4
    endloop
  endfacet
  facet normal -0 0 1
    outer loop
      vertex 24.5115 149.202 4
      vertex 24.5116 50.7969 4
      vertex 24.5116 149.203 4
    endloop
  endfacet
  facet normal 0 0 1
    outer loop
      vertex 24.5115 149.202 4
      vertex 24.5115 50.7979 4
      vertex 24.5116 50.7969 4
    endloop
  endfacet
  facet normal -0 0 1
    outer loop
      vertex 24.4142 148.814 4
      vertex 24.5115 50.7979 4
      vertex 24.5115 149.202 4
    endloop
  endfacet
  facet normal 0 0 1
    outer loop
      vertex 24.4142 148.814 4
      vertex 24.4142 51.1863 4
      vertex 24.5115 50.7979 4
    endloop
  endfacet
  facet normal -0 0 1
    outer loop
      vertex 24.4139 148.813 4
      vertex 24.4142 51.1863 4
      vertex 24.4142 148.814 4
    endloop
  endfacet
  facet normal 0 0 1
    outer loop
      vertex 24.4139 148.813 4
      vertex 24.4139 51.1873 4
      vertex 24.4142 51.1863 4
    endloop
  endfacet
  facet normal -0 0 1
    outer loop
      vertex 24.4136 148.812 4
      vertex 24.4139 51.1873 4
      vertex 24.4139 148.813 4
    endloop
  endfacet
  facet normal 0 0 1
    outer loop
      vertex 24.4136 148.812 4
      vertex 24.4136 51.1882 4
      vertex 24.4139 51.1873 4
    endloop
  endfacet
  facet normal -0 0 1
    outer loop
      vertex 24.2787 148.435 4
      vertex 24.4136 51.1882 4
      vertex 24.4136 148.812 4
    endloop
  endfacet
  facet normal 0 0 1
    outer loop
      vertex 24.2787 148.435 4
      vertex 24.2787 51.5652 4
      vertex 24.4136 51.1882 4
    endloop
  endfacet
  facet normal -0 0 1
    outer loop
      vertex 24.2783 148.434 4
      vertex 24.2787 51.5652 4
      vertex 24.2787 148.435 4
    endloop
  endfacet
  facet normal 0 0 1
    outer loop
      vertex 24.2783 148.434 4
      vertex 24.2783 51.5661 4
      vertex 24.2787 51.5652 4
    endloop
  endfacet
  facet normal -0 0 1
    outer loop
      vertex 24.1071 148.072 4
      vertex 24.2783 51.5661 4
      vertex 24.2783 148.434 4
    endloop
  endfacet
  facet normal 0 0 1
    outer loop
      vertex 24.1071 148.072 4
      vertex 24.1071 51.928 4
      vertex 24.2783 51.5661 4
    endloop
  endfacet
  facet normal -0 0 1
    outer loop
      vertex 23.9013 147.729 4
      vertex 24.1071 51.928 4
      vertex 24.1071 148.072 4
    endloop
  endfacet
  facet normal 0 0 1
    outer loop
      vertex 23.9013 147.729 4
      vertex 23.9013 52.2714 4
      vertex 24.1071 51.928 4
    endloop
  endfacet
  facet normal -0 0 1
    outer loop
      vertex 23.9008 147.728 4
      vertex 23.9013 52.2714 4
      vertex 23.9013 147.729 4
    endloop
  endfacet
  facet normal 0 0 1
    outer loop
      vertex 23.9008 147.728 4
      vertex 23.9008 52.2723 4
      vertex 23.9013 52.2714 4
    endloop
  endfacet
  facet normal -0 0 1
    outer loop
      vertex 23.9001 147.727 4
      vertex 23.9008 52.2723 4
      vertex 23.9008 147.728 4
    endloop
  endfacet
  facet normal 0 0 1
    outer loop
      vertex 23.9001 147.727 4
      vertex 23.9001 52.2731 4
      vertex 23.9008 52.2723 4
    endloop
  endfacet
  facet normal -0 0 1
    outer loop
      vertex 23.6617 147.405 4
      vertex 23.9001 52.2731 4
      vertex 23.9001 147.727 4
    endloop
  endfacet
  facet normal 0 0 1
    outer loop
      vertex 23.6617 147.405 4
      vertex 23.6617 52.5947 4
      vertex 23.9001 52.2731 4
    endloop
  endfacet
  facet normal -0 0 1
    outer loop
      vertex 23.3928 147.109 4
      vertex 23.6617 52.5947 4
      vertex 23.6617 147.405 4
    endloop
  endfacet
  facet normal 0 0 1
    outer loop
      vertex 23.3928 147.109 4
      vertex 23.3928 52.8913 4
      vertex 23.6617 52.5947 4
    endloop
  endfacet
  facet normal -0 0 1
    outer loop
      vertex 23.3921 147.108 4
      vertex 23.3928 52.8913 4
      vertex 23.3928 147.109 4
    endloop
  endfacet
  facet normal 0 0 1
    outer loop
      vertex 23.3921 147.108 4
      vertex 23.3921 52.8921 4
      vertex 23.3928 52.8913 4
    endloop
  endfacet
  facet normal -0 0 1
    outer loop
      vertex 23.3913 147.107 4
      vertex 23.3921 52.8921 4
      vertex 23.3921 147.108 4
    endloop
  endfacet
  facet normal 0 0 1
    outer loop
      vertex 23.3913 147.107 4
      vertex 23.3913 52.8928 4
      vertex 23.3921 52.8921 4
    endloop
  endfacet
  facet normal -0 0 1
    outer loop
      vertex 23.0947 146.838 4
      vertex 23.3913 52.8928 4
      vertex 23.3913 147.107 4
    endloop
  endfacet
  facet normal 0 0 1
    outer loop
      vertex 23.0947 146.838 4
      vertex 23.0947 53.1617 4
      vertex 23.3913 52.8928 4
    endloop
  endfacet
  facet normal -0 0 1
    outer loop
      vertex 22.7731 146.6 4
      vertex 23.0947 53.1617 4
      vertex 23.0947 146.838 4
    endloop
  endfacet
  facet normal 0 0 1
    outer loop
      vertex 22.7731 146.6 4
      vertex 22.7731 53.4001 4
      vertex 23.0947 53.1617 4
    endloop
  endfacet
  facet normal -0 0 1
    outer loop
      vertex 22.7723 146.599 4
      vertex 22.7731 53.4001 4
      vertex 22.7731 146.6 4
    endloop
  endfacet
  facet normal 0 0 1
    outer loop
      vertex 22.7723 146.599 4
      vertex 22.7723 53.4008 4
      vertex 22.7731 53.4001 4
    endloop
  endfacet
  facet normal -0 0 1
    outer loop
      vertex 22.7714 146.599 4
      vertex 22.7723 53.4008 4
      vertex 22.7723 146.599 4
    endloop
  endfacet
  facet normal 0 0 1
    outer loop
      vertex 22.7714 146.599 4
      vertex 22.7714 53.4013 4
      vertex 22.7723 53.4008 4
    endloop
  endfacet
  facet normal -0 0 1
    outer loop
      vertex 22.428 146.393 4
      vertex 22.7714 53.4013 4
      vertex 22.7714 146.599 4
    endloop
  endfacet
  facet normal 0 0 1
    outer loop
      vertex 22.428 146.393 4
      vertex 22.428 53.6071 4
      vertex 22.7714 53.4013 4
    endloop
  endfacet
  facet normal -0 0 1
    outer loop
      vertex 22.0661 146.222 4
      vertex 22.428 53.6071 4
      vertex 22.428 146.393 4
    endloop
  endfacet
  facet normal 0 0 1
    outer loop
      vertex 22.0661 146.222 4
      vertex 22.0661 53.7783 4
      vertex 22.428 53.6071 4
    endloop
  endfacet
  facet normal -0 0 1
    outer loop
      vertex 22.0652 146.221 4
      vertex 22.0661 53.7783 4
      vertex 22.0661 146.222 4
    endloop
  endfacet
  facet normal 0 0 1
    outer loop
      vertex 22.0652 146.221 4
      vertex 22.0652 53.7787 4
      vertex 22.0661 53.7783 4
    endloop
  endfacet
  facet normal -0 0 1
    outer loop
      vertex 21.6882 146.086 4
      vertex 22.0652 53.7787 4
      vertex 22.0652 146.221 4
    endloop
  endfacet
  facet normal 0 0 1
    outer loop
      vertex 21.6882 146.086 4
      vertex 21.6882 53.9136 4
      vertex 22.0652 53.7787 4
    endloop
  endfacet
  facet normal -0 0 1
    outer loop
      vertex 21.6873 146.086 4
      vertex 21.6882 53.9136 4
      vertex 21.6882 146.086 4
    endloop
  endfacet
  facet normal 0 0 1
    outer loop
      vertex 21.6873 146.086 4
      vertex 21.6873 53.9139 4
      vertex 21.6882 53.9136 4
    endloop
  endfacet
  facet normal -0 0 1
    outer loop
      vertex 21.6863 146.086 4
      vertex 21.6873 53.9139 4
      vertex 21.6873 146.086 4
    endloop
  endfacet
  facet normal 0 0 1
    outer loop
      vertex 21.6863 146.086 4
      vertex 21.6863 53.9142 4
      vertex 21.6873 53.9139 4
    endloop
  endfacet
  facet normal -0 0 1
    outer loop
      vertex 21.2979 145.989 4
      vertex 21.6863 53.9142 4
      vertex 21.6863 146.086 4
    endloop
  endfacet
  facet normal 0 0 1
    outer loop
      vertex 21.2979 145.989 4
      vertex 21.2979 54.0115 4
      vertex 21.6863 53.9142 4
    endloop
  endfacet
  facet normal -0 0 1
    outer loop
      vertex 21.2969 145.988 4
      vertex 21.2979 54.0115 4
      vertex 21.2979 145.989 4
    endloop
  endfacet
  facet normal 0 0 1
    outer loop
      vertex 21.2969 145.988 4
      vertex 21.2969 54.0116 4
      vertex 21.2979 54.0115 4
    endloop
  endfacet
  facet normal -0 0 1
    outer loop
      vertex 20.9009 145.93 4
      vertex 21.2969 54.0116 4
      vertex 21.2969 145.988 4
    endloop
  endfacet
  facet normal 0 0 1
    outer loop
      vertex 20.9009 145.93 4
      vertex 20.9009 54.0704 4
      vertex 21.2969 54.0116 4
    endloop
  endfacet
  facet normal -0 0 1
    outer loop
      vertex 20.501 145.91 4
      vertex 20.9009 54.0704 4
      vertex 20.9009 145.93 4
    endloop
  endfacet
  facet normal 0 0 1
    outer loop
      vertex 20.501 145.91 4
      vertex 20.501 54.09 4
      vertex 20.9009 54.0704 4
    endloop
  endfacet
  facet normal -0 0 1
    outer loop
      vertex 20.5 145.91 4
      vertex 20.501 54.09 4
      vertex 20.501 145.91 4
    endloop
  endfacet
  facet normal 0 0 1
    outer loop
      vertex 20.5 145.91 4
      vertex 20.5 54.09 4
      vertex 20.501 54.09 4
    endloop
  endfacet
  facet normal 0 0 1
    outer loop
      vertex 20.499 54.09 4
      vertex 20.5 145.91 4
      vertex 20.499 145.91 4
    endloop
  endfacet
  facet normal 0 0 1
    outer loop
      vertex 20.5 145.91 4
      vertex 20.499 54.09 4
      vertex 20.5 54.09 4
    endloop
  endfacet
  facet normal 0 0 1
    outer loop
      vertex 20.0991 145.93 4
      vertex 20.499 54.09 4
      vertex 20.499 145.91 4
    endloop
  endfacet
  facet normal 0 0 1
    outer loop
      vertex 20.0991 145.93 4
      vertex 20.0991 54.0704 4
      vertex 20.499 54.09 4
    endloop
  endfacet
  facet normal 0 0 1
    outer loop
      vertex 19.7031 145.988 4
      vertex 20.0991 54.0704 4
      vertex 20.0991 145.93 4
    endloop
  endfacet
  facet normal 0 0 1
    outer loop
      vertex 19.7031 145.988 4
      vertex 19.7031 54.0116 4
      vertex 20.0991 54.0704 4
    endloop
  endfacet
  facet normal 0 0 1
    outer loop
      vertex 19.7021 145.989 4
      vertex 19.7031 54.0116 4
      vertex 19.7031 145.988 4
    endloop
  endfacet
  facet normal 0 0 1
    outer loop
      vertex 19.7021 145.989 4
      vertex 19.7021 54.0115 4
      vertex 19.7031 54.0116 4
    endloop
  endfacet
  facet normal 0 0 1
    outer loop
      vertex 19.3137 146.086 4
      vertex 19.7021 54.0115 4
      vertex 19.7021 145.989 4
    endloop
  endfacet
  facet normal 0 0 1
    outer loop
      vertex 19.3137 146.086 4
      vertex 19.3137 53.9142 4
      vertex 19.7021 54.0115 4
    endloop
  endfacet
  facet normal -0 0 1
    outer loop
      vertex 19.3127 146.086 4
      vertex 19.3137 53.9142 4
      vertex 19.3137 146.086 4
    endloop
  endfacet
  facet normal 0 0 1
    outer loop
      vertex 19.3127 146.086 4
      vertex 19.3127 53.9139 4
      vertex 19.3137 53.9142 4
    endloop
  endfacet
  facet normal -0 0 1
    outer loop
      vertex 19.3118 146.086 4
      vertex 19.3127 53.9139 4
      vertex 19.3127 146.086 4
    endloop
  endfacet
  facet normal 0 0 1
    outer loop
      vertex 19.3118 146.086 4
      vertex 19.3118 53.9136 4
      vertex 19.3127 53.9139 4
    endloop
  endfacet
  facet normal 0 0 1
    outer loop
      vertex 18.9348 146.221 4
      vertex 19.3118 53.9136 4
      vertex 19.3118 146.086 4
    endloop
  endfacet
  facet normal 0 0 1
    outer loop
      vertex 18.9348 146.221 4
      vertex 18.9348 53.7787 4
      vertex 19.3118 53.9136 4
    endloop
  endfacet
  facet normal 0 0 1
    outer loop
      vertex 18.9339 146.222 4
      vertex 18.9348 53.7787 4
      vertex 18.9348 146.221 4
    endloop
  endfacet
  facet normal 0 0 1
    outer loop
      vertex 18.9339 146.222 4
      vertex 18.9339 53.7783 4
      vertex 18.9348 53.7787 4
    endloop
  endfacet
  facet normal 0 0 1
    outer loop
      vertex 18.572 146.393 4
      vertex 18.9339 53.7783 4
      vertex 18.9339 146.222 4
    endloop
  endfacet
  facet normal 0 0 1
    outer loop
      vertex 18.572 146.393 4
      vertex 18.572 53.6071 4
      vertex 18.9339 53.7783 4
    endloop
  endfacet
  facet normal 0 0 1
    outer loop
      vertex 18.2286 146.599 4
      vertex 18.572 53.6071 4
      vertex 18.572 146.393 4
    endloop
  endfacet
  facet normal 0 0 1
    outer loop
      vertex 18.2286 146.599 4
      vertex 18.2286 53.4013 4
      vertex 18.572 53.6071 4
    endloop
  endfacet
  facet normal -0 0 1
    outer loop
      vertex 18.2277 146.599 4
      vertex 18.2286 53.4013 4
      vertex 18.2286 146.599 4
    endloop
  endfacet
  facet normal 0 0 1
    outer loop
      vertex 18.2277 146.599 4
      vertex 18.2277 53.4008 4
      vertex 18.2286 53.4013 4
    endloop
  endfacet
  facet normal 0 0 1
    outer loop
      vertex 18.2269 146.6 4
      vertex 18.2277 53.4008 4
      vertex 18.2277 146.599 4
    endloop
  endfacet
  facet normal 0 0 1
    outer loop
      vertex 18.2269 146.6 4
      vertex 18.2269 53.4001 4
      vertex 18.2277 53.4008 4
    endloop
  endfacet
  facet normal 0 0 1
    outer loop
      vertex 17.9053 146.838 4
      vertex 18.2269 53.4001 4
      vertex 18.2269 146.6 4
    endloop
  endfacet
  facet normal 0 0 1
    outer loop
      vertex 17.9053 146.838 4
      vertex 17.9053 53.1617 4
      vertex 18.2269 53.4001 4
    endloop
  endfacet
  facet normal 0 0 1
    outer loop
      vertex 17.6087 147.107 4
      vertex 17.9053 53.1617 4
      vertex 17.9053 146.838 4
    endloop
  endfacet
  facet normal 0 0 1
    outer loop
      vertex 17.6087 147.107 4
      vertex 17.6087 52.8928 4
      vertex 17.9053 53.1617 4
    endloop
  endfacet
  facet normal 0 0 1
    outer loop
      vertex 17.6079 147.108 4
      vertex 17.6087 52.8928 4
      vertex 17.6087 147.107 4
    endloop
  endfacet
  facet normal 0 0 1
    outer loop
      vertex 17.6079 147.108 4
      vertex 17.6079 52.8921 4
      vertex 17.6087 52.8928 4
    endloop
  endfacet
  facet normal 0 0 1
    outer loop
      vertex 17.6072 147.109 4
      vertex 17.6079 52.8921 4
      vertex 17.6079 147.108 4
    endloop
  endfacet
  facet normal 0 0 1
    outer loop
      vertex 17.6072 147.109 4
      vertex 17.6072 52.8913 4
      vertex 17.6079 52.8921 4
    endloop
  endfacet
  facet normal 0 0 1
    outer loop
      vertex 17.3383 147.405 4
      vertex 17.6072 52.8913 4
      vertex 17.6072 147.109 4
    endloop
  endfacet
  facet normal 0 0 1
    outer loop
      vertex 17.3383 147.405 4
      vertex 17.3383 52.5947 4
      vertex 17.6072 52.8913 4
    endloop
  endfacet
  facet normal 0 0 1
    outer loop
      vertex 17.0999 147.727 4
      vertex 17.3383 52.5947 4
      vertex 17.3383 147.405 4
    endloop
  endfacet
  facet normal 0 0 1
    outer loop
      vertex 17.0999 147.727 4
      vertex 17.0999 52.2731 4
      vertex 17.3383 52.5947 4
    endloop
  endfacet
  facet normal 0 0 1
    outer loop
      vertex 17.0992 147.728 4
      vertex 17.0999 52.2731 4
      vertex 17.0999 147.727 4
    endloop
  endfacet
  facet normal 0 0 1
    outer loop
      vertex 17.0992 147.728 4
      vertex 17.0992 52.2723 4
      vertex 17.0999 52.2731 4
    endloop
  endfacet
  facet normal 0 0 1
    outer loop
      vertex 17.0987 147.729 4
      vertex 17.0992 52.2723 4
      vertex 17.0992 147.728 4
    endloop
  endfacet
  facet normal 0 0 1
    outer loop
      vertex 17.0987 147.729 4
      vertex 17.0987 52.2714 4
      vertex 17.0992 52.2723 4
    endloop
  endfacet
  facet normal 0 0 1
    outer loop
      vertex 16.8929 148.072 4
      vertex 17.0987 52.2714 4
      vertex 17.0987 147.729 4
    endloop
  endfacet
  facet normal 0 0 1
    outer loop
      vertex 16.8929 148.072 4
      vertex 16.8929 51.928 4
      vertex 17.0987 52.2714 4
    endloop
  endfacet
  facet normal 0 0 1
    outer loop
      vertex 16.7217 148.434 4
      vertex 16.8929 51.928 4
      vertex 16.8929 148.072 4
    endloop
  endfacet
  facet normal 0 0 1
    outer loop
      vertex 16.7217 148.434 4
      vertex 16.7217 51.5661 4
      vertex 16.8929 51.928 4
    endloop
  endfacet
  facet normal 0 0 1
    outer loop
      vertex 16.7213 148.435 4
      vertex 16.7217 51.5661 4
      vertex 16.7217 148.434 4
    endloop
  endfacet
  facet normal 0 0 1
    outer loop
      vertex 16.7213 148.435 4
      vertex 16.7213 51.5652 4
      vertex 16.7217 51.5661 4
    endloop
  endfacet
  facet normal 0 0 1
    outer loop
      vertex 16.5864 148.812 4
      vertex 16.7213 51.5652 4
      vertex 16.7213 148.435 4
    endloop
  endfacet
  facet normal 0 0 1
    outer loop
      vertex 16.5864 148.812 4
      vertex 16.5864 51.1882 4
      vertex 16.7213 51.5652 4
    endloop
  endfacet
  facet normal 0 0 1
    outer loop
      vertex 16.5861 148.813 4
      vertex 16.5864 51.1882 4
      vertex 16.5864 148.812 4
    endloop
  endfacet
  facet normal 0 0 1
    outer loop
      vertex 16.5861 148.813 4
      vertex 16.5861 51.1873 4
      vertex 16.5864 51.1882 4
    endloop
  endfacet
  facet normal 0 0 1
    outer loop
      vertex 16.5858 148.814 4
      vertex 16.5861 51.1873 4
      vertex 16.5861 148.813 4
    endloop
  endfacet
  facet normal 0 0 1
    outer loop
      vertex 16.5858 148.814 4
      vertex 16.5858 51.1863 4
      vertex 16.5861 51.1873 4
    endloop
  endfacet
  facet normal 0 0 1
    outer loop
      vertex 16.4885 149.202 4
      vertex 16.5858 51.1863 4
      vertex 16.5858 148.814 4
    endloop
  endfacet
  facet normal 0 0 1
    outer loop
      vertex 16.4885 149.202 4
      vertex 16.4885 50.7979 4
      vertex 16.5858 51.1863 4
    endloop
  endfacet
  facet normal 0 0 1
    outer loop
      vertex 16.4884 149.203 4
      vertex 16.4885 50.7979 4
      vertex 16.4885 149.202 4
    endloop
  endfacet
  facet normal 0 0 1
    outer loop
      vertex 16.4884 149.203 4
      vertex 16.4884 50.7969 4
      vertex 16.4885 50.7979 4
    endloop
  endfacet
  facet normal 0 0 1
    outer loop
      vertex 16.4296 149.599 4
      vertex 16.4884 50.7969 4
      vertex 16.4884 149.203 4
    endloop
  endfacet
  facet normal 0 0 1
    outer loop
      vertex 16.4296 149.599 4
      vertex 16.4296 50.4009 4
      vertex 16.4884 50.7969 4
    endloop
  endfacet
  facet normal 0 0 1
    outer loop
      vertex 9.02452 200 4
      vertex 16.4296 149.599 4
      vertex 16.41 149.999 4
    endloop
  endfacet
  facet normal 0 0 1
    outer loop
      vertex 16.4296 149.599 4
      vertex 9.02452 12 4
      vertex 16.4296 50.4009 4
    endloop
  endfacet
  facet normal 0 0 1
    outer loop
      vertex 9.02452 200 4
      vertex 16.41 149.999 4
      vertex 16.41 150 4
    endloop
  endfacet
  facet normal 0 0 1
    outer loop
      vertex 16.4296 50.4009 4
      vertex 9.02452 12 4
      vertex 16.41 50.001 4
    endloop
  endfacet
  facet normal 0 0 1
    outer loop
      vertex 31.9755 211.99 4
      vertex 29.725 202.99 4
      vertex 31.9755 204.571 4
    endloop
  endfacet
  facet normal 0 0 1
    outer loop
      vertex 11.275 200 4
      vertex 29.725 200 4
      vertex 29.725 202.99 4
    endloop
  endfacet
  facet normal 0 0 1
    outer loop
      vertex 29.725 200 4
      vertex 24.59 150.001 4
      vertex 24.59 150 4
    endloop
  endfacet
  facet normal 0 0 1
    outer loop
      vertex 29.725 200 4
      vertex 24.5704 150.401 4
      vertex 24.59 150.001 4
    endloop
  endfacet
  facet normal 0 0 1
    outer loop
      vertex 29.725 200 4
      vertex 24.5116 150.797 4
      vertex 24.5704 150.401 4
    endloop
  endfacet
  facet normal 0 0 1
    outer loop
      vertex 29.725 200 4
      vertex 24.5115 150.798 4
      vertex 24.5116 150.797 4
    endloop
  endfacet
  facet normal 0 0 1
    outer loop
      vertex 29.725 200 4
      vertex 24.4142 151.186 4
      vertex 24.5115 150.798 4
    endloop
  endfacet
  facet normal 0 0 1
    outer loop
      vertex 29.725 200 4
      vertex 24.4139 151.187 4
      vertex 24.4142 151.186 4
    endloop
  endfacet
  facet normal 0 0 1
    outer loop
      vertex 29.725 200 4
      vertex 24.4136 151.188 4
      vertex 24.4139 151.187 4
    endloop
  endfacet
  facet normal 0 0 1
    outer loop
      vertex 29.725 200 4
      vertex 24.2787 151.565 4
      vertex 24.4136 151.188 4
    endloop
  endfacet
  facet normal 0 0 1
    outer loop
      vertex 29.725 200 4
      vertex 24.2783 151.566 4
      vertex 24.2787 151.565 4
    endloop
  endfacet
  facet normal 0 0 1
    outer loop
      vertex 29.725 200 4
      vertex 24.1071 151.928 4
      vertex 24.2783 151.566 4
    endloop
  endfacet
  facet normal 0 0 1
    outer loop
      vertex 29.725 200 4
      vertex 23.9013 152.271 4
      vertex 24.1071 151.928 4
    endloop
  endfacet
  facet normal 0 0 1
    outer loop
      vertex 29.725 200 4
      vertex 23.9008 152.272 4
      vertex 23.9013 152.271 4
    endloop
  endfacet
  facet normal 0 0 1
    outer loop
      vertex 29.725 200 4
      vertex 23.9001 152.273 4
      vertex 23.9008 152.272 4
    endloop
  endfacet
  facet normal 0 0 1
    outer loop
      vertex 29.725 200 4
      vertex 23.6617 152.595 4
      vertex 23.9001 152.273 4
    endloop
  endfacet
  facet normal 0 0 1
    outer loop
      vertex 29.725 200 4
      vertex 23.3928 152.891 4
      vertex 23.6617 152.595 4
    endloop
  endfacet
  facet normal 0 0 1
    outer loop
      vertex 29.725 200 4
      vertex 23.3921 152.892 4
      vertex 23.3928 152.891 4
    endloop
  endfacet
  facet normal 0 0 1
    outer loop
      vertex 29.725 200 4
      vertex 23.3913 152.893 4
      vertex 23.3921 152.892 4
    endloop
  endfacet
  facet normal 0 0 1
    outer loop
      vertex 29.725 200 4
      vertex 23.0947 153.162 4
      vertex 23.3913 152.893 4
    endloop
  endfacet
  facet normal 0 0 1
    outer loop
      vertex 29.725 200 4
      vertex 22.7731 153.4 4
      vertex 23.0947 153.162 4
    endloop
  endfacet
  facet normal 0 0 1
    outer loop
      vertex 29.725 200 4
      vertex 22.7723 153.401 4
      vertex 22.7731 153.4 4
    endloop
  endfacet
  facet normal 0 0 1
    outer loop
      vertex 29.725 200 4
      vertex 22.7714 153.401 4
      vertex 22.7723 153.401 4
    endloop
  endfacet
  facet normal 0 0 1
    outer loop
      vertex 29.725 200 4
      vertex 22.428 153.607 4
      vertex 22.7714 153.401 4
    endloop
  endfacet
  facet normal 0 0 1
    outer loop
      vertex 29.725 200 4
      vertex 22.0661 153.778 4
      vertex 22.428 153.607 4
    endloop
  endfacet
  facet normal 0 0 1
    outer loop
      vertex 29.725 200 4
      vertex 22.0652 153.779 4
      vertex 22.0661 153.778 4
    endloop
  endfacet
  facet normal 0 0 1
    outer loop
      vertex 29.725 200 4
      vertex 21.6882 153.914 4
      vertex 22.0652 153.779 4
    endloop
  endfacet
  facet normal 0 0 1
    outer loop
      vertex 29.725 200 4
      vertex 21.6873 153.914 4
      vertex 21.6882 153.914 4
    endloop
  endfacet
  facet normal 0 0 1
    outer loop
      vertex 29.725 200 4
      vertex 21.6863 153.914 4
      vertex 21.6873 153.914 4
    endloop
  endfacet
  facet normal 0 0 1
    outer loop
      vertex 29.725 200 4
      vertex 21.2979 154.011 4
      vertex 21.6863 153.914 4
    endloop
  endfacet
  facet normal 0 0 1
    outer loop
      vertex 29.725 200 4
      vertex 21.2969 154.012 4
      vertex 21.2979 154.011 4
    endloop
  endfacet
  facet normal 0 0 1
    outer loop
      vertex 29.725 200 4
      vertex 20.9009 154.07 4
      vertex 21.2969 154.012 4
    endloop
  endfacet
  facet normal 0 -0 1
    outer loop
      vertex 20.5 154.09 4
      vertex 29.725 200 4
      vertex 11.275 200 4
    endloop
  endfacet
  facet normal 0 0 1
    outer loop
      vertex 29.725 200 4
      vertex 20.501 154.09 4
      vertex 20.9009 154.07 4
    endloop
  endfacet
  facet normal 0 0 1
    outer loop
      vertex 29.725 200 4
      vertex 20.5 154.09 4
      vertex 20.501 154.09 4
    endloop
  endfacet
  facet normal 0 0 1
    outer loop
      vertex 20.5 154.09 4
      vertex 11.275 200 4
      vertex 20.499 154.09 4
    endloop
  endfacet
  facet normal 0 0 1
    outer loop
      vertex 20.499 154.09 4
      vertex 11.275 200 4
      vertex 20.0991 154.07 4
    endloop
  endfacet
  facet normal 0 0 1
    outer loop
      vertex 20.0991 154.07 4
      vertex 11.275 200 4
      vertex 19.7031 154.012 4
    endloop
  endfacet
  facet normal 0 0 1
    outer loop
      vertex 19.7031 154.012 4
      vertex 11.275 200 4
      vertex 19.7021 154.011 4
    endloop
  endfacet
  facet normal 0 0 1
    outer loop
      vertex 19.7021 154.011 4
      vertex 11.275 200 4
      vertex 19.3137 153.914 4
    endloop
  endfacet
  facet normal 0 0 1
    outer loop
      vertex 19.3137 153.914 4
      vertex 11.275 200 4
      vertex 19.3127 153.914 4
    endloop
  endfacet
  facet normal 0 0 1
    outer loop
      vertex 19.3127 153.914 4
      vertex 11.275 200 4
      vertex 19.3118 153.914 4
    endloop
  endfacet
  facet normal 0 0 1
    outer loop
      vertex 19.3118 153.914 4
      vertex 11.275 200 4
      vertex 18.9348 153.779 4
    endloop
  endfacet
  facet normal -0 0 1
    outer loop
      vertex 9.02452 200 4
      vertex 18.9348 153.779 4
      vertex 11.275 200 4
    endloop
  endfacet
  facet normal 0 0 1
    outer loop
      vertex 18.9348 153.779 4
      vertex 9.02452 200 4
      vertex 18.9339 153.778 4
    endloop
  endfacet
  facet normal 0 0 1
    outer loop
      vertex 18.9339 153.778 4
      vertex 9.02452 200 4
      vertex 18.572 153.607 4
    endloop
  endfacet
  facet normal 0 0 1
    outer loop
      vertex 18.572 153.607 4
      vertex 9.02452 200 4
      vertex 18.2286 153.401 4
    endloop
  endfacet
  facet normal 0 0 1
    outer loop
      vertex 18.2286 153.401 4
      vertex 9.02452 200 4
      vertex 18.2277 153.401 4
    endloop
  endfacet
  facet normal 0 0 1
    outer loop
      vertex 18.2277 153.401 4
      vertex 9.02452 200 4
      vertex 18.2269 153.4 4
    endloop
  endfacet
  facet normal 0 0 1
    outer loop
      vertex 18.2269 153.4 4
      vertex 9.02452 200 4
      vertex 17.9053 153.162 4
    endloop
  endfacet
  facet normal 0 0 1
    outer loop
      vertex 17.9053 153.162 4
      vertex 9.02452 200 4
      vertex 17.6087 152.893 4
    endloop
  endfacet
  facet normal 0 0 1
    outer loop
      vertex 17.6087 152.893 4
      vertex 9.02452 200 4
      vertex 17.6079 152.892 4
    endloop
  endfacet
  facet normal 0 0 1
    outer loop
      vertex 17.6079 152.892 4
      vertex 9.02452 200 4
      vertex 17.6072 152.891 4
    endloop
  endfacet
  facet normal 0 0 1
    outer loop
      vertex 17.6072 152.891 4
      vertex 9.02452 200 4
      vertex 17.3383 152.595 4
    endloop
  endfacet
  facet normal 0 0 1
    outer loop
      vertex 17.3383 152.595 4
      vertex 9.02452 200 4
      vertex 17.0999 152.273 4
    endloop
  endfacet
  facet normal 0 0 1
    outer loop
      vertex 17.0999 152.273 4
      vertex 9.02452 200 4
      vertex 17.0992 152.272 4
    endloop
  endfacet
  facet normal 0 0 1
    outer loop
      vertex 11.275 202.99 4
      vertex 29.725 202.99 4
      vertex 31.9755 211.99 4
    endloop
  endfacet
  facet normal 0 0 1
    outer loop
      vertex 17.0992 152.272 4
      vertex 9.02452 200 4
      vertex 17.0987 152.271 4
    endloop
  endfacet
  facet normal 0 0 1
    outer loop
      vertex 17.0987 152.271 4
      vertex 9.02452 200 4
      vertex 16.8929 151.928 4
    endloop
  endfacet
  facet normal 0 0 1
    outer loop
      vertex 16.8929 151.928 4
      vertex 9.02452 200 4
      vertex 16.7217 151.566 4
    endloop
  endfacet
  facet normal 0 0 1
    outer loop
      vertex 16.7217 151.566 4
      vertex 9.02452 200 4
      vertex 16.7213 151.565 4
    endloop
  endfacet
  facet normal 0 0 -1
    outer loop
      vertex 16.5861 151.187 4
      vertex 16.4885 150.798 4
      vertex 16.5858 151.186 4
    endloop
  endfacet
  facet normal 0 0 1
    outer loop
      vertex 16.4296 150.401 4
      vertex 9.02452 200 4
      vertex 16.41 150.001 4
    endloop
  endfacet
  facet normal 0 0 1
    outer loop
      vertex 16.4884 150.797 4
      vertex 9.02452 200 4
      vertex 16.4296 150.401 4
    endloop
  endfacet
  facet normal 0 0 1
    outer loop
      vertex 16.4885 150.798 4
      vertex 9.02452 200 4
      vertex 16.4884 150.797 4
    endloop
  endfacet
  facet normal 0 0 1
    outer loop
      vertex 16.5861 151.187 4
      vertex 9.02452 200 4
      vertex 16.4885 150.798 4
    endloop
  endfacet
  facet normal 0 0 1
    outer loop
      vertex 16.5864 151.188 4
      vertex 9.02452 200 4
      vertex 16.5861 151.187 4
    endloop
  endfacet
  facet normal 0 0 1
    outer loop
      vertex 16.7213 151.565 4
      vertex 9.02452 200 4
      vertex 16.5864 151.188 4
    endloop
  endfacet
  facet normal 0 0 1
    outer loop
      vertex 29.725 202.99 4
      vertex 11.275 202.99 4
      vertex 11.275 200 4
    endloop
  endfacet
  facet normal -0 0 1
    outer loop
      vertex 9.02452 211.99 4
      vertex 11.275 202.99 4
      vertex 31.9755 211.99 4
    endloop
  endfacet
  facet normal 0 0 1
    outer loop
      vertex 11.275 202.99 4
      vertex 9.02452 211.99 4
      vertex 9.02452 204.571 4
    endloop
  endfacet
  facet normal 0 0 1
    outer loop
      vertex 24.59 150 4
      vertex 31.9755 200 4
      vertex 29.725 200 4
    endloop
  endfacet
  facet normal 0 0 1
    outer loop
      vertex 24.59 149.999 4
      vertex 31.9755 200 4
      vertex 24.59 150 4
    endloop
  endfacet
  facet normal 0 0 1
    outer loop
      vertex 24.5704 149.599 4
      vertex 31.9755 200 4
      vertex 24.59 149.999 4
    endloop
  endfacet
  facet normal -0 0 1
    outer loop
      vertex 24.59 49.999 4
      vertex 31.9755 12 4
      vertex 24.59 50 4
    endloop
  endfacet
  facet normal -0 0 1
    outer loop
      vertex 24.5704 49.5991 4
      vertex 31.9755 12 4
      vertex 24.59 49.999 4
    endloop
  endfacet
  facet normal -0 0 1
    outer loop
      vertex 24.5116 49.2031 4
      vertex 31.9755 12 4
      vertex 24.5704 49.5991 4
    endloop
  endfacet
  facet normal -0 0 1
    outer loop
      vertex 24.5115 49.2021 4
      vertex 31.9755 12 4
      vertex 24.5116 49.2031 4
    endloop
  endfacet
  facet normal -0 0 1
    outer loop
      vertex 24.4142 48.8137 4
      vertex 31.9755 12 4
      vertex 24.5115 49.2021 4
    endloop
  endfacet
  facet normal -0 0 1
    outer loop
      vertex 24.4139 48.8127 4
      vertex 31.9755 12 4
      vertex 24.4142 48.8137 4
    endloop
  endfacet
  facet normal -0 0 1
    outer loop
      vertex 24.4136 48.8118 4
      vertex 31.9755 12 4
      vertex 24.4139 48.8127 4
    endloop
  endfacet
  facet normal -0 0 1
    outer loop
      vertex 24.2787 48.4348 4
      vertex 31.9755 12 4
      vertex 24.4136 48.8118 4
    endloop
  endfacet
  facet normal -0 0 1
    outer loop
      vertex 24.2783 48.4339 4
      vertex 31.9755 12 4
      vertex 24.2787 48.4348 4
    endloop
  endfacet
  facet normal -0 0 1
    outer loop
      vertex 24.1071 48.072 4
      vertex 31.9755 12 4
      vertex 24.2783 48.4339 4
    endloop
  endfacet
  facet normal -0 0 1
    outer loop
      vertex 23.9013 47.7286 4
      vertex 31.9755 12 4
      vertex 24.1071 48.072 4
    endloop
  endfacet
  facet normal -0 0 1
    outer loop
      vertex 23.9008 47.7277 4
      vertex 31.9755 12 4
      vertex 23.9013 47.7286 4
    endloop
  endfacet
  facet normal -0 0 1
    outer loop
      vertex 23.9001 47.7269 4
      vertex 31.9755 12 4
      vertex 23.9008 47.7277 4
    endloop
  endfacet
  facet normal -0 0 1
    outer loop
      vertex 23.6617 47.4053 4
      vertex 31.9755 12 4
      vertex 23.9001 47.7269 4
    endloop
  endfacet
  facet normal -0 0 1
    outer loop
      vertex 23.3928 47.1087 4
      vertex 31.9755 12 4
      vertex 23.6617 47.4053 4
    endloop
  endfacet
  facet normal -0 0 1
    outer loop
      vertex 23.3921 47.1079 4
      vertex 31.9755 12 4
      vertex 23.3928 47.1087 4
    endloop
  endfacet
  facet normal -0 0 1
    outer loop
      vertex 23.3913 47.1072 4
      vertex 31.9755 12 4
      vertex 23.3921 47.1079 4
    endloop
  endfacet
  facet normal -0 0 1
    outer loop
      vertex 23.0947 46.8383 4
      vertex 31.9755 12 4
      vertex 23.3913 47.1072 4
    endloop
  endfacet
  facet normal -0 0 1
    outer loop
      vertex 22.7731 46.5999 4
      vertex 31.9755 12 4
      vertex 23.0947 46.8383 4
    endloop
  endfacet
  facet normal -0 0 1
    outer loop
      vertex 22.7723 46.5992 4
      vertex 31.9755 12 4
      vertex 22.7731 46.5999 4
    endloop
  endfacet
  facet normal -0 0 1
    outer loop
      vertex 22.7714 46.5987 4
      vertex 31.9755 12 4
      vertex 22.7723 46.5992 4
    endloop
  endfacet
  facet normal -0 0 1
    outer loop
      vertex 22.428 46.3929 4
      vertex 31.9755 12 4
      vertex 22.7714 46.5987 4
    endloop
  endfacet
  facet normal -0 0 1
    outer loop
      vertex 22.0661 46.2217 4
      vertex 31.9755 12 4
      vertex 22.428 46.3929 4
    endloop
  endfacet
  facet normal -0 0 1
    outer loop
      vertex 22.0652 46.2213 4
      vertex 31.9755 12 4
      vertex 22.0661 46.2217 4
    endloop
  endfacet
  facet normal -0 0 1
    outer loop
      vertex 21.6882 46.0864 4
      vertex 31.9755 12 4
      vertex 22.0652 46.2213 4
    endloop
  endfacet
  facet normal -0 0 1
    outer loop
      vertex 21.6873 46.0861 4
      vertex 31.9755 12 4
      vertex 21.6882 46.0864 4
    endloop
  endfacet
  facet normal -0 0 1
    outer loop
      vertex 21.6863 46.0858 4
      vertex 31.9755 12 4
      vertex 21.6873 46.0861 4
    endloop
  endfacet
  facet normal -0 0 1
    outer loop
      vertex 21.2979 45.9885 4
      vertex 31.9755 12 4
      vertex 21.6863 46.0858 4
    endloop
  endfacet
  facet normal -0 0 1
    outer loop
      vertex 21.2969 45.9884 4
      vertex 31.9755 12 4
      vertex 21.2979 45.9885 4
    endloop
  endfacet
  facet normal -0 0 1
    outer loop
      vertex 20.9009 45.9296 4
      vertex 31.9755 12 4
      vertex 21.2969 45.9884 4
    endloop
  endfacet
  facet normal -0 0 1
    outer loop
      vertex 20.501 45.91 4
      vertex 31.9755 12 4
      vertex 20.9009 45.9296 4
    endloop
  endfacet
  facet normal -0 0 1
    outer loop
      vertex 20.5 45.91 4
      vertex 31.9755 12 4
      vertex 20.501 45.91 4
    endloop
  endfacet
  facet normal 0 0 1
    outer loop
      vertex 9.02452 12 4
      vertex 20.5 45.91 4
      vertex 20.499 45.91 4
    endloop
  endfacet
  facet normal 0 0 1
    outer loop
      vertex 9.02452 12 4
      vertex 20.499 45.91 4
      vertex 20.0991 45.9296 4
    endloop
  endfacet
  facet normal 0 0 1
    outer loop
      vertex 9.02452 12 4
      vertex 20.0991 45.9296 4
      vertex 19.7031 45.9884 4
    endloop
  endfacet
  facet normal 0 0 1
    outer loop
      vertex 9.02452 12 4
      vertex 19.7031 45.9884 4
      vertex 19.7021 45.9885 4
    endloop
  endfacet
  facet normal 0 0 1
    outer loop
      vertex 9.02452 12 4
      vertex 19.7021 45.9885 4
      vertex 19.3137 46.0858 4
    endloop
  endfacet
  facet normal 0 0 1
    outer loop
      vertex 9.02452 12 4
      vertex 19.3137 46.0858 4
      vertex 19.3127 46.0861 4
    endloop
  endfacet
  facet normal 0 0 1
    outer loop
      vertex 9.02452 12 4
      vertex 19.3127 46.0861 4
      vertex 19.3118 46.0864 4
    endloop
  endfacet
  facet normal 0 0 1
    outer loop
      vertex 9.02452 12 4
      vertex 19.3118 46.0864 4
      vertex 18.9348 46.2213 4
    endloop
  endfacet
  facet normal 0 0 1
    outer loop
      vertex 9.02452 12 4
      vertex 18.9348 46.2213 4
      vertex 18.9339 46.2217 4
    endloop
  endfacet
  facet normal 0 0 1
    outer loop
      vertex 9.02452 12 4
      vertex 18.9339 46.2217 4
      vertex 18.572 46.3929 4
    endloop
  endfacet
  facet normal 0 0 1
    outer loop
      vertex 9.02452 12 4
      vertex 18.572 46.3929 4
      vertex 18.2286 46.5987 4
    endloop
  endfacet
  facet normal 0 0 1
    outer loop
      vertex 9.02452 12 4
      vertex 18.2286 46.5987 4
      vertex 18.2277 46.5992 4
    endloop
  endfacet
  facet normal 0 0 1
    outer loop
      vertex 9.02452 12 4
      vertex 18.2277 46.5992 4
      vertex 18.2269 46.5999 4
    endloop
  endfacet
  facet normal 0 0 1
    outer loop
      vertex 9.02452 12 4
      vertex 18.2269 46.5999 4
      vertex 17.9053 46.8383 4
    endloop
  endfacet
  facet normal 0 0 1
    outer loop
      vertex 9.02452 12 4
      vertex 17.9053 46.8383 4
      vertex 17.6087 47.1072 4
    endloop
  endfacet
  facet normal 0 0 1
    outer loop
      vertex 9.02452 12 4
      vertex 17.6087 47.1072 4
      vertex 17.6079 47.1079 4
    endloop
  endfacet
  facet normal 0 0 1
    outer loop
      vertex 9.02452 12 4
      vertex 17.6079 47.1079 4
      vertex 17.6072 47.1087 4
    endloop
  endfacet
  facet normal 0 0 1
    outer loop
      vertex 9.02452 12 4
      vertex 17.6072 47.1087 4
      vertex 17.3383 47.4053 4
    endloop
  endfacet
  facet normal 0 0 1
    outer loop
      vertex 9.02452 12 4
      vertex 17.3383 47.4053 4
      vertex 17.0999 47.7269 4
    endloop
  endfacet
  facet normal 0 0 1
    outer loop
      vertex 9.02452 12 4
      vertex 17.0999 47.7269 4
      vertex 17.0992 47.7277 4
    endloop
  endfacet
  facet normal 0 0 1
    outer loop
      vertex 9.02452 12 4
      vertex 17.0992 47.7277 4
      vertex 17.0987 47.7286 4
    endloop
  endfacet
  facet normal 0 0 1
    outer loop
      vertex 9.02452 12 4
      vertex 17.0987 47.7286 4
      vertex 16.8929 48.072 4
    endloop
  endfacet
  facet normal 0 0 1
    outer loop
      vertex 9.02452 12 4
      vertex 16.8929 48.072 4
      vertex 16.7217 48.4339 4
    endloop
  endfacet
  facet normal 0 0 1
    outer loop
      vertex 9.02452 12 4
      vertex 16.7217 48.4339 4
      vertex 16.7213 48.4348 4
    endloop
  endfacet
  facet normal 0 0 -1
    outer loop
      vertex 16.4885 49.2021 4
      vertex 16.5861 48.8127 4
      vertex 16.5858 48.8137 4
    endloop
  endfacet
  facet normal 0 0 1
    outer loop
      vertex 16.41 150.001 4
      vertex 9.02452 200 4
      vertex 16.41 150 4
    endloop
  endfacet
  facet normal 0 0 1
    outer loop
      vertex 16.4296 149.599 4
      vertex 9.02452 200 4
      vertex 9.02452 12 4
    endloop
  endfacet
  facet normal 0 0 1
    outer loop
      vertex 16.41 50.001 4
      vertex 9.02452 12 4
      vertex 16.41 50 4
    endloop
  endfacet
  facet normal 0 0 1
    outer loop
      vertex 16.41 50 4
      vertex 9.02452 12 4
      vertex 16.41 49.999 4
    endloop
  endfacet
  facet normal 0 0 1
    outer loop
      vertex 20.5 45.91 4
      vertex 9.02452 12 4
      vertex 31.9755 12 4
    endloop
  endfacet
  facet normal 0 0 1
    outer loop
      vertex 16.5864 48.8118 4
      vertex 9.02452 12 4
      vertex 16.7213 48.4348 4
    endloop
  endfacet
  facet normal 0 0 1
    outer loop
      vertex 16.5861 48.8127 4
      vertex 9.02452 12 4
      vertex 16.5864 48.8118 4
    endloop
  endfacet
  facet normal 0 0 1
    outer loop
      vertex 16.4885 49.2021 4
      vertex 9.02452 12 4
      vertex 16.5861 48.8127 4
    endloop
  endfacet
  facet normal 0 0 1
    outer loop
      vertex 16.4884 49.2031 4
      vertex 9.02452 12 4
      vertex 16.4885 49.2021 4
    endloop
  endfacet
  facet normal 0 0 1
    outer loop
      vertex 16.4296 49.5991 4
      vertex 9.02452 12 4
      vertex 16.4884 49.2031 4
    endloop
  endfacet
  facet normal 0 0 1
    outer loop
      vertex 16.41 49.999 4
      vertex 9.02452 12 4
      vertex 16.4296 49.5991 4
    endloop
  endfacet
  facet normal -0 0 1
    outer loop
      vertex 29.925 2.69606 4
      vertex 31.9755 0 4
      vertex 31.9755 4.13641 4
    endloop
  endfacet
  facet normal 0 0 1
    outer loop
      vertex 31.9755 0 4
      vertex 29.925 2.69606 4
      vertex 29.925 0 4
    endloop
  endfacet
  facet normal 0 0 1
    outer loop
      vertex 9.02452 0 4
      vertex 11.075 2.69606 4
      vertex 9.02452 4.1364 4
    endloop
  endfacet
  facet normal 0 0 1
    outer loop
      vertex 11.075 2.69606 4
      vertex 9.02452 0 4
      vertex 11.075 0 4
    endloop
  endfacet
  facet normal 0.0490342 -0 0.998797
    outer loop
      vertex 8.9021 204.657 4.00601
      vertex 9.02452 211.99 4
      vertex 8.9021 211.99 4.00601
    endloop
  endfacet
  facet normal 0.0490342 0 0.998797
    outer loop
      vertex 9.02452 211.99 4
      vertex 8.9021 204.657 4.00601
      vertex 9.02452 204.571 4
    endloop
  endfacet
  facet normal 0.146759 -0 0.989172
    outer loop
      vertex 8.80511 204.725 4.0204
      vertex 8.9021 211.99 4.00601
      vertex 8.80511 211.99 4.0204
    endloop
  endfacet
  facet normal 0.146759 0 0.989172
    outer loop
      vertex 8.9021 211.99 4.00601
      vertex 8.80511 204.725 4.0204
      vertex 8.9021 204.657 4.00601
    endloop
  endfacet
  facet normal 0.243064 -0 0.97001
    outer loop
      vertex 8.71017 204.792 4.04419
      vertex 8.80511 211.99 4.0204
      vertex 8.71017 211.99 4.04419
    endloop
  endfacet
  facet normal 0.243064 0 0.97001
    outer loop
      vertex 8.80511 211.99 4.0204
      vertex 8.71017 204.792 4.04419
      vertex 8.80511 204.725 4.0204
    endloop
  endfacet
  facet normal 0.336807 -0 0.941574
    outer loop
      vertex 8.61772 204.857 4.07726
      vertex 8.71017 211.99 4.04419
      vertex 8.61772 211.99 4.07726
    endloop
  endfacet
  facet normal 0.336807 0 0.941574
    outer loop
      vertex 8.71017 211.99 4.04419
      vertex 8.61772 204.857 4.07726
      vertex 8.71017 204.792 4.04419
    endloop
  endfacet
  facet normal 0.427572 -0 0.903981
    outer loop
      vertex 8.52924 204.919 4.11911
      vertex 8.61772 211.99 4.07726
      vertex 8.52924 211.99 4.11911
    endloop
  endfacet
  facet normal 0.427572 0 0.903981
    outer loop
      vertex 8.61772 211.99 4.07726
      vertex 8.52924 204.919 4.11911
      vertex 8.61772 204.857 4.07726
    endloop
  endfacet
  facet normal 0.514151 -0 0.8577
    outer loop
      vertex 8.44508 204.978 4.16956
      vertex 8.52924 211.99 4.11911
      vertex 8.44508 211.99 4.16956
    endloop
  endfacet
  facet normal 0.514151 0 0.8577
    outer loop
      vertex 8.52924 211.99 4.11911
      vertex 8.44508 204.978 4.16956
      vertex 8.52924 204.919 4.11911
    endloop
  endfacet
  facet normal 0.595601 -0 0.803281
    outer loop
      vertex 8.36633 205.033 4.22795
      vertex 8.44508 211.99 4.16956
      vertex 8.36633 211.99 4.22795
    endloop
  endfacet
  facet normal 0.595601 0 0.803281
    outer loop
      vertex 8.44508 211.99 4.16956
      vertex 8.36633 205.033 4.22795
      vertex 8.44508 204.978 4.16956
    endloop
  endfacet
  facet normal 0.671615 0.000246566 0.7409
    outer loop
      vertex 8.29375 211.968 4.29375
      vertex 8.36633 211.99 4.22795
      vertex 8.30249 211.99 4.28582
    endloop
  endfacet
  facet normal 0.671656 -0 0.740863
    outer loop
      vertex 8.29375 205.084 4.29375
      vertex 8.36633 211.99 4.22795
      vertex 8.29375 211.968 4.29375
    endloop
  endfacet
  facet normal 0.671656 0 0.740863
    outer loop
      vertex 8.36633 211.99 4.22795
      vertex 8.29375 205.084 4.29375
      vertex 8.36633 205.033 4.22795
    endloop
  endfacet
  facet normal 0.740863 0 0.671656
    outer loop
      vertex 8.29375 205.084 4.29375
      vertex 8.22795 211.803 4.36633
      vertex 8.22795 205.13 4.36633
    endloop
  endfacet
  facet normal 0.740863 0 0.671656
    outer loop
      vertex 8.22795 211.803 4.36633
      vertex 8.29375 205.084 4.29375
      vertex 8.29375 211.968 4.29375
    endloop
  endfacet
  facet normal 0.803281 0 0.595601
    outer loop
      vertex 8.22795 205.13 4.36633
      vertex 8.16956 211.656 4.44508
      vertex 8.16956 205.171 4.44508
    endloop
  endfacet
  facet normal 0.803281 0 0.595601
    outer loop
      vertex 8.16956 211.656 4.44508
      vertex 8.22795 205.13 4.36633
      vertex 8.22795 211.803 4.36633
    endloop
  endfacet
  facet normal 0.8577 0 0.514151
    outer loop
      vertex 8.16956 205.171 4.44508
      vertex 8.11911 211.53 4.52924
      vertex 8.11911 205.207 4.52924
    endloop
  endfacet
  facet normal 0.8577 0 0.514151
    outer loop
      vertex 8.11911 211.53 4.52924
      vertex 8.16956 205.171 4.44508
      vertex 8.16956 211.656 4.44508
    endloop
  endfacet
  facet normal 0.903981 0 0.427572
    outer loop
      vertex 8.11911 205.207 4.52924
      vertex 8.07726 211.425 4.61772
      vertex 8.07726 205.236 4.61772
    endloop
  endfacet
  facet normal 0.903981 0 0.427572
    outer loop
      vertex 8.07726 211.425 4.61772
      vertex 8.11911 205.207 4.52924
      vertex 8.11911 211.53 4.52924
    endloop
  endfacet
  facet normal 0.941574 0 0.336807
    outer loop
      vertex 8.07726 205.236 4.61772
      vertex 8.04419 211.342 4.71017
      vertex 8.04419 205.259 4.71017
    endloop
  endfacet
  facet normal 0.941574 0 0.336807
    outer loop
      vertex 8.04419 211.342 4.71017
      vertex 8.07726 205.236 4.61772
      vertex 8.07726 211.425 4.61772
    endloop
  endfacet
  facet normal 0.97001 0 0.243064
    outer loop
      vertex 8.04419 205.259 4.71017
      vertex 8.0204 211.282 4.80511
      vertex 8.0204 205.276 4.80511
    endloop
  endfacet
  facet normal 0.97001 0 0.243064
    outer loop
      vertex 8.0204 211.282 4.80511
      vertex 8.04419 205.259 4.71017
      vertex 8.04419 211.342 4.71017
    endloop
  endfacet
  facet normal 0.989172 0 0.146759
    outer loop
      vertex 8.0204 205.276 4.80511
      vertex 8.00601 211.246 4.9021
      vertex 8.00601 205.286 4.9021
    endloop
  endfacet
  facet normal 0.989172 0 0.146759
    outer loop
      vertex 8.00601 211.246 4.9021
      vertex 8.0204 205.276 4.80511
      vertex 8.0204 211.282 4.80511
    endloop
  endfacet
  facet normal 0.998797 0 0.0490342
    outer loop
      vertex 8.00601 205.286 4.9021
      vertex 8 211.231 5.02452
      vertex 8 205.29 5.02452
    endloop
  endfacet
  facet normal 0.998797 0 0.0490342
    outer loop
      vertex 8 211.231 5.02452
      vertex 8.00601 205.286 4.9021
      vertex 8.00601 211.246 4.9021
    endloop
  endfacet
  facet normal 1 -0 0
    outer loop
      vertex 8 205.29 24
      vertex 8 211.231 5.02452
      vertex 8 211.231 24
    endloop
  endfacet
  facet normal 1 0 0
    outer loop
      vertex 8 211.231 5.02452
      vertex 8 205.29 24
      vertex 8 205.29 5.02452
    endloop
  endfacet
  facet normal 0.998793 0 0.0491243
    outer loop
      vertex 8 205.29 24
      vertex 7.99518 211.219 24.098
      vertex 7.99518 205.294 24.098
    endloop
  endfacet
  facet normal 0.998793 0 0.0491243
    outer loop
      vertex 7.99518 211.219 24.098
      vertex 8 205.29 24
      vertex 8 211.231 24
    endloop
  endfacet
  facet normal 0.989196 0 0.146597
    outer loop
      vertex 7.99518 205.294 24.098
      vertex 7.98079 211.183 24.1951
      vertex 7.98079 205.304 24.1951
    endloop
  endfacet
  facet normal 0.989196 0 0.146597
    outer loop
      vertex 7.98079 211.183 24.1951
      vertex 7.99518 205.294 24.098
      vertex 7.99518 211.219 24.098
    endloop
  endfacet
  facet normal 0.970023 0 0.243015
    outer loop
      vertex 7.98079 205.304 24.1951
      vertex 7.95694 211.123 24.2903
      vertex 7.95694 205.321 24.2903
    endloop
  endfacet
  facet normal 0.970023 0 0.243015
    outer loop
      vertex 7.95694 211.123 24.2903
      vertex 7.98079 205.304 24.1951
      vertex 7.98079 211.183 24.1951
    endloop
  endfacet
  facet normal 0.941516 0 0.336969
    outer loop
      vertex 7.95694 205.321 24.2903
      vertex 7.92387 211.04 24.3827
      vertex 7.92387 205.344 24.3827
    endloop
  endfacet
  facet normal 0.941516 0 0.336969
    outer loop
      vertex 7.92387 211.04 24.3827
      vertex 7.95694 205.321 24.2903
      vertex 7.95694 211.123 24.2903
    endloop
  endfacet
  facet normal 0.904036 0 0.427455
    outer loop
      vertex 7.92387 205.344 24.3827
      vertex 7.88193 210.935 24.4714
      vertex 7.88193 205.373 24.4714
    endloop
  endfacet
  facet normal 0.904036 0 0.427455
    outer loop
      vertex 7.88193 210.935 24.4714
      vertex 7.92387 205.344 24.3827
      vertex 7.92387 211.04 24.3827
    endloop
  endfacet
  facet normal 0.857762 0 0.514046
    outer loop
      vertex 7.88193 205.373 24.4714
      vertex 7.83147 210.808 24.5556
      vertex 7.83147 205.409 24.5556
    endloop
  endfacet
  facet normal 0.857762 0 0.514046
    outer loop
      vertex 7.83147 210.808 24.5556
      vertex 7.88193 205.373 24.4714
      vertex 7.88193 210.935 24.4714
    endloop
  endfacet
  facet normal 0.80312 0 0.595817
    outer loop
      vertex 7.83147 205.409 24.5556
      vertex 7.77301 210.662 24.6344
      vertex 7.77301 205.45 24.6344
    endloop
  endfacet
  facet normal 0.80312 0 0.595817
    outer loop
      vertex 7.77301 210.662 24.6344
      vertex 7.83147 205.409 24.5556
      vertex 7.83147 210.808 24.5556
    endloop
  endfacet
  facet normal 0.740908 0 0.671607
    outer loop
      vertex 7.77301 205.45 24.6344
      vertex 7.70711 210.496 24.7071
      vertex 7.70711 205.496 24.7071
    endloop
  endfacet
  facet normal 0.740908 0 0.671607
    outer loop
      vertex 7.70711 210.496 24.7071
      vertex 7.77301 205.45 24.6344
      vertex 7.77301 210.662 24.6344
    endloop
  endfacet
  facet normal 0.671556 0 0.740954
    outer loop
      vertex 7.6344 210.314 24.773
      vertex 7.70711 205.496 24.7071
      vertex 7.70711 210.496 24.7071
    endloop
  endfacet
  facet normal 0.671556 0 0.740954
    outer loop
      vertex 7.70711 205.496 24.7071
      vertex 7.6344 210.314 24.773
      vertex 7.6344 205.547 24.773
    endloop
  endfacet
  facet normal 0.595934 0 0.803034
    outer loop
      vertex 7.55557 210.116 24.8315
      vertex 7.6344 205.547 24.773
      vertex 7.6344 210.314 24.773
    endloop
  endfacet
  facet normal 0.595934 0 0.803034
    outer loop
      vertex 7.6344 205.547 24.773
      vertex 7.55557 210.116 24.8315
      vertex 7.55557 205.603 24.8315
    endloop
  endfacet
  facet normal 0.513686 0 0.857978
    outer loop
      vertex 7.47139 209.905 24.8819
      vertex 7.55557 205.603 24.8315
      vertex 7.55557 210.116 24.8315
    endloop
  endfacet
  facet normal 0.513686 0 0.857978
    outer loop
      vertex 7.55557 205.603 24.8315
      vertex 7.47139 209.905 24.8819
      vertex 7.47139 205.662 24.8819
    endloop
  endfacet
  facet normal 0.427955 0 0.9038
    outer loop
      vertex 7.38269 209.682 24.9239
      vertex 7.47139 205.662 24.8819
      vertex 7.47139 209.905 24.8819
    endloop
  endfacet
  facet normal 0.427955 0 0.9038
    outer loop
      vertex 7.47139 205.662 24.8819
      vertex 7.38269 209.682 24.9239
      vertex 7.38269 205.724 24.9239
    endloop
  endfacet
  facet normal 0.336304 0 0.941753
    outer loop
      vertex 7.29028 209.451 24.9569
      vertex 7.38269 205.724 24.9239
      vertex 7.38269 209.682 24.9239
    endloop
  endfacet
  facet normal 0.336304 0 0.941753
    outer loop
      vertex 7.38269 205.724 24.9239
      vertex 7.29028 209.451 24.9569
      vertex 7.29028 205.789 24.9569
    endloop
  endfacet
  facet normal 0.243494 0 0.969902
    outer loop
      vertex 7.19508 209.212 24.9808
      vertex 7.29028 205.789 24.9569
      vertex 7.29028 209.451 24.9569
    endloop
  endfacet
  facet normal 0.243494 0 0.969902
    outer loop
      vertex 7.29028 205.789 24.9569
      vertex 7.19508 209.212 24.9808
      vertex 7.19508 205.856 24.9808
    endloop
  endfacet
  facet normal 0.146755 0 0.989173
    outer loop
      vertex 7.09802 208.968 24.9952
      vertex 7.19508 205.856 24.9808
      vertex 7.19508 209.212 24.9808
    endloop
  endfacet
  facet normal 0.146755 0 0.989173
    outer loop
      vertex 7.19508 205.856 24.9808
      vertex 7.09802 208.968 24.9952
      vertex 7.09802 205.924 24.9952
    endloop
  endfacet
  facet normal 0.048911 0 0.998803
    outer loop
      vertex 7 208.722 25
      vertex 7.09802 205.924 24.9952
      vertex 7.09802 208.968 24.9952
    endloop
  endfacet
  facet normal 0.048911 0 0.998803
    outer loop
      vertex 7.09802 205.924 24.9952
      vertex 7 208.722 25
      vertex 7 205.993 25
    endloop
  endfacet
  facet normal 0 -0 1
    outer loop
      vertex 7 205.993 25
      vertex 7 208.722 25
      vertex 6.14999 206.59 25
    endloop
  endfacet
  facet normal 0 0 -1
    outer loop
      vertex 11.075 0 0
      vertex 5.90567 6.32721 0
      vertex 11.075 2.69606 0
    endloop
  endfacet
  facet normal 0 -0 -1
    outer loop
      vertex 5.90567 6.32721 0
      vertex 11.075 0 0
      vertex 1 0 0
    endloop
  endfacet
  facet normal 0 0 -1
    outer loop
      vertex 40 0 0
      vertex 22.5596 50.4097 0
      vertex 40 200 0
    endloop
  endfacet
  facet normal 0 0 -1
    outer loop
      vertex 40 200 0
      vertex 22.5899 149.794 0
      vertex 22.6 150 0
    endloop
  endfacet
  facet normal 0 0 -1
    outer loop
      vertex 22.5596 149.59 0
      vertex 40 200 0
      vertex 22.5596 50.4097 0
    endloop
  endfacet
  facet normal 0 0 -1
    outer loop
      vertex 40 200 0
      vertex 22.5596 149.59 0
      vertex 22.5899 149.794 0
    endloop
  endfacet
  facet normal 0 0 -1
    outer loop
      vertex 22.5096 50.6096 0
      vertex 22.5596 149.59 0
      vertex 22.5596 50.4097 0
    endloop
  endfacet
  facet normal 0 0 -1
    outer loop
      vertex 22.5096 50.6096 0
      vertex 22.5096 149.39 0
      vertex 22.5596 149.59 0
    endloop
  endfacet
  facet normal 0 0 -1
    outer loop
      vertex 22.4401 50.8036 0
      vertex 22.5096 149.39 0
      vertex 22.5096 50.6096 0
    endloop
  endfacet
  facet normal 0 0 -1
    outer loop
      vertex 22.4401 50.8036 0
      vertex 22.4401 149.196 0
      vertex 22.5096 149.39 0
    endloop
  endfacet
  facet normal 0 0 -1
    outer loop
      vertex 22.352 50.9899 0
      vertex 22.4401 149.196 0
      vertex 22.4401 50.8036 0
    endloop
  endfacet
  facet normal 0 0 -1
    outer loop
      vertex 22.352 50.9899 0
      vertex 22.352 149.01 0
      vertex 22.4401 149.196 0
    endloop
  endfacet
  facet normal 0 0 -1
    outer loop
      vertex 22.2461 51.1667 0
      vertex 22.352 149.01 0
      vertex 22.352 50.9899 0
    endloop
  endfacet
  facet normal 0 0 -1
    outer loop
      vertex 22.2461 51.1667 0
      vertex 22.2461 148.833 0
      vertex 22.352 149.01 0
    endloop
  endfacet
  facet normal 0 0 -1
    outer loop
      vertex 22.1233 51.3322 0
      vertex 22.2461 148.833 0
      vertex 22.2461 51.1667 0
    endloop
  endfacet
  facet normal 0 0 -1
    outer loop
      vertex 22.1233 51.3322 0
      vertex 22.1233 148.668 0
      vertex 22.2461 148.833 0
    endloop
  endfacet
  facet normal 0 0 -1
    outer loop
      vertex 21.9849 51.4849 0
      vertex 22.1233 148.668 0
      vertex 22.1233 51.3322 0
    endloop
  endfacet
  facet normal 0 0 -1
    outer loop
      vertex 21.9849 51.4849 0
      vertex 21.9849 148.515 0
      vertex 22.1233 148.668 0
    endloop
  endfacet
  facet normal 0 0 -1
    outer loop
      vertex 21.8322 51.6233 0
      vertex 21.9849 148.515 0
      vertex 21.9849 51.4849 0
    endloop
  endfacet
  facet normal 0 0 -1
    outer loop
      vertex 21.8322 51.6233 0
      vertex 21.8322 148.377 0
      vertex 21.9849 148.515 0
    endloop
  endfacet
  facet normal 0 0 -1
    outer loop
      vertex 21.6667 51.7461 0
      vertex 21.8322 148.377 0
      vertex 21.8322 51.6233 0
    endloop
  endfacet
  facet normal 0 0 -1
    outer loop
      vertex 21.6667 51.7461 0
      vertex 21.6667 148.254 0
      vertex 21.8322 148.377 0
    endloop
  endfacet
  facet normal 0 0 -1
    outer loop
      vertex 21.4899 51.852 0
      vertex 21.6667 148.254 0
      vertex 21.6667 51.7461 0
    endloop
  endfacet
  facet normal 0 0 -1
    outer loop
      vertex 21.4899 51.852 0
      vertex 21.4899 148.148 0
      vertex 21.6667 148.254 0
    endloop
  endfacet
  facet normal 0 0 -1
    outer loop
      vertex 21.3036 51.9401 0
      vertex 21.4899 148.148 0
      vertex 21.4899 51.852 0
    endloop
  endfacet
  facet normal 0 0 -1
    outer loop
      vertex 21.3036 51.9401 0
      vertex 21.3036 148.06 0
      vertex 21.4899 148.148 0
    endloop
  endfacet
  facet normal 0 0 -1
    outer loop
      vertex 21.1096 52.0096 0
      vertex 21.3036 148.06 0
      vertex 21.3036 51.9401 0
    endloop
  endfacet
  facet normal 0 0 -1
    outer loop
      vertex 21.1096 52.0096 0
      vertex 21.1096 147.99 0
      vertex 21.3036 148.06 0
    endloop
  endfacet
  facet normal 0 0 -1
    outer loop
      vertex 20.9097 52.0596 0
      vertex 21.1096 147.99 0
      vertex 21.1096 52.0096 0
    endloop
  endfacet
  facet normal 0 0 -1
    outer loop
      vertex 20.9097 52.0596 0
      vertex 20.9097 147.94 0
      vertex 21.1096 147.99 0
    endloop
  endfacet
  facet normal 0 0 -1
    outer loop
      vertex 20.7058 52.0899 0
      vertex 20.9097 147.94 0
      vertex 20.9097 52.0596 0
    endloop
  endfacet
  facet normal 0 0 -1
    outer loop
      vertex 20.7058 52.0899 0
      vertex 20.7058 147.91 0
      vertex 20.9097 147.94 0
    endloop
  endfacet
  facet normal 0 0 -1
    outer loop
      vertex 20.5 52.1 0
      vertex 20.7058 147.91 0
      vertex 20.7058 52.0899 0
    endloop
  endfacet
  facet normal 0 0 -1
    outer loop
      vertex 20.5 52.1 0
      vertex 20.5 147.9 0
      vertex 20.7058 147.91 0
    endloop
  endfacet
  facet normal 0 0 -1
    outer loop
      vertex 20.2942 52.0899 0
      vertex 20.5 147.9 0
      vertex 20.5 52.1 0
    endloop
  endfacet
  facet normal 0 0 -1
    outer loop
      vertex 20.2942 52.0899 0
      vertex 20.2942 147.91 0
      vertex 20.5 147.9 0
    endloop
  endfacet
  facet normal 0 0 -1
    outer loop
      vertex 20.0903 52.0596 0
      vertex 20.2942 147.91 0
      vertex 20.2942 52.0899 0
    endloop
  endfacet
  facet normal 0 0 -1
    outer loop
      vertex 20.0903 52.0596 0
      vertex 20.0903 147.94 0
      vertex 20.2942 147.91 0
    endloop
  endfacet
  facet normal 0 0 -1
    outer loop
      vertex 19.8904 52.0096 0
      vertex 20.0903 147.94 0
      vertex 20.0903 52.0596 0
    endloop
  endfacet
  facet normal 0 0 -1
    outer loop
      vertex 19.8904 52.0096 0
      vertex 19.8904 147.99 0
      vertex 20.0903 147.94 0
    endloop
  endfacet
  facet normal 0 0 -1
    outer loop
      vertex 19.6964 51.9401 0
      vertex 19.8904 147.99 0
      vertex 19.8904 52.0096 0
    endloop
  endfacet
  facet normal 0 0 -1
    outer loop
      vertex 19.6964 51.9401 0
      vertex 19.6964 148.06 0
      vertex 19.8904 147.99 0
    endloop
  endfacet
  facet normal 0 0 -1
    outer loop
      vertex 19.5101 51.852 0
      vertex 19.6964 148.06 0
      vertex 19.6964 51.9401 0
    endloop
  endfacet
  facet normal 0 0 -1
    outer loop
      vertex 19.5101 51.852 0
      vertex 19.5101 148.148 0
      vertex 19.6964 148.06 0
    endloop
  endfacet
  facet normal 0 0 -1
    outer loop
      vertex 19.3333 51.7461 0
      vertex 19.5101 148.148 0
      vertex 19.5101 51.852 0
    endloop
  endfacet
  facet normal 0 0 -1
    outer loop
      vertex 19.3333 51.7461 0
      vertex 19.3333 148.254 0
      vertex 19.5101 148.148 0
    endloop
  endfacet
  facet normal 0 0 -1
    outer loop
      vertex 19.1678 51.6233 0
      vertex 19.3333 148.254 0
      vertex 19.3333 51.7461 0
    endloop
  endfacet
  facet normal 0 0 -1
    outer loop
      vertex 19.1678 51.6233 0
      vertex 19.1678 148.377 0
      vertex 19.3333 148.254 0
    endloop
  endfacet
  facet normal 0 0 -1
    outer loop
      vertex 19.0151 51.4849 0
      vertex 19.1678 148.377 0
      vertex 19.1678 51.6233 0
    endloop
  endfacet
  facet normal 0 0 -1
    outer loop
      vertex 19.0151 51.4849 0
      vertex 19.0151 148.515 0
      vertex 19.1678 148.377 0
    endloop
  endfacet
  facet normal 0 0 -1
    outer loop
      vertex 18.8767 51.3322 0
      vertex 19.0151 148.515 0
      vertex 19.0151 51.4849 0
    endloop
  endfacet
  facet normal 0 0 -1
    outer loop
      vertex 18.8767 51.3322 0
      vertex 18.8767 148.668 0
      vertex 19.0151 148.515 0
    endloop
  endfacet
  facet normal 0 0 -1
    outer loop
      vertex 18.7539 51.1667 0
      vertex 18.8767 148.668 0
      vertex 18.8767 51.3322 0
    endloop
  endfacet
  facet normal 0 0 -1
    outer loop
      vertex 18.7539 51.1667 0
      vertex 18.7539 148.833 0
      vertex 18.8767 148.668 0
    endloop
  endfacet
  facet normal 0 0 -1
    outer loop
      vertex 18.648 50.9899 0
      vertex 18.7539 148.833 0
      vertex 18.7539 51.1667 0
    endloop
  endfacet
  facet normal 0 0 -1
    outer loop
      vertex 18.648 50.9899 0
      vertex 18.648 149.01 0
      vertex 18.7539 148.833 0
    endloop
  endfacet
  facet normal 0 0 -1
    outer loop
      vertex 18.5599 50.8036 0
      vertex 18.648 149.01 0
      vertex 18.648 50.9899 0
    endloop
  endfacet
  facet normal 0 0 -1
    outer loop
      vertex 18.5599 50.8036 0
      vertex 18.5599 149.196 0
      vertex 18.648 149.01 0
    endloop
  endfacet
  facet normal 0 0 -1
    outer loop
      vertex 18.4904 50.6096 0
      vertex 18.5599 149.196 0
      vertex 18.5599 50.8036 0
    endloop
  endfacet
  facet normal 0 0 -1
    outer loop
      vertex 18.4904 50.6096 0
      vertex 18.4904 149.39 0
      vertex 18.5599 149.196 0
    endloop
  endfacet
  facet normal 0 0 -1
    outer loop
      vertex 18.4404 50.4097 0
      vertex 18.4904 149.39 0
      vertex 18.4904 50.6096 0
    endloop
  endfacet
  facet normal 0 0 -1
    outer loop
      vertex 18.4404 50.4097 0
      vertex 18.4404 149.59 0
      vertex 18.4904 149.39 0
    endloop
  endfacet
  facet normal 0 0 -1
    outer loop
      vertex 1 0 0
      vertex 18.4404 50.4097 0
      vertex 18.4101 50.2058 0
    endloop
  endfacet
  facet normal 0 0 -1
    outer loop
      vertex 18.4404 50.4097 0
      vertex 1 200 0
      vertex 18.4404 149.59 0
    endloop
  endfacet
  facet normal 0 0 -1
    outer loop
      vertex 1 0 0
      vertex 18.4101 50.2058 0
      vertex 18.4 50 0
    endloop
  endfacet
  facet normal 0 0 -1
    outer loop
      vertex 18.4404 149.59 0
      vertex 1 200 0
      vertex 18.4101 149.794 0
    endloop
  endfacet
  facet normal 0 0 -1
    outer loop
      vertex 32.8331 12 0
      vertex 40 0 0
      vertex 35.0943 6.32721 0
    endloop
  endfacet
  facet normal 0 0 -1
    outer loop
      vertex 29.925 0 0
      vertex 35.0943 6.32721 0
      vertex 40 0 0
    endloop
  endfacet
  facet normal 0 0 -1
    outer loop
      vertex 35.0943 6.32721 0
      vertex 29.925 0 0
      vertex 29.925 2.69606 0
    endloop
  endfacet
  facet normal 0 0 -1
    outer loop
      vertex 40 0 0
      vertex 32.8331 12 0
      vertex 22.6 50 0
    endloop
  endfacet
  facet normal 0 0 -1
    outer loop
      vertex 22.5899 50.2058 0
      vertex 40 0 0
      vertex 22.6 50 0
    endloop
  endfacet
  facet normal 0 0 -1
    outer loop
      vertex 22.5899 150.206 0
      vertex 40 200 0
      vertex 22.6 150 0
    endloop
  endfacet
  facet normal 0 0 -1
    outer loop
      vertex 22.5596 50.4097 0
      vertex 40 0 0
      vertex 22.5899 50.2058 0
    endloop
  endfacet
  facet normal 0 0 -1
    outer loop
      vertex 32.8331 12 0
      vertex 22.5899 49.7942 0
      vertex 22.6 50 0
    endloop
  endfacet
  facet normal 0 0 -1
    outer loop
      vertex 32.8331 12 0
      vertex 22.5596 49.5903 0
      vertex 22.5899 49.7942 0
    endloop
  endfacet
  facet normal 0 0 -1
    outer loop
      vertex 32.8331 12 0
      vertex 22.5096 49.3904 0
      vertex 22.5596 49.5903 0
    endloop
  endfacet
  facet normal 0 0 -1
    outer loop
      vertex 32.8331 12 0
      vertex 22.4401 49.1964 0
      vertex 22.5096 49.3904 0
    endloop
  endfacet
  facet normal 0 0 -1
    outer loop
      vertex 32.8331 12 0
      vertex 22.352 49.0101 0
      vertex 22.4401 49.1964 0
    endloop
  endfacet
  facet normal 0 0 -1
    outer loop
      vertex 32.8331 12 0
      vertex 22.2461 48.8333 0
      vertex 22.352 49.0101 0
    endloop
  endfacet
  facet normal 0 0 -1
    outer loop
      vertex 32.8331 12 0
      vertex 22.1233 48.6678 0
      vertex 22.2461 48.8333 0
    endloop
  endfacet
  facet normal 0 0 -1
    outer loop
      vertex 32.8331 12 0
      vertex 21.9849 48.5151 0
      vertex 22.1233 48.6678 0
    endloop
  endfacet
  facet normal 0 0 -1
    outer loop
      vertex 32.8331 12 0
      vertex 21.8322 48.3767 0
      vertex 21.9849 48.5151 0
    endloop
  endfacet
  facet normal 0 0 -1
    outer loop
      vertex 32.8331 12 0
      vertex 21.6667 48.2539 0
      vertex 21.8322 48.3767 0
    endloop
  endfacet
  facet normal 0 0 -1
    outer loop
      vertex 32.8331 12 0
      vertex 21.4899 48.148 0
      vertex 21.6667 48.2539 0
    endloop
  endfacet
  facet normal 0 0 -1
    outer loop
      vertex 32.8331 12 0
      vertex 21.3036 48.0599 0
      vertex 21.4899 48.148 0
    endloop
  endfacet
  facet normal 0 0 -1
    outer loop
      vertex 32.8331 12 0
      vertex 21.1096 47.9904 0
      vertex 21.3036 48.0599 0
    endloop
  endfacet
  facet normal 0 0 -1
    outer loop
      vertex 32.8331 12 0
      vertex 20.9097 47.9404 0
      vertex 21.1096 47.9904 0
    endloop
  endfacet
  facet normal 0 0 -1
    outer loop
      vertex 32.8331 12 0
      vertex 20.7058 47.9101 0
      vertex 20.9097 47.9404 0
    endloop
  endfacet
  facet normal 0 0 -1
    outer loop
      vertex 32.8331 12 0
      vertex 20.5 47.9 0
      vertex 20.7058 47.9101 0
    endloop
  endfacet
  facet normal 0 0 -1
    outer loop
      vertex 8.16692 12 0
      vertex 20.5 47.9 0
      vertex 32.8331 12 0
    endloop
  endfacet
  facet normal -0 0 -1
    outer loop
      vertex 20.5 47.9 0
      vertex 8.16692 12 0
      vertex 20.2942 47.9101 0
    endloop
  endfacet
  facet normal -0 0 -1
    outer loop
      vertex 20.2942 47.9101 0
      vertex 8.16692 12 0
      vertex 20.0903 47.9404 0
    endloop
  endfacet
  facet normal -0 0 -1
    outer loop
      vertex 20.0903 47.9404 0
      vertex 8.16692 12 0
      vertex 19.8904 47.9904 0
    endloop
  endfacet
  facet normal -0 0 -1
    outer loop
      vertex 19.8904 47.9904 0
      vertex 8.16692 12 0
      vertex 19.6964 48.0599 0
    endloop
  endfacet
  facet normal -0 0 -1
    outer loop
      vertex 19.6964 48.0599 0
      vertex 8.16692 12 0
      vertex 19.5101 48.148 0
    endloop
  endfacet
  facet normal -0 0 -1
    outer loop
      vertex 19.5101 48.148 0
      vertex 8.16692 12 0
      vertex 19.3333 48.2539 0
    endloop
  endfacet
  facet normal -0 0 -1
    outer loop
      vertex 19.3333 48.2539 0
      vertex 8.16692 12 0
      vertex 19.1678 48.3767 0
    endloop
  endfacet
  facet normal -0 0 -1
    outer loop
      vertex 19.1678 48.3767 0
      vertex 8.16692 12 0
      vertex 19.0151 48.5151 0
    endloop
  endfacet
  facet normal -0 0 -1
    outer loop
      vertex 19.0151 48.5151 0
      vertex 8.16692 12 0
      vertex 18.8767 48.6678 0
    endloop
  endfacet
  facet normal -0 0 -1
    outer loop
      vertex 18.8767 48.6678 0
      vertex 8.16692 12 0
      vertex 18.7539 48.8333 0
    endloop
  endfacet
  facet normal -0 0 -1
    outer loop
      vertex 18.7539 48.8333 0
      vertex 8.16692 12 0
      vertex 18.648 49.0101 0
    endloop
  endfacet
  facet normal 0 0 -1
    outer loop
      vertex 18.4101 149.794 0
      vertex 1 200 0
      vertex 18.4 150 0
    endloop
  endfacet
  facet normal -0 0 -1
    outer loop
      vertex 18.648 49.0101 0
      vertex 8.16692 12 0
      vertex 18.5599 49.1964 0
    endloop
  endfacet
  facet normal 0 0 -1
    outer loop
      vertex 8.16692 12 0
      vertex 18.4904 49.3904 0
      vertex 18.5599 49.1964 0
    endloop
  endfacet
  facet normal 0 0 -1
    outer loop
      vertex 8.16692 12 0
      vertex 18.4404 49.5903 0
      vertex 18.4904 49.3904 0
    endloop
  endfacet
  facet normal 0 0 -1
    outer loop
      vertex 8.16692 12 0
      vertex 18.4101 49.7942 0
      vertex 18.4404 49.5903 0
    endloop
  endfacet
  facet normal 0 0 -1
    outer loop
      vertex 8.16692 12 0
      vertex 18.4 50 0
      vertex 18.4101 49.7942 0
    endloop
  endfacet
  facet normal 0 0 -1
    outer loop
      vertex 1 0 0
      vertex 18.4 50 0
      vertex 8.16692 12 0
    endloop
  endfacet
  facet normal 0 0 -1
    outer loop
      vertex 1 0 0
      vertex 8.16692 12 0
      vertex 5.90567 6.32721 0
    endloop
  endfacet
  facet normal -0 0 -1
    outer loop
      vertex 18.4404 50.4097 0
      vertex 1 0 0
      vertex 1 200 0
    endloop
  endfacet
  facet normal 0 0 -1
    outer loop
      vertex 18.4 150 0
      vertex 1 200 0
      vertex 11.275 200 0
    endloop
  endfacet
  facet normal 0 0 -1
    outer loop
      vertex 29.725 202.99 0
      vertex 32.6975 211.99 0
      vertex 34.85 206.59 0
    endloop
  endfacet
  facet normal 0 0 -1
    outer loop
      vertex 22.5596 150.41 0
      vertex 40 200 0
      vertex 22.5899 150.206 0
    endloop
  endfacet
  facet normal 0 0 -1
    outer loop
      vertex 22.5096 150.61 0
      vertex 40 200 0
      vertex 22.5596 150.41 0
    endloop
  endfacet
  facet normal 0 0 -1
    outer loop
      vertex 22.4401 150.804 0
      vertex 40 200 0
      vertex 22.5096 150.61 0
    endloop
  endfacet
  facet normal 0 0 -1
    outer loop
      vertex 22.352 150.99 0
      vertex 40 200 0
      vertex 22.4401 150.804 0
    endloop
  endfacet
  facet normal 0 0 -1
    outer loop
      vertex 22.2461 151.167 0
      vertex 40 200 0
      vertex 22.352 150.99 0
    endloop
  endfacet
  facet normal 0 0 -1
    outer loop
      vertex 22.1233 151.332 0
      vertex 40 200 0
      vertex 22.2461 151.167 0
    endloop
  endfacet
  facet normal 0 0 -1
    outer loop
      vertex 21.9849 151.485 0
      vertex 40 200 0
      vertex 22.1233 151.332 0
    endloop
  endfacet
  facet normal 0 0 -1
    outer loop
      vertex 21.8322 151.623 0
      vertex 40 200 0
      vertex 21.9849 151.485 0
    endloop
  endfacet
  facet normal 0 0 -1
    outer loop
      vertex 21.6667 151.746 0
      vertex 40 200 0
      vertex 21.8322 151.623 0
    endloop
  endfacet
  facet normal -0 0 -1
    outer loop
      vertex 40 200 0
      vertex 21.6667 151.746 0
      vertex 29.725 200 0
    endloop
  endfacet
  facet normal 0 0 -1
    outer loop
      vertex 21.4899 151.852 0
      vertex 29.725 200 0
      vertex 21.6667 151.746 0
    endloop
  endfacet
  facet normal 0 0 -1
    outer loop
      vertex 21.3036 151.94 0
      vertex 29.725 200 0
      vertex 21.4899 151.852 0
    endloop
  endfacet
  facet normal 0 0 -1
    outer loop
      vertex 21.1096 152.01 0
      vertex 29.725 200 0
      vertex 21.3036 151.94 0
    endloop
  endfacet
  facet normal 0 0 -1
    outer loop
      vertex 20.9097 152.06 0
      vertex 29.725 200 0
      vertex 21.1096 152.01 0
    endloop
  endfacet
  facet normal 0 0 -1
    outer loop
      vertex 20.7058 152.09 0
      vertex 29.725 200 0
      vertex 20.9097 152.06 0
    endloop
  endfacet
  facet normal 0 0 -1
    outer loop
      vertex 20.5 152.1 0
      vertex 29.725 200 0
      vertex 20.7058 152.09 0
    endloop
  endfacet
  facet normal -0 0 -1
    outer loop
      vertex 29.725 200 0
      vertex 20.5 152.1 0
      vertex 11.275 200 0
    endloop
  endfacet
  facet normal 0 0 -1
    outer loop
      vertex 11.275 200 0
      vertex 20.5 152.1 0
      vertex 20.2942 152.09 0
    endloop
  endfacet
  facet normal 0 0 -1
    outer loop
      vertex 11.275 200 0
      vertex 20.2942 152.09 0
      vertex 20.0903 152.06 0
    endloop
  endfacet
  facet normal 0 0 -1
    outer loop
      vertex 11.275 200 0
      vertex 20.0903 152.06 0
      vertex 19.8904 152.01 0
    endloop
  endfacet
  facet normal 0 0 -1
    outer loop
      vertex 11.275 200 0
      vertex 19.8904 152.01 0
      vertex 19.6964 151.94 0
    endloop
  endfacet
  facet normal 0 0 -1
    outer loop
      vertex 11.275 200 0
      vertex 19.6964 151.94 0
      vertex 19.5101 151.852 0
    endloop
  endfacet
  facet normal 0 0 -1
    outer loop
      vertex 11.275 200 0
      vertex 19.5101 151.852 0
      vertex 19.3333 151.746 0
    endloop
  endfacet
  facet normal 0 0 -1
    outer loop
      vertex 11.275 200 0
      vertex 19.3333 151.746 0
      vertex 19.1678 151.623 0
    endloop
  endfacet
  facet normal 0 0 -1
    outer loop
      vertex 11.275 200 0
      vertex 19.1678 151.623 0
      vertex 19.0151 151.485 0
    endloop
  endfacet
  facet normal 0 0 -1
    outer loop
      vertex 11.275 200 0
      vertex 19.0151 151.485 0
      vertex 18.8767 151.332 0
    endloop
  endfacet
  facet normal 0 0 -1
    outer loop
      vertex 11.275 200 0
      vertex 18.8767 151.332 0
      vertex 18.7539 151.167 0
    endloop
  endfacet
  facet normal 0 0 -1
    outer loop
      vertex 11.275 200 0
      vertex 18.7539 151.167 0
      vertex 18.648 150.99 0
    endloop
  endfacet
  facet normal 0 0 -1
    outer loop
      vertex 11.275 200 0
      vertex 18.648 150.99 0
      vertex 18.5599 150.804 0
    endloop
  endfacet
  facet normal 0 0 -1
    outer loop
      vertex 11.275 200 0
      vertex 18.5599 150.804 0
      vertex 18.4904 150.61 0
    endloop
  endfacet
  facet normal 0 0 -1
    outer loop
      vertex 11.275 200 0
      vertex 18.4904 150.61 0
      vertex 18.4404 150.41 0
    endloop
  endfacet
  facet normal 0 0 -1
    outer loop
      vertex 11.275 200 0
      vertex 18.4101 150.206 0
      vertex 18.4 150 0
    endloop
  endfacet
  facet normal 0 0 -1
    outer loop
      vertex 11.275 200 0
      vertex 18.4404 150.41 0
      vertex 18.4101 150.206 0
    endloop
  endfacet
  facet normal 0 0 -1
    outer loop
      vertex 29.725 200 0
      vertex 11.275 200 0
      vertex 29.725 202.99 0
    endloop
  endfacet
  facet normal 0 0 -1
    outer loop
      vertex 11.275 202.99 0
      vertex 29.725 202.99 0
      vertex 11.275 200 0
    endloop
  endfacet
  facet normal 0 0 -1
    outer loop
      vertex 29.725 202.99 0
      vertex 11.275 202.99 0
      vertex 32.6975 211.99 0
    endloop
  endfacet
  facet normal 0 0 -1
    outer loop
      vertex 11.275 202.99 0
      vertex 8.30249 211.99 0
      vertex 32.6975 211.99 0
    endloop
  endfacet
  facet normal 0 -0 -1
    outer loop
      vertex 8.30249 211.99 0
      vertex 11.275 202.99 0
      vertex 6.14999 206.59 0
    endloop
  endfacet
  facet normal 0.57484 -0.818266 0
    outer loop
      vertex 29.725 202.99 4
      vertex 29.725 202.99 0
      vertex 31.9755 204.571 4
    endloop
  endfacet
  facet normal 0.57573 -0.817639 -0.000929933
    outer loop
      vertex 33 205.29 24
      vertex 34 205.993 25
      vertex 33.902 205.924 24.9952
    endloop
  endfacet
  facet normal 0.573411 -0.819265 0.00220769
    outer loop
      vertex 33 205.29 24
      vertex 33.902 205.924 24.9952
      vertex 33.8049 205.856 24.9808
    endloop
  endfacet
  facet normal 0.575619 -0.817718 -0.000497458
    outer loop
      vertex 33 205.29 24
      vertex 33.8049 205.856 24.9808
      vertex 33.7097 205.789 24.9569
    endloop
  endfacet
  facet normal 0.575431 -0.817851 -0.000288146
    outer loop
      vertex 33 205.29 24
      vertex 33.7097 205.789 24.9569
      vertex 33.6173 205.724 24.9239
    endloop
  endfacet
  facet normal 0.571861 -0.820344 0.0032683
    outer loop
      vertex 33 205.29 24
      vertex 33.6173 205.724 24.9239
      vertex 33.5286 205.662 24.8819
    endloop
  endfacet
  facet normal 0.572919 -0.819609 0.00232381
    outer loop
      vertex 33 205.29 24
      vertex 33.5286 205.662 24.8819
      vertex 33.4444 205.603 24.8315
    endloop
  endfacet
  facet normal 0.581525 -0.813516 -0.00456929
    outer loop
      vertex 33 205.29 24
      vertex 33.4444 205.603 24.8315
      vertex 33.3656 205.547 24.773
    endloop
  endfacet
  facet normal 0.573699 -0.819065 0.000977141
    outer loop
      vertex 33 205.29 24
      vertex 33.3656 205.547 24.773
      vertex 33.2929 205.496 24.7071
    endloop
  endfacet
  facet normal 0.569914 -0.821698 0.00331224
    outer loop
      vertex 33 205.29 24
      vertex 33.2929 205.496 24.7071
      vertex 33.227 205.45 24.6344
    endloop
  endfacet
  facet normal 0.571886 -0.82033 0.00226153
    outer loop
      vertex 33 205.29 24
      vertex 33.227 205.45 24.6344
      vertex 33.1685 205.409 24.5556
    endloop
  endfacet
  facet normal 0.585664 -0.810544 -0.00401325
    outer loop
      vertex 33 205.29 24
      vertex 33.1685 205.409 24.5556
      vertex 33.1181 205.373 24.4714
    endloop
  endfacet
  facet normal 0.560395 -0.828208 0.00542762
    outer loop
      vertex 33 205.29 24
      vertex 33.1181 205.373 24.4714
      vertex 33.0761 205.344 24.3827
    endloop
  endfacet
  facet normal 0.562932 -0.82649 0.00468064
    outer loop
      vertex 33 205.29 24
      vertex 33.0761 205.344 24.3827
      vertex 33.0431 205.321 24.2903
    endloop
  endfacet
  facet normal 0.573338 -0.819316 0.00236976
    outer loop
      vertex 33 205.29 24
      vertex 33.0431 205.321 24.2903
      vertex 33.0192 205.304 24.1951
    endloop
  endfacet
  facet normal 0.53056 -0.847604 0.00860949
    outer loop
      vertex 33 205.29 24
      vertex 33.0192 205.304 24.1951
      vertex 33.0048 205.294 24.098
    endloop
  endfacet
  facet normal 0.574754 -0.818326 0.000529505
    outer loop
      vertex 34 205.993 25
      vertex 33 205.29 24
      vertex 34.85 206.59 25
    endloop
  endfacet
  facet normal 0.574946 -0.818192 0
    outer loop
      vertex 33 205.29 5.02452
      vertex 34.85 206.59 25
      vertex 33 205.29 24
    endloop
  endfacet
  facet normal 0.572619 -0.81982 -0.00127785
    outer loop
      vertex 34.85 206.59 0
      vertex 33 205.29 5.02452
      vertex 32.994 205.286 4.9021
    endloop
  endfacet
  facet normal 0.574899 -0.818225 -4.91545e-05
    outer loop
      vertex 29.725 202.99 0
      vertex 32.0979 204.657 4.00601
      vertex 31.9755 204.571 4
    endloop
  endfacet
  facet normal 0.574801 -0.818293 3.72662e-05
    outer loop
      vertex 34.85 206.59 0
      vertex 32.0979 204.657 4.00601
      vertex 29.725 202.99 0
    endloop
  endfacet
  facet normal 0.574097 -0.818787 -0.000684959
    outer loop
      vertex 32.0979 204.657 4.00601
      vertex 34.85 206.59 0
      vertex 32.1949 204.725 4.0204
    endloop
  endfacet
  facet normal 0.576472 -0.817115 0.00165958
    outer loop
      vertex 32.1949 204.725 4.0204
      vertex 34.85 206.59 0
      vertex 32.2898 204.792 4.04419
    endloop
  endfacet
  facet normal 0.574904 -0.818221 0.00017479
    outer loop
      vertex 32.2898 204.792 4.04419
      vertex 34.85 206.59 0
      vertex 32.3823 204.857 4.07726
    endloop
  endfacet
  facet normal 0.573982 -0.818868 -0.00065829
    outer loop
      vertex 32.3823 204.857 4.07726
      vertex 34.85 206.59 0
      vertex 32.4708 204.919 4.11911
    endloop
  endfacet
  facet normal 0.574423 -0.818559 -0.000277797
    outer loop
      vertex 32.4708 204.919 4.11911
      vertex 34.85 206.59 0
      vertex 32.5549 204.978 4.16956
    endloop
  endfacet
  facet normal 0.573045 -0.819522 -0.00140865
    outer loop
      vertex 32.5549 204.978 4.16956
      vertex 34.85 206.59 0
      vertex 32.6337 205.033 4.22795
    endloop
  endfacet
  facet normal 0.574831 -0.818272 -1.24698e-05
    outer loop
      vertex 32.6337 205.033 4.22795
      vertex 34.85 206.59 0
      vertex 32.7063 205.084 4.29375
    endloop
  endfacet
  facet normal 0.574009 -0.818849 -0.000624862
    outer loop
      vertex 32.7063 205.084 4.29375
      vertex 34.85 206.59 0
      vertex 32.772 205.13 4.36633
    endloop
  endfacet
  facet normal 0.574946 -0.818192 0
    outer loop
      vertex 33 205.29 5.02452
      vertex 34.85 206.59 0
      vertex 34.85 206.59 25
    endloop
  endfacet
  facet normal 0.573623 -0.819119 -0.000711244
    outer loop
      vertex 32.9796 205.276 4.80511
      vertex 34.85 206.59 0
      vertex 32.994 205.286 4.9021
    endloop
  endfacet
  facet normal 0.577363 -0.816486 0.0014644
    outer loop
      vertex 32.9558 205.259 4.71017
      vertex 34.85 206.59 0
      vertex 32.9796 205.276 4.80511
    endloop
  endfacet
  facet normal 0.572909 -0.819618 -0.001212
    outer loop
      vertex 32.9227 205.236 4.61772
      vertex 34.85 206.59 0
      vertex 32.9558 205.259 4.71017
    endloop
  endfacet
  facet normal 0.572298 -0.820044 -0.00159137
    outer loop
      vertex 32.8809 205.207 4.52924
      vertex 34.85 206.59 0
      vertex 32.9227 205.236 4.61772
    endloop
  endfacet
  facet normal 0.57808 -0.815977 0.00216403
    outer loop
      vertex 32.8304 205.171 4.44508
      vertex 34.85 206.59 0
      vertex 32.8809 205.207 4.52924
    endloop
  endfacet
  facet normal 0.574707 -0.818359 -0.000129018
    outer loop
      vertex 32.772 205.13 4.36633
      vertex 34.85 206.59 0
      vertex 32.8304 205.171 4.44508
    endloop
  endfacet
  facet normal 0.928477 0.371391 -6.70167e-14
    outer loop
      vertex 33.0192 211.183 24.1951
      vertex 33 211.231 24
      vertex 33.0048 211.219 24.098
    endloop
  endfacet
  facet normal 0.928477 0.371391 0
    outer loop
      vertex 32.7063 211.968 4.29375
      vertex 32.6975 211.99 0
      vertex 32.6975 211.99 4.28581
    endloop
  endfacet
  facet normal 0.929059 0.369931 -8.67454e-06
    outer loop
      vertex 32.772 211.803 4.36633
      vertex 32.6975 211.99 0
      vertex 32.7063 211.968 4.29375
    endloop
  endfacet
  facet normal 0.929355 0.369189 -4.54953e-05
    outer loop
      vertex 32.8304 211.656 4.44508
      vertex 32.6975 211.99 0
      vertex 32.772 211.803 4.36633
    endloop
  endfacet
  facet normal 0.928173 0.372148 0.000212166
    outer loop
      vertex 32.8809 211.53 4.52924
      vertex 32.6975 211.99 0
      vertex 32.8304 211.656 4.44508
    endloop
  endfacet
  facet normal 0.929104 0.36982 -6.19588e-05
    outer loop
      vertex 32.9227 211.425 4.61772
      vertex 32.6975 211.99 0
      vertex 32.8809 211.53 4.52924
    endloop
  endfacet
  facet normal 0.928893 0.370348 -8.12241e-05
    outer loop
      vertex 34.85 206.59 0
      vertex 32.9227 211.425 4.61772
      vertex 32.9558 211.342 4.71017
    endloop
  endfacet
  facet normal 0.92916 0.369678 0.000702032
    outer loop
      vertex 34.85 206.59 0
      vertex 32.9558 211.342 4.71017
      vertex 32.9796 211.282 4.80511
    endloop
  endfacet
  facet normal 0.928793 0.370599 -0.000340721
    outer loop
      vertex 34.85 206.59 0
      vertex 32.9796 211.282 4.80511
      vertex 32.994 211.246 4.9021
    endloop
  endfacet
  facet normal 0.92935 0.369199 -0.000625088
    outer loop
      vertex 33 211.231 24
      vertex 33.0192 211.183 24.1951
      vertex 33.0431 211.123 24.2903
    endloop
  endfacet
  facet normal 0.929581 0.368617 -0.000875863
    outer loop
      vertex 33 211.231 24
      vertex 33.0431 211.123 24.2903
      vertex 33.0761 211.04 24.3827
    endloop
  endfacet
  facet normal 0.928109 0.372306 0.00125788
    outer loop
      vertex 33 211.231 24
      vertex 33.0761 211.04 24.3827
      vertex 33.1181 210.935 24.4714
    endloop
  endfacet
  facet normal 0.929966 0.36764 -0.00213699
    outer loop
      vertex 33 211.231 24
      vertex 33.1181 210.935 24.4714
      vertex 33.1685 210.808 24.5556
    endloop
  endfacet
  facet normal 0.92773 0.373242 0.00280541
    outer loop
      vertex 33 211.231 24
      vertex 33.1685 210.808 24.5556
      vertex 33.227 210.662 24.6344
    endloop
  endfacet
  facet normal 0.929839 0.367957 -0.00268871
    outer loop
      vertex 33 211.231 24
      vertex 33.227 210.662 24.6344
      vertex 33.2929 210.496 24.7071
    endloop
  endfacet
  facet normal 0.928469 0.371408 0.00146578
    outer loop
      vertex 33 211.231 24
      vertex 33.2929 210.496 24.7071
      vertex 33.3656 210.314 24.773
    endloop
  endfacet
  facet normal 0.929244 0.369464 -0.00120772
    outer loop
      vertex 33 211.231 24
      vertex 33.3656 210.314 24.773
      vertex 33.4444 210.116 24.8315
    endloop
  endfacet
  facet normal 0.928706 0.370815 0.000892489
    outer loop
      vertex 33 211.231 24
      vertex 33.4444 210.116 24.8315
      vertex 33.5286 209.905 24.8819
    endloop
  endfacet
  facet normal 0.929303 0.369313 -0.0017245
    outer loop
      vertex 33 211.231 24
      vertex 33.5286 209.905 24.8819
      vertex 33.6173 209.682 24.9239
    endloop
  endfacet
  facet normal 0.928323 0.371763 0.00303885
    outer loop
      vertex 33 211.231 24
      vertex 33.6173 209.682 24.9239
      vertex 33.7097 209.451 24.9569
    endloop
  endfacet
  facet normal 0.929039 0.36998 -0.000809978
    outer loop
      vertex 33 211.231 24
      vertex 33.7097 209.451 24.9569
      vertex 33.8049 209.212 24.9808
    endloop
  endfacet
  facet normal 0.929162 0.369669 -0.00154992
    outer loop
      vertex 33 211.231 24
      vertex 33.8049 209.212 24.9808
      vertex 33.902 208.968 24.9952
    endloop
  endfacet
  facet normal 0.929 0.37008 -0.000468556
    outer loop
      vertex 33 211.231 24
      vertex 33.902 208.968 24.9952
      vertex 34 208.722 25
    endloop
  endfacet
  facet normal 0.928897 0.370339 0.0002832
    outer loop
      vertex 33 211.231 24
      vertex 34 208.722 25
      vertex 34.85 206.59 25
    endloop
  endfacet
  facet normal 0.928918 0.370286 0
    outer loop
      vertex 33 211.231 24
      vertex 34.85 206.59 25
      vertex 33 211.231 5.02452
    endloop
  endfacet
  facet normal 0.928918 0.370286 -0
    outer loop
      vertex 34.85 206.59 0
      vertex 33 211.231 5.02452
      vertex 34.85 206.59 25
    endloop
  endfacet
  facet normal 0.928866 0.370416 -0.000138568
    outer loop
      vertex 33 211.231 5.02452
      vertex 34.85 206.59 0
      vertex 32.994 211.246 4.9021
    endloop
  endfacet
  facet normal 0.928921 0.370278 3.07335e-06
    outer loop
      vertex 32.9227 211.425 4.61772
      vertex 34.85 206.59 0
      vertex 32.6975 211.99 0
    endloop
  endfacet
  facet normal 0 1 0
    outer loop
      vertex 31.9755 211.99 4
      vertex 32.6975 211.99 0
      vertex 9.02452 211.99 4
    endloop
  endfacet
  facet normal 0 1 0
    outer loop
      vertex 32.0979 211.99 4.00601
      vertex 32.6975 211.99 0
      vertex 31.9755 211.99 4
    endloop
  endfacet
  facet normal 0 1 0
    outer loop
      vertex 32.1949 211.99 4.0204
      vertex 32.6975 211.99 0
      vertex 32.0979 211.99 4.00601
    endloop
  endfacet
  facet normal 0 1 0
    outer loop
      vertex 32.2898 211.99 4.04419
      vertex 32.6975 211.99 0
      vertex 32.1949 211.99 4.0204
    endloop
  endfacet
  facet normal 0 1 0
    outer loop
      vertex 32.3823 211.99 4.07726
      vertex 32.6975 211.99 0
      vertex 32.2898 211.99 4.04419
    endloop
  endfacet
  facet normal 0 1 0
    outer loop
      vertex 32.4708 211.99 4.11911
      vertex 32.6975 211.99 0
      vertex 32.3823 211.99 4.07726
    endloop
  endfacet
  facet normal 0 1 0
    outer loop
      vertex 32.5549 211.99 4.16956
      vertex 32.6975 211.99 0
      vertex 32.4708 211.99 4.11911
    endloop
  endfacet
  facet normal 0 1 0
    outer loop
      vertex 32.6337 211.99 4.22795
      vertex 32.6975 211.99 0
      vertex 32.5549 211.99 4.16956
    endloop
  endfacet
  facet normal 0 1 -0
    outer loop
      vertex 32.6975 211.99 0
      vertex 32.6337 211.99 4.22795
      vertex 32.6975 211.99 4.28581
    endloop
  endfacet
  facet normal 0 1 0
    outer loop
      vertex 8.30249 211.99 0
      vertex 9.02452 211.99 4
      vertex 32.6975 211.99 0
    endloop
  endfacet
  facet normal 0 1 0
    outer loop
      vertex 9.02452 211.99 4
      vertex 8.30249 211.99 0
      vertex 8.9021 211.99 4.00601
    endloop
  endfacet
  facet normal 0 1 0
    outer loop
      vertex 8.36633 211.99 4.22795
      vertex 8.30249 211.99 0
      vertex 8.30249 211.99 4.28582
    endloop
  endfacet
  facet normal 0 1 0
    outer loop
      vertex 8.44508 211.99 4.16956
      vertex 8.30249 211.99 0
      vertex 8.36633 211.99 4.22795
    endloop
  endfacet
  facet normal 0 1 0
    outer loop
      vertex 8.52924 211.99 4.11911
      vertex 8.30249 211.99 0
      vertex 8.44508 211.99 4.16956
    endloop
  endfacet
  facet normal 0 1 0
    outer loop
      vertex 8.61772 211.99 4.07726
      vertex 8.30249 211.99 0
      vertex 8.52924 211.99 4.11911
    endloop
  endfacet
  facet normal 0 1 0
    outer loop
      vertex 8.71017 211.99 4.04419
      vertex 8.30249 211.99 0
      vertex 8.61772 211.99 4.07726
    endloop
  endfacet
  facet normal 0 1 0
    outer loop
      vertex 8.80511 211.99 4.0204
      vertex 8.30249 211.99 0
      vertex 8.71017 211.99 4.04419
    endloop
  endfacet
  facet normal 0 1 0
    outer loop
      vertex 8.9021 211.99 4.00601
      vertex 8.30249 211.99 0
      vertex 8.80511 211.99 4.0204
    endloop
  endfacet
  facet normal -0.929348 0.369205 0
    outer loop
      vertex 8.30249 211.99 0
      vertex 8.29375 211.968 4.29375
      vertex 8.30249 211.99 4.28582
    endloop
  endfacet
  facet normal -0.928863 0.370423 7.22726e-06
    outer loop
      vertex 8.30249 211.99 0
      vertex 8.22795 211.803 4.36633
      vertex 8.29375 211.968 4.29375
    endloop
  endfacet
  facet normal -0.929378 0.369129 -5.69817e-05
    outer loop
      vertex 8.30249 211.99 0
      vertex 8.16956 211.656 4.44508
      vertex 8.22795 211.803 4.36633
    endloop
  endfacet
  facet normal -0.928309 0.37181 0.000176458
    outer loop
      vertex 8.30249 211.99 0
      vertex 8.11911 211.53 4.52924
      vertex 8.16956 211.656 4.44508
    endloop
  endfacet
  facet normal -0.928936 0.37024 -8.33089e-06
    outer loop
      vertex 8.30249 211.99 0
      vertex 8.07726 211.425 4.61772
      vertex 8.11911 211.53 4.52924
    endloop
  endfacet
  facet normal -0.928921 0.370278 -2.96159e-06
    outer loop
      vertex 6.14999 206.59 0
      vertex 8.07726 211.425 4.61772
      vertex 8.30249 211.99 0
    endloop
  endfacet
  facet normal -0.928948 0.370211 7.82751e-05
    outer loop
      vertex 8.07726 211.425 4.61772
      vertex 6.14999 206.59 0
      vertex 8.04419 211.342 4.71017
    endloop
  endfacet
  facet normal -0.92918 0.369626 0.000762222
    outer loop
      vertex 8.04419 211.342 4.71017
      vertex 6.14999 206.59 0
      vertex 8.0204 211.282 4.80511
    endloop
  endfacet
  facet normal -0.928917 0.370288 0
    outer loop
      vertex 6.14999 206.59 25
      vertex 8 211.231 24
      vertex 8 211.231 5.02452
    endloop
  endfacet
  facet normal -0.928895 0.370343 0.000294131
    outer loop
      vertex 7 208.722 25
      vertex 8 211.231 24
      vertex 6.14999 206.59 25
    endloop
  endfacet
  facet normal -0.928972 0.370149 -0.000269293
    outer loop
      vertex 7.09802 208.968 24.9952
      vertex 8 211.231 24
      vertex 7 208.722 25
    endloop
  endfacet
  facet normal -0.929221 0.369518 -0.00192853
    outer loop
      vertex 7.19508 209.212 24.9808
      vertex 8 211.231 24
      vertex 7.09802 208.968 24.9952
    endloop
  endfacet
  facet normal -0.92904 0.369978 -0.000833834
    outer loop
      vertex 7.29028 209.451 24.9569
      vertex 8 211.231 24
      vertex 7.19508 209.212 24.9808
    endloop
  endfacet
  facet normal -0.928305 0.371807 0.00311418
    outer loop
      vertex 7.38269 209.682 24.9239
      vertex 8 211.231 24
      vertex 7.29028 209.451 24.9569
    endloop
  endfacet
  facet normal -0.928755 0.370694 0.000669558
    outer loop
      vertex 7.55557 210.116 24.8315
      vertex 8 211.231 24
      vertex 7.47139 209.905 24.8819
    endloop
  endfacet
  facet normal -0.92917 0.369651 -0.000950486
    outer loop
      vertex 7.6344 210.314 24.773
      vertex 8 211.231 24
      vertex 7.55557 210.116 24.8315
    endloop
  endfacet
  facet normal -0.929835 0.367966 -0.00266456
    outer loop
      vertex 7.77301 210.662 24.6344
      vertex 8 211.231 24
      vertex 7.70711 210.496 24.7071
    endloop
  endfacet
  facet normal -0.927896 0.372831 0.00239231
    outer loop
      vertex 7.83147 210.808 24.5556
      vertex 8 211.231 24
      vertex 7.77301 210.662 24.6344
    endloop
  endfacet
  facet normal -0.928463 0.371425 0.000674721
    outer loop
      vertex 7.92387 211.04 24.3827
      vertex 8 211.231 24
      vertex 7.88193 210.935 24.4714
    endloop
  endfacet
  facet normal -0.929828 0.367994 -0.00101629
    outer loop
      vertex 7.98079 211.183 24.1951
      vertex 8 211.231 24
      vertex 7.95694 211.123 24.2903
    endloop
  endfacet
  facet normal -0.928872 0.3704 -0.000330224
    outer loop
      vertex 8 211.231 24
      vertex 7.98079 211.183 24.1951
      vertex 7.99518 211.219 24.098
    endloop
  endfacet
  facet normal -0.929039 0.369983 -0.000159275
    outer loop
      vertex 7.95694 211.123 24.2903
      vertex 8 211.231 24
      vertex 7.92387 211.04 24.3827
    endloop
  endfacet
  facet normal -0.929686 0.36835 -0.00156249
    outer loop
      vertex 7.88193 210.935 24.4714
      vertex 8 211.231 24
      vertex 7.83147 210.808 24.5556
    endloop
  endfacet
  facet normal -0.928438 0.371485 0.00157181
    outer loop
      vertex 7.70711 210.496 24.7071
      vertex 8 211.231 24
      vertex 7.6344 210.314 24.773
    endloop
  endfacet
  facet normal -0.928841 0.37048 -0.000205335
    outer loop
      vertex 6.14999 206.59 0
      vertex 8 211.231 5.02452
      vertex 8.00601 211.246 4.9021
    endloop
  endfacet
  facet normal -0.928817 0.370539 -0.00027081
    outer loop
      vertex 8.0204 211.282 4.80511
      vertex 6.14999 206.59 0
      vertex 8.00601 211.246 4.9021
    endloop
  endfacet
  facet normal -0.928917 0.370288 0
    outer loop
      vertex 8 211.231 5.02452
      vertex 6.14999 206.59 0
      vertex 6.14999 206.59 25
    endloop
  endfacet
  facet normal -0.929304 0.369311 -0.0017392
    outer loop
      vertex 7.47139 209.905 24.8819
      vertex 8 211.231 24
      vertex 7.38269 209.682 24.9239
    endloop
  endfacet
  facet normal -0.574749 -0.818329 0.000536269
    outer loop
      vertex 8 205.29 24
      vertex 7 205.993 25
      vertex 6.14999 206.59 25
    endloop
  endfacet
  facet normal -0.575648 -0.817697 -0.00080647
    outer loop
      vertex 7 205.993 25
      vertex 8 205.29 24
      vertex 7.09802 205.924 24.9952
    endloop
  endfacet
  facet normal -0.573593 -0.819138 0.00197325
    outer loop
      vertex 7.09802 205.924 24.9952
      vertex 8 205.29 24
      vertex 7.19508 205.856 24.9808
    endloop
  endfacet
  facet normal -0.575622 -0.817716 -0.00051224
    outer loop
      vertex 7.19508 205.856 24.9808
      vertex 8 205.29 24
      vertex 7.29028 205.789 24.9569
    endloop
  endfacet
  facet normal -0.575378 -0.817888 -0.000241694
    outer loop
      vertex 7.29028 205.789 24.9569
      vertex 8 205.29 24
      vertex 7.38269 205.724 24.9239
    endloop
  endfacet
  facet normal -0.571864 -0.820342 0.00325923
    outer loop
      vertex 7.38269 205.724 24.9239
      vertex 8 205.29 24
      vertex 7.47139 205.662 24.8819
    endloop
  endfacet
  facet normal -0.573066 -0.819506 0.00218615
    outer loop
      vertex 7.47139 205.662 24.8819
      vertex 8 205.29 24
      vertex 7.55557 205.603 24.8315
    endloop
  endfacet
  facet normal -0.5813 -0.813678 -0.0044089
    outer loop
      vertex 7.55557 205.603 24.8315
      vertex 8 205.29 24
      vertex 7.6344 205.547 24.773
    endloop
  endfacet
  facet normal -0.573607 -0.81913 0.00104254
    outer loop
      vertex 7.6344 205.547 24.773
      vertex 8 205.29 24
      vertex 7.70711 205.496 24.7071
    endloop
  endfacet
  facet normal -0.569903 -0.821706 0.00332712
    outer loop
      vertex 7.70711 205.496 24.7071
      vertex 8 205.29 24
      vertex 7.77301 205.45 24.6344
    endloop
  endfacet
  facet normal -0.572379 -0.819987 0.00200766
    outer loop
      vertex 7.77301 205.45 24.6344
      vertex 8 205.29 24
      vertex 7.83147 205.409 24.5556
    endloop
  endfacet
  facet normal -0.584808 -0.811164 -0.00365234
    outer loop
      vertex 7.83147 205.409 24.5556
      vertex 8 205.29 24
      vertex 7.88193 205.373 24.4714
    endloop
  endfacet
  facet normal -0.561454 -0.827492 0.00507209
    outer loop
      vertex 7.88193 205.373 24.4714
      vertex 8 205.29 24
      vertex 7.92387 205.344 24.3827
    endloop
  endfacet
  facet normal -0.561285 -0.827607 0.00512186
    outer loop
      vertex 7.92387 205.344 24.3827
      vertex 8 205.29 24
      vertex 7.95694 205.321 24.2903
    endloop
  endfacet
  facet normal -0.574794 -0.818295 0.00212372
    outer loop
      vertex 7.95694 205.321 24.2903
      vertex 8 205.29 24
      vertex 7.98079 205.304 24.1951
    endloop
  endfacet
  facet normal -0.531741 -0.846865 0.00841294
    outer loop
      vertex 7.98079 205.304 24.1951
      vertex 8 205.29 24
      vertex 7.99518 205.294 24.098
    endloop
  endfacet
  facet normal -0.574943 -0.818193 0
    outer loop
      vertex 6.14999 206.59 25
      vertex 8 205.29 5.02452
      vertex 8 205.29 24
    endloop
  endfacet
  facet normal -0.574943 -0.818193 0
    outer loop
      vertex 6.14999 206.59 0
      vertex 8 205.29 5.02452
      vertex 6.14999 206.59 25
    endloop
  endfacet
  facet normal -0.572542 -0.819874 -0.00131908
    outer loop
      vertex 8 205.29 5.02452
      vertex 6.14999 206.59 0
      vertex 8.00601 205.286 4.9021
    endloop
  endfacet
  facet normal -0.573696 -0.819068 -0.000668052
    outer loop
      vertex 6.14999 206.59 0
      vertex 8.0204 205.276 4.80511
      vertex 8.00601 205.286 4.9021
    endloop
  endfacet
  facet normal -0.577425 -0.816442 0.00150178
    outer loop
      vertex 6.14999 206.59 0
      vertex 8.04419 205.259 4.71017
      vertex 8.0204 205.276 4.80511
    endloop
  endfacet
  facet normal -0.573073 -0.819504 -0.00111345
    outer loop
      vertex 6.14999 206.59 0
      vertex 8.07726 205.236 4.61772
      vertex 8.04419 205.259 4.71017
    endloop
  endfacet
  facet normal -0.572057 -0.820212 -0.00174531
    outer loop
      vertex 6.14999 206.59 0
      vertex 8.11911 205.207 4.52924
      vertex 8.07726 205.236 4.61772
    endloop
  endfacet
  facet normal -0.578299 -0.815821 0.00230944
    outer loop
      vertex 6.14999 206.59 0
      vertex 8.16956 205.171 4.44508
      vertex 8.11911 205.207 4.52924
    endloop
  endfacet
  facet normal -0.57475 -0.818329 -0.000103692
    outer loop
      vertex 6.14999 206.59 0
      vertex 8.22795 205.13 4.36633
      vertex 8.16956 205.171 4.44508
    endloop
  endfacet
  facet normal -0.573628 -0.819116 -0.000900849
    outer loop
      vertex 6.14999 206.59 0
      vertex 8.29375 205.084 4.29375
      vertex 8.22795 205.13 4.36633
    endloop
  endfacet
  facet normal -0.5749 -0.818223 4.74993e-05
    outer loop
      vertex 6.14999 206.59 0
      vertex 8.36633 205.033 4.22795
      vertex 8.29375 205.084 4.29375
    endloop
  endfacet
  facet normal -0.57322 -0.819401 -0.00126721
    outer loop
      vertex 6.14999 206.59 0
      vertex 8.44508 204.978 4.16956
      vertex 8.36633 205.033 4.22795
    endloop
  endfacet
  facet normal -0.574217 -0.818703 -0.000448403
    outer loop
      vertex 6.14999 206.59 0
      vertex 8.52924 204.919 4.11911
      vertex 8.44508 204.978 4.16956
    endloop
  endfacet
  facet normal -0.574048 -0.818821 -0.000593924
    outer loop
      vertex 6.14999 206.59 0
      vertex 8.61772 204.857 4.07726
      vertex 8.52924 204.919 4.11911
    endloop
  endfacet
  facet normal -0.575074 -0.818101 0.000332914
    outer loop
      vertex 6.14999 206.59 0
      vertex 8.71017 204.792 4.04419
      vertex 8.61772 204.857 4.07726
    endloop
  endfacet
  facet normal -0.576333 -0.817214 0.0015246
    outer loop
      vertex 6.14999 206.59 0
      vertex 8.80511 204.725 4.0204
      vertex 8.71017 204.792 4.04419
    endloop
  endfacet
  facet normal -0.574133 -0.818762 -0.000646736
    outer loop
      vertex 6.14999 206.59 0
      vertex 8.9021 204.657 4.00601
      vertex 8.80511 204.725 4.0204
    endloop
  endfacet
  facet normal -0.5748 -0.818294 3.79305e-05
    outer loop
      vertex 11.275 202.99 0
      vertex 8.9021 204.657 4.00601
      vertex 6.14999 206.59 0
    endloop
  endfacet
  facet normal -0.574834 -0.81827 8.14567e-06
    outer loop
      vertex 8.9021 204.657 4.00601
      vertex 11.275 202.99 0
      vertex 9.02452 204.571 4
    endloop
  endfacet
  facet normal -0.574844 -0.818263 0
    outer loop
      vertex 9.02452 204.571 4
      vertex 11.275 202.99 0
      vertex 11.275 202.99 4
    endloop
  endfacet
  facet normal -1 0 0
    outer loop
      vertex 11.275 200 0
      vertex 11.275 202.99 4
      vertex 11.275 202.99 0
    endloop
  endfacet
  facet normal -1 -0 0
    outer loop
      vertex 11.275 202.99 4
      vertex 11.275 200 0
      vertex 11.275 200 4
    endloop
  endfacet
  facet normal 1 -0 0
    outer loop
      vertex 29.725 200 4
      vertex 29.725 202.99 0
      vertex 29.725 202.99 4
    endloop
  endfacet
  facet normal 1 0 0
    outer loop
      vertex 29.725 202.99 0
      vertex 29.725 200 4
      vertex 29.725 200 0
    endloop
  endfacet
  facet normal 0 1 0
    outer loop
      vertex 41 200 24
      vertex 40 200 25
      vertex 40.098 200 24.9952
    endloop
  endfacet
  facet normal 0 1 0
    outer loop
      vertex 40 200 25
      vertex 41 200 24
      vertex 34 200 25
    endloop
  endfacet
  facet normal 0 1 0
    outer loop
      vertex 41 200 24
      vertex 40.098 200 24.9952
      vertex 40.1951 200 24.9808
    endloop
  endfacet
  facet normal 0 1 0
    outer loop
      vertex 33 200 24
      vertex 34 200 25
      vertex 41 200 24
    endloop
  endfacet
  facet normal 0 1 0
    outer loop
      vertex 41 200 24
      vertex 40.1951 200 24.9808
      vertex 40.2903 200 24.9569
    endloop
  endfacet
  facet normal 0 1 0
    outer loop
      vertex 34 200 25
      vertex 33 200 24
      vertex 33.902 200 24.9952
    endloop
  endfacet
  facet normal 0 1 0
    outer loop
      vertex 41 200 24
      vertex 40.2903 200 24.9569
      vertex 40.3827 200 24.9239
    endloop
  endfacet
  facet normal 0 1 0
    outer loop
      vertex 33.902 200 24.9952
      vertex 33 200 24
      vertex 33.8049 200 24.9808
    endloop
  endfacet
  facet normal 0 1 0
    outer loop
      vertex 41 200 24
      vertex 40.3827 200 24.9239
      vertex 40.4714 200 24.8819
    endloop
  endfacet
  facet normal 0 1 0
    outer loop
      vertex 33.8049 200 24.9808
      vertex 33 200 24
      vertex 33.7097 200 24.9569
    endloop
  endfacet
  facet normal 0 1 0
    outer loop
      vertex 41 200 24
      vertex 40.4714 200 24.8819
      vertex 40.5556 200 24.8315
    endloop
  endfacet
  facet normal 0 1 0
    outer loop
      vertex 33.7097 200 24.9569
      vertex 33 200 24
      vertex 33.6173 200 24.9239
    endloop
  endfacet
  facet normal 0 1 0
    outer loop
      vertex 41 200 24
      vertex 40.5556 200 24.8315
      vertex 40.6344 200 24.773
    endloop
  endfacet
  facet normal 0 1 0
    outer loop
      vertex 33.6173 200 24.9239
      vertex 33 200 24
      vertex 33.5286 200 24.8819
    endloop
  endfacet
  facet normal 0 1 0
    outer loop
      vertex 41 200 24
      vertex 40.6344 200 24.773
      vertex 40.7071 200 24.7071
    endloop
  endfacet
  facet normal 0 1 0
    outer loop
      vertex 33.5286 200 24.8819
      vertex 33 200 24
      vertex 33.4444 200 24.8315
    endloop
  endfacet
  facet normal 0 1 0
    outer loop
      vertex 41 200 24
      vertex 40.7071 200 24.7071
      vertex 40.773 200 24.6344
    endloop
  endfacet
  facet normal 0 1 0
    outer loop
      vertex 33.4444 200 24.8315
      vertex 33 200 24
      vertex 33.3656 200 24.773
    endloop
  endfacet
  facet normal 0 1 0
    outer loop
      vertex 41 200 24
      vertex 40.773 200 24.6344
      vertex 40.8315 200 24.5556
    endloop
  endfacet
  facet normal 0 1 0
    outer loop
      vertex 33.3656 200 24.773
      vertex 33 200 24
      vertex 33.2929 200 24.7071
    endloop
  endfacet
  facet normal 0 1 0
    outer loop
      vertex 41 200 24
      vertex 40.8315 200 24.5556
      vertex 40.8819 200 24.4714
    endloop
  endfacet
  facet normal 0 1 0
    outer loop
      vertex 33.2929 200 24.7071
      vertex 33 200 24
      vertex 33.227 200 24.6344
    endloop
  endfacet
  facet normal 0 1 0
    outer loop
      vertex 41 200 24
      vertex 40.8819 200 24.4714
      vertex 40.9239 200 24.3827
    endloop
  endfacet
  facet normal 0 1 0
    outer loop
      vertex 33.227 200 24.6344
      vertex 33 200 24
      vertex 33.1685 200 24.5556
    endloop
  endfacet
  facet normal 0 1 0
    outer loop
      vertex 41 200 24
      vertex 40.9239 200 24.3827
      vertex 40.9569 200 24.2903
    endloop
  endfacet
  facet normal 0 1 0
    outer loop
      vertex 33.1685 200 24.5556
      vertex 33 200 24
      vertex 33.1181 200 24.4714
    endloop
  endfacet
  facet normal 0 1 0
    outer loop
      vertex 41 200 24
      vertex 40.9569 200 24.2903
      vertex 40.9808 200 24.1951
    endloop
  endfacet
  facet normal 0 1 0
    outer loop
      vertex 33.1181 200 24.4714
      vertex 33 200 24
      vertex 33.0761 200 24.3827
    endloop
  endfacet
  facet normal 0 1 0
    outer loop
      vertex 41 200 24
      vertex 40.9808 200 24.1951
      vertex 40.9952 200 24.098
    endloop
  endfacet
  facet normal 0 1 0
    outer loop
      vertex 33.0761 200 24.3827
      vertex 33 200 24
      vertex 33.0431 200 24.2903
    endloop
  endfacet
  facet normal 0 1 0
    outer loop
      vertex 33.0431 200 24.2903
      vertex 33 200 24
      vertex 33.0192 200 24.1951
    endloop
  endfacet
  facet normal 0 1 0
    outer loop
      vertex 33.0192 200 24.1951
      vertex 33 200 24
      vertex 33.0048 200 24.098
    endloop
  endfacet
  facet normal 0 1 0
    outer loop
      vertex 41 200 24
      vertex 33 200 5.02452
      vertex 33 200 24
    endloop
  endfacet
  facet normal 0 1 -0
    outer loop
      vertex 41 200 1
      vertex 33 200 5.02452
      vertex 41 200 24
    endloop
  endfacet
  facet normal 0 1 0
    outer loop
      vertex 33 200 5.02452
      vertex 41 200 1
      vertex 32.994 200 4.9021
    endloop
  endfacet
  facet normal 0 1 0
    outer loop
      vertex 32.994 200 4.9021
      vertex 41 200 1
      vertex 32.9796 200 4.80511
    endloop
  endfacet
  facet normal 0 1 0
    outer loop
      vertex 32.9796 200 4.80511
      vertex 41 200 1
      vertex 32.9558 200 4.71017
    endloop
  endfacet
  facet normal 0 1 -0
    outer loop
      vertex 40 200 0
      vertex 32.9558 200 4.71017
      vertex 41 200 1
    endloop
  endfacet
  facet normal 0 1 0
    outer loop
      vertex 32.9558 200 4.71017
      vertex 40 200 0
      vertex 32.9227 200 4.61772
    endloop
  endfacet
  facet normal 0 1 0
    outer loop
      vertex 32.9227 200 4.61772
      vertex 40 200 0
      vertex 32.8809 200 4.52924
    endloop
  endfacet
  facet normal 0 1 0
    outer loop
      vertex 32.8809 200 4.52924
      vertex 40 200 0
      vertex 32.8304 200 4.44508
    endloop
  endfacet
  facet normal 0 1 0
    outer loop
      vertex 32.8304 200 4.44508
      vertex 40 200 0
      vertex 32.772 200 4.36633
    endloop
  endfacet
  facet normal 0 1 0
    outer loop
      vertex 32.772 200 4.36633
      vertex 40 200 0
      vertex 32.7063 200 4.29375
    endloop
  endfacet
  facet normal 0 1 0
    outer loop
      vertex 32.7063 200 4.29375
      vertex 40 200 0
      vertex 32.6337 200 4.22795
    endloop
  endfacet
  facet normal 0 1 0
    outer loop
      vertex 32.6337 200 4.22795
      vertex 40 200 0
      vertex 32.5549 200 4.16956
    endloop
  endfacet
  facet normal 0 1 0
    outer loop
      vertex 32.5549 200 4.16956
      vertex 40 200 0
      vertex 32.4708 200 4.11911
    endloop
  endfacet
  facet normal 0 1 0
    outer loop
      vertex 29.725 200 0
      vertex 32.4708 200 4.11911
      vertex 40 200 0
    endloop
  endfacet
  facet normal 0 1 0
    outer loop
      vertex 32.4708 200 4.11911
      vertex 29.725 200 0
      vertex 32.3823 200 4.07726
    endloop
  endfacet
  facet normal 0 1 0
    outer loop
      vertex 32.3823 200 4.07726
      vertex 29.725 200 0
      vertex 32.2898 200 4.04419
    endloop
  endfacet
  facet normal 0 1 0
    outer loop
      vertex 32.2898 200 4.04419
      vertex 29.725 200 0
      vertex 32.1949 200 4.0204
    endloop
  endfacet
  facet normal 0 1 0
    outer loop
      vertex 32.1949 200 4.0204
      vertex 29.725 200 0
      vertex 32.0979 200 4.00601
    endloop
  endfacet
  facet normal 0 1 0
    outer loop
      vertex 40 200 0
      vertex 41 200 1
      vertex 40.9952 200 0.901978
    endloop
  endfacet
  facet normal 0 1 0
    outer loop
      vertex 40 200 0
      vertex 40.9952 200 0.901978
      vertex 40.9808 200 0.804916
    endloop
  endfacet
  facet normal 0 1 0
    outer loop
      vertex 40 200 0
      vertex 40.9808 200 0.804916
      vertex 40.9569 200 0.709717
    endloop
  endfacet
  facet normal 0 1 0
    outer loop
      vertex 40 200 0
      vertex 40.9569 200 0.709717
      vertex 40.9239 200 0.61731
    endloop
  endfacet
  facet normal 0 1 0
    outer loop
      vertex 40 200 0
      vertex 40.9239 200 0.61731
      vertex 40.8819 200 0.52861
    endloop
  endfacet
  facet normal 0 1 0
    outer loop
      vertex 40 200 0
      vertex 40.8819 200 0.52861
      vertex 40.8315 200 0.444427
    endloop
  endfacet
  facet normal 0 1 0
    outer loop
      vertex 40 200 0
      vertex 40.8315 200 0.444427
      vertex 40.773 200 0.365601
    endloop
  endfacet
  facet normal 0 1 0
    outer loop
      vertex 40 200 0
      vertex 40.773 200 0.365601
      vertex 40.7071 200 0.292892
    endloop
  endfacet
  facet normal 0 1 0
    outer loop
      vertex 40 200 0
      vertex 40.7071 200 0.292892
      vertex 40.6344 200 0.22699
    endloop
  endfacet
  facet normal 0 1 0
    outer loop
      vertex 40 200 0
      vertex 40.6344 200 0.22699
      vertex 40.5556 200 0.168533
    endloop
  endfacet
  facet normal 0 1 0
    outer loop
      vertex 40 200 0
      vertex 40.5556 200 0.168533
      vertex 40.4714 200 0.118073
    endloop
  endfacet
  facet normal 0 1 0
    outer loop
      vertex 40 200 0
      vertex 40.4714 200 0.118073
      vertex 40.3827 200 0.0761261
    endloop
  endfacet
  facet normal 0 1 0
    outer loop
      vertex 40 200 0
      vertex 40.3827 200 0.0761261
      vertex 40.2903 200 0.0430603
    endloop
  endfacet
  facet normal 0 1 0
    outer loop
      vertex 40 200 0
      vertex 40.2903 200 0.0430603
      vertex 40.1951 200 0.0192108
    endloop
  endfacet
  facet normal 0 1 0
    outer loop
      vertex 40 200 0
      vertex 40.1951 200 0.0192108
      vertex 40.098 200 0.00482178
    endloop
  endfacet
  facet normal 0 1 0
    outer loop
      vertex 32.0979 200 4.00601
      vertex 29.725 200 0
      vertex 31.9755 200 4
    endloop
  endfacet
  facet normal 0 1 0
    outer loop
      vertex 31.9755 200 4
      vertex 29.725 200 0
      vertex 29.725 200 4
    endloop
  endfacet
  facet normal 0 1 -0
    outer loop
      vertex 11.275 200 0
      vertex 9.02452 200 4
      vertex 11.275 200 4
    endloop
  endfacet
  facet normal 0 1 0
    outer loop
      vertex 9.02452 200 4
      vertex 1 200 0
      vertex 0 200 1
    endloop
  endfacet
  facet normal 0 1 0
    outer loop
      vertex 0 200 1
      vertex 1 200 0
      vertex 0.00482178 200 0.901978
    endloop
  endfacet
  facet normal 0 1 0
    outer loop
      vertex 0.00482178 200 0.901978
      vertex 1 200 0
      vertex 0.0192108 200 0.804916
    endloop
  endfacet
  facet normal 0 1 0
    outer loop
      vertex 0.0192108 200 0.804916
      vertex 1 200 0
      vertex 0.0430603 200 0.709717
    endloop
  endfacet
  facet normal 0 1 0
    outer loop
      vertex 0.0430603 200 0.709717
      vertex 1 200 0
      vertex 0.0761261 200 0.61731
    endloop
  endfacet
  facet normal 0 1 0
    outer loop
      vertex 0.0761261 200 0.61731
      vertex 1 200 0
      vertex 0.118073 200 0.52861
    endloop
  endfacet
  facet normal 0 1 0
    outer loop
      vertex 0.118073 200 0.52861
      vertex 1 200 0
      vertex 0.168533 200 0.444427
    endloop
  endfacet
  facet normal 0 1 0
    outer loop
      vertex 0.168533 200 0.444427
      vertex 1 200 0
      vertex 0.22699 200 0.365601
    endloop
  endfacet
  facet normal 0 1 0
    outer loop
      vertex 0.22699 200 0.365601
      vertex 1 200 0
      vertex 0.292892 200 0.292892
    endloop
  endfacet
  facet normal 0 1 0
    outer loop
      vertex 0.292892 200 0.292892
      vertex 1 200 0
      vertex 0.365601 200 0.22699
    endloop
  endfacet
  facet normal 0 1 0
    outer loop
      vertex 0.365601 200 0.22699
      vertex 1 200 0
      vertex 0.444427 200 0.168533
    endloop
  endfacet
  facet normal 0 1 0
    outer loop
      vertex 0.444427 200 0.168533
      vertex 1 200 0
      vertex 0.52861 200 0.118073
    endloop
  endfacet
  facet normal 0 1 0
    outer loop
      vertex 0.52861 200 0.118073
      vertex 1 200 0
      vertex 0.61731 200 0.0761261
    endloop
  endfacet
  facet normal 0 1 0
    outer loop
      vertex 0.61731 200 0.0761261
      vertex 1 200 0
      vertex 0.709717 200 0.0430603
    endloop
  endfacet
  facet normal 0 1 0
    outer loop
      vertex 0.709717 200 0.0430603
      vertex 1 200 0
      vertex 0.804916 200 0.0192108
    endloop
  endfacet
  facet normal 0 1 0
    outer loop
      vertex 9.02452 200 4
      vertex 11.275 200 0
      vertex 1 200 0
    endloop
  endfacet
  facet normal 0 1 0
    outer loop
      vertex 0.804916 200 0.0192108
      vertex 1 200 0
      vertex 0.901978 200 0.00482178
    endloop
  endfacet
  facet normal 0 1 0
    outer loop
      vertex 8 200 24
      vertex 7 200 25
      vertex 7.09802 200 24.9952
    endloop
  endfacet
  facet normal 0 1 0
    outer loop
      vertex 7 200 25
      vertex 8 200 24
      vertex 1 200 25
    endloop
  endfacet
  facet normal 0 1 0
    outer loop
      vertex 8 200 24
      vertex 7.09802 200 24.9952
      vertex 7.19508 200 24.9808
    endloop
  endfacet
  facet normal 0 1 0
    outer loop
      vertex 0 200 24
      vertex 1 200 25
      vertex 8 200 24
    endloop
  endfacet
  facet normal 0 1 0
    outer loop
      vertex 8 200 24
      vertex 7.19508 200 24.9808
      vertex 7.29028 200 24.9569
    endloop
  endfacet
  facet normal 0 1 0
    outer loop
      vertex 1 200 25
      vertex 0 200 24
      vertex 0.901978 200 24.9952
    endloop
  endfacet
  facet normal 0 1 0
    outer loop
      vertex 8 200 24
      vertex 7.29028 200 24.9569
      vertex 7.38269 200 24.9239
    endloop
  endfacet
  facet normal 0 1 0
    outer loop
      vertex 0.901978 200 24.9952
      vertex 0 200 24
      vertex 0.804916 200 24.9808
    endloop
  endfacet
  facet normal 0 1 0
    outer loop
      vertex 8 200 24
      vertex 7.38269 200 24.9239
      vertex 7.47139 200 24.8819
    endloop
  endfacet
  facet normal 0 1 0
    outer loop
      vertex 0.804916 200 24.9808
      vertex 0 200 24
      vertex 0.709717 200 24.9569
    endloop
  endfacet
  facet normal 0 1 0
    outer loop
      vertex 8 200 24
      vertex 7.47139 200 24.8819
      vertex 7.55557 200 24.8315
    endloop
  endfacet
  facet normal 0 1 0
    outer loop
      vertex 0.709717 200 24.9569
      vertex 0 200 24
      vertex 0.61731 200 24.9239
    endloop
  endfacet
  facet normal 0 1 0
    outer loop
      vertex 8 200 24
      vertex 7.55557 200 24.8315
      vertex 7.6344 200 24.773
    endloop
  endfacet
  facet normal 0 1 0
    outer loop
      vertex 0.61731 200 24.9239
      vertex 0 200 24
      vertex 0.52861 200 24.8819
    endloop
  endfacet
  facet normal 0 1 0
    outer loop
      vertex 8 200 24
      vertex 7.6344 200 24.773
      vertex 7.70711 200 24.7071
    endloop
  endfacet
  facet normal 0 1 0
    outer loop
      vertex 0.52861 200 24.8819
      vertex 0 200 24
      vertex 0.444427 200 24.8315
    endloop
  endfacet
  facet normal 0 1 0
    outer loop
      vertex 8 200 24
      vertex 7.70711 200 24.7071
      vertex 7.77301 200 24.6344
    endloop
  endfacet
  facet normal 0 1 0
    outer loop
      vertex 0.444427 200 24.8315
      vertex 0 200 24
      vertex 0.365601 200 24.773
    endloop
  endfacet
  facet normal 0 1 0
    outer loop
      vertex 8 200 24
      vertex 7.77301 200 24.6344
      vertex 7.83147 200 24.5556
    endloop
  endfacet
  facet normal 0 1 0
    outer loop
      vertex 0.365601 200 24.773
      vertex 0 200 24
      vertex 0.292892 200 24.7071
    endloop
  endfacet
  facet normal 0 1 0
    outer loop
      vertex 8 200 24
      vertex 7.83147 200 24.5556
      vertex 7.88193 200 24.4714
    endloop
  endfacet
  facet normal 0 1 0
    outer loop
      vertex 0.292892 200 24.7071
      vertex 0 200 24
      vertex 0.22699 200 24.6344
    endloop
  endfacet
  facet normal 0 1 0
    outer loop
      vertex 8 200 24
      vertex 7.88193 200 24.4714
      vertex 7.92387 200 24.3827
    endloop
  endfacet
  facet normal 0 1 0
    outer loop
      vertex 0.22699 200 24.6344
      vertex 0 200 24
      vertex 0.168533 200 24.5556
    endloop
  endfacet
  facet normal 0 1 0
    outer loop
      vertex 8 200 24
      vertex 7.92387 200 24.3827
      vertex 7.95694 200 24.2903
    endloop
  endfacet
  facet normal 0 1 0
    outer loop
      vertex 0.168533 200 24.5556
      vertex 0 200 24
      vertex 0.118073 200 24.4714
    endloop
  endfacet
  facet normal 0 1 0
    outer loop
      vertex 8 200 24
      vertex 7.95694 200 24.2903
      vertex 7.98079 200 24.1951
    endloop
  endfacet
  facet normal 0 1 0
    outer loop
      vertex 0.118073 200 24.4714
      vertex 0 200 24
      vertex 0.0761261 200 24.3827
    endloop
  endfacet
  facet normal 0 1 0
    outer loop
      vertex 8 200 24
      vertex 7.98079 200 24.1951
      vertex 7.99518 200 24.098
    endloop
  endfacet
  facet normal 0 1 0
    outer loop
      vertex 0.0761261 200 24.3827
      vertex 0 200 24
      vertex 0.0430603 200 24.2903
    endloop
  endfacet
  facet normal 0 1 0
    outer loop
      vertex 0.0430603 200 24.2903
      vertex 0 200 24
      vertex 0.0192108 200 24.1951
    endloop
  endfacet
  facet normal 0 1 0
    outer loop
      vertex 0.0192108 200 24.1951
      vertex 0 200 24
      vertex 0.00482178 200 24.098
    endloop
  endfacet
  facet normal 0 1 -0
    outer loop
      vertex 8 200 5.02452
      vertex 0 200 24
      vertex 8 200 24
    endloop
  endfacet
  facet normal 0 1 0
    outer loop
      vertex 0 200 1
      vertex 8 200 5.02452
      vertex 8.00601 200 4.9021
    endloop
  endfacet
  facet normal 0 1 0
    outer loop
      vertex 0 200 1
      vertex 8.00601 200 4.9021
      vertex 8.0204 200 4.80511
    endloop
  endfacet
  facet normal 0 1 0
    outer loop
      vertex 0 200 1
      vertex 8.0204 200 4.80511
      vertex 8.04419 200 4.71017
    endloop
  endfacet
  facet normal 0 1 0
    outer loop
      vertex 0 200 1
      vertex 8.04419 200 4.71017
      vertex 8.07726 200 4.61772
    endloop
  endfacet
  facet normal 0 1 0
    outer loop
      vertex 8 200 5.02452
      vertex 0 200 1
      vertex 0 200 24
    endloop
  endfacet
  facet normal 0 1 0
    outer loop
      vertex 8.11911 200 4.52924
      vertex 0 200 1
      vertex 8.07726 200 4.61772
    endloop
  endfacet
  facet normal 0 1 0
    outer loop
      vertex 8.16956 200 4.44508
      vertex 0 200 1
      vertex 8.11911 200 4.52924
    endloop
  endfacet
  facet normal 0 1 0
    outer loop
      vertex 8.22795 200 4.36633
      vertex 0 200 1
      vertex 8.16956 200 4.44508
    endloop
  endfacet
  facet normal 0 1 0
    outer loop
      vertex 8.29375 200 4.29375
      vertex 0 200 1
      vertex 8.22795 200 4.36633
    endloop
  endfacet
  facet normal 0 1 0
    outer loop
      vertex 8.36633 200 4.22795
      vertex 0 200 1
      vertex 8.29375 200 4.29375
    endloop
  endfacet
  facet normal 0 1 0
    outer loop
      vertex 8.44508 200 4.16956
      vertex 0 200 1
      vertex 8.36633 200 4.22795
    endloop
  endfacet
  facet normal 0 1 0
    outer loop
      vertex 8.52924 200 4.11911
      vertex 0 200 1
      vertex 8.44508 200 4.16956
    endloop
  endfacet
  facet normal 0 1 0
    outer loop
      vertex 8.61772 200 4.07726
      vertex 0 200 1
      vertex 8.52924 200 4.11911
    endloop
  endfacet
  facet normal 0 1 0
    outer loop
      vertex 8.71017 200 4.04419
      vertex 0 200 1
      vertex 8.61772 200 4.07726
    endloop
  endfacet
  facet normal 0 1 0
    outer loop
      vertex 8.80511 200 4.0204
      vertex 0 200 1
      vertex 8.71017 200 4.04419
    endloop
  endfacet
  facet normal 0 1 0
    outer loop
      vertex 8.9021 200 4.00601
      vertex 0 200 1
      vertex 8.80511 200 4.0204
    endloop
  endfacet
  facet normal 0 1 0
    outer loop
      vertex 0 200 1
      vertex 8.9021 200 4.00601
      vertex 9.02452 200 4
    endloop
  endfacet
  facet normal 0 -1 0
    outer loop
      vertex 29.925 0 0
      vertex 31.9755 0 4
      vertex 29.925 0 4
    endloop
  endfacet
  facet normal 0 -1 0
    outer loop
      vertex 31.9755 0 4
      vertex 40 0 0
      vertex 41 0 1
    endloop
  endfacet
  facet normal 0 -1 0
    outer loop
      vertex 41 0 1
      vertex 40 0 0
      vertex 40.9952 0 0.901978
    endloop
  endfacet
  facet normal 0 -1 0
    outer loop
      vertex 40.9952 0 0.901978
      vertex 40 0 0
      vertex 40.9808 0 0.804916
    endloop
  endfacet
  facet normal 0 -1 0
    outer loop
      vertex 40.9808 0 0.804916
      vertex 40 0 0
      vertex 40.9569 0 0.709717
    endloop
  endfacet
  facet normal 0 -1 0
    outer loop
      vertex 40.9569 0 0.709717
      vertex 40 0 0
      vertex 40.9239 0 0.61731
    endloop
  endfacet
  facet normal 0 -1 0
    outer loop
      vertex 40.9239 0 0.61731
      vertex 40 0 0
      vertex 40.8819 0 0.52861
    endloop
  endfacet
  facet normal 0 -1 0
    outer loop
      vertex 40.8819 0 0.52861
      vertex 40 0 0
      vertex 40.8315 0 0.444427
    endloop
  endfacet
  facet normal 0 -1 0
    outer loop
      vertex 40.8315 0 0.444427
      vertex 40 0 0
      vertex 40.773 0 0.365601
    endloop
  endfacet
  facet normal 0 -1 0
    outer loop
      vertex 40.773 0 0.365601
      vertex 40 0 0
      vertex 40.7071 0 0.292892
    endloop
  endfacet
  facet normal 0 -1 0
    outer loop
      vertex 40.7071 0 0.292892
      vertex 40 0 0
      vertex 40.6344 0 0.22699
    endloop
  endfacet
  facet normal 0 -1 0
    outer loop
      vertex 40.6344 0 0.22699
      vertex 40 0 0
      vertex 40.5556 0 0.168533
    endloop
  endfacet
  facet normal 0 -1 0
    outer loop
      vertex 40.5556 0 0.168533
      vertex 40 0 0
      vertex 40.4714 0 0.118073
    endloop
  endfacet
  facet normal 0 -1 0
    outer loop
      vertex 40.4714 0 0.118073
      vertex 40 0 0
      vertex 40.3827 0 0.0761261
    endloop
  endfacet
  facet normal 0 -1 0
    outer loop
      vertex 40.3827 0 0.0761261
      vertex 40 0 0
      vertex 40.2903 0 0.0430603
    endloop
  endfacet
  facet normal 0 -1 0
    outer loop
      vertex 40.2903 0 0.0430603
      vertex 40 0 0
      vertex 40.1951 0 0.0192108
    endloop
  endfacet
  facet normal 0 -1 -0
    outer loop
      vertex 31.9755 0 4
      vertex 29.925 0 0
      vertex 40 0 0
    endloop
  endfacet
  facet normal 0 -1 0
    outer loop
      vertex 40.1951 0 0.0192108
      vertex 40 0 0
      vertex 40.098 0 0.00482178
    endloop
  endfacet
  facet normal 0 -1 0
    outer loop
      vertex 33 0 24
      vertex 34 0 25
      vertex 33.902 0 24.9952
    endloop
  endfacet
  facet normal 0 -1 -0
    outer loop
      vertex 34 0 25
      vertex 33 0 24
      vertex 40 0 25
    endloop
  endfacet
  facet normal 0 -1 0
    outer loop
      vertex 33 0 24
      vertex 33.902 0 24.9952
      vertex 33.8049 0 24.9808
    endloop
  endfacet
  facet normal 0 -1 0
    outer loop
      vertex 41 0 24
      vertex 40 0 25
      vertex 33 0 24
    endloop
  endfacet
  facet normal 0 -1 0
    outer loop
      vertex 33 0 24
      vertex 33.8049 0 24.9808
      vertex 33.7097 0 24.9569
    endloop
  endfacet
  facet normal 0 -1 0
    outer loop
      vertex 40 0 25
      vertex 41 0 24
      vertex 40.098 0 24.9952
    endloop
  endfacet
  facet normal 0 -1 0
    outer loop
      vertex 33 0 24
      vertex 33.7097 0 24.9569
      vertex 33.6173 0 24.9239
    endloop
  endfacet
  facet normal 0 -1 0
    outer loop
      vertex 40.098 0 24.9952
      vertex 41 0 24
      vertex 40.1951 0 24.9808
    endloop
  endfacet
  facet normal 0 -1 0
    outer loop
      vertex 33 0 24
      vertex 33.6173 0 24.9239
      vertex 33.5286 0 24.8819
    endloop
  endfacet
  facet normal 0 -1 0
    outer loop
      vertex 40.1951 0 24.9808
      vertex 41 0 24
      vertex 40.2903 0 24.9569
    endloop
  endfacet
  facet normal 0 -1 0
    outer loop
      vertex 33 0 24
      vertex 33.5286 0 24.8819
      vertex 33.4444 0 24.8315
    endloop
  endfacet
  facet normal 0 -1 0
    outer loop
      vertex 40.2903 0 24.9569
      vertex 41 0 24
      vertex 40.3827 0 24.9239
    endloop
  endfacet
  facet normal 0 -1 0
    outer loop
      vertex 33 0 24
      vertex 33.4444 0 24.8315
      vertex 33.3656 0 24.773
    endloop
  endfacet
  facet normal 0 -1 0
    outer loop
      vertex 40.3827 0 24.9239
      vertex 41 0 24
      vertex 40.4714 0 24.8819
    endloop
  endfacet
  facet normal 0 -1 0
    outer loop
      vertex 33 0 24
      vertex 33.3656 0 24.773
      vertex 33.2929 0 24.7071
    endloop
  endfacet
  facet normal 0 -1 0
    outer loop
      vertex 40.4714 0 24.8819
      vertex 41 0 24
      vertex 40.5556 0 24.8315
    endloop
  endfacet
  facet normal 0 -1 0
    outer loop
      vertex 33 0 24
      vertex 33.2929 0 24.7071
      vertex 33.227 0 24.6344
    endloop
  endfacet
  facet normal 0 -1 0
    outer loop
      vertex 40.5556 0 24.8315
      vertex 41 0 24
      vertex 40.6344 0 24.773
    endloop
  endfacet
  facet normal 0 -1 0
    outer loop
      vertex 33 0 24
      vertex 33.227 0 24.6344
      vertex 33.1685 0 24.5556
    endloop
  endfacet
  facet normal 0 -1 0
    outer loop
      vertex 40.6344 0 24.773
      vertex 41 0 24
      vertex 40.7071 0 24.7071
    endloop
  endfacet
  facet normal 0 -1 0
    outer loop
      vertex 33 0 24
      vertex 33.1685 0 24.5556
      vertex 33.1181 0 24.4714
    endloop
  endfacet
  facet normal 0 -1 0
    outer loop
      vertex 40.7071 0 24.7071
      vertex 41 0 24
      vertex 40.773 0 24.6344
    endloop
  endfacet
  facet normal 0 -1 0
    outer loop
      vertex 33 0 24
      vertex 33.1181 0 24.4714
      vertex 33.0761 0 24.3827
    endloop
  endfacet
  facet normal 0 -1 0
    outer loop
      vertex 40.773 0 24.6344
      vertex 41 0 24
      vertex 40.8315 0 24.5556
    endloop
  endfacet
  facet normal 0 -1 0
    outer loop
      vertex 33 0 24
      vertex 33.0761 0 24.3827
      vertex 33.0431 0 24.2903
    endloop
  endfacet
  facet normal 0 -1 0
    outer loop
      vertex 40.8315 0 24.5556
      vertex 41 0 24
      vertex 40.8819 0 24.4714
    endloop
  endfacet
  facet normal 0 -1 0
    outer loop
      vertex 33 0 24
      vertex 33.0431 0 24.2903
      vertex 33.0192 0 24.1951
    endloop
  endfacet
  facet normal 0 -1 0
    outer loop
      vertex 40.8819 0 24.4714
      vertex 41 0 24
      vertex 40.9239 0 24.3827
    endloop
  endfacet
  facet normal 0 -1 0
    outer loop
      vertex 33 0 24
      vertex 33.0192 0 24.1951
      vertex 33.0048 0 24.098
    endloop
  endfacet
  facet normal 0 -1 0
    outer loop
      vertex 40.9239 0 24.3827
      vertex 41 0 24
      vertex 40.9569 0 24.2903
    endloop
  endfacet
  facet normal 0 -1 0
    outer loop
      vertex 40.9569 0 24.2903
      vertex 41 0 24
      vertex 40.9808 0 24.1951
    endloop
  endfacet
  facet normal 0 -1 0
    outer loop
      vertex 40.9808 0 24.1951
      vertex 41 0 24
      vertex 40.9952 0 24.098
    endloop
  endfacet
  facet normal 0 -1 0
    outer loop
      vertex 33 0 5.02452
      vertex 41 0 24
      vertex 33 0 24
    endloop
  endfacet
  facet normal 0 -1 0
    outer loop
      vertex 41 0 1
      vertex 33 0 5.02452
      vertex 32.994 0 4.9021
    endloop
  endfacet
  facet normal 0 -1 0
    outer loop
      vertex 41 0 1
      vertex 32.994 0 4.9021
      vertex 32.9796 0 4.80511
    endloop
  endfacet
  facet normal 0 -1 0
    outer loop
      vertex 41 0 1
      vertex 32.9796 0 4.80511
      vertex 32.9558 0 4.71017
    endloop
  endfacet
  facet normal 0 -1 0
    outer loop
      vertex 41 0 1
      vertex 32.9558 0 4.71017
      vertex 32.9227 0 4.61772
    endloop
  endfacet
  facet normal 0 -1 0
    outer loop
      vertex 33 0 5.02452
      vertex 41 0 1
      vertex 41 0 24
    endloop
  endfacet
  facet normal 0 -1 0
    outer loop
      vertex 32.8809 0 4.52924
      vertex 41 0 1
      vertex 32.9227 0 4.61772
    endloop
  endfacet
  facet normal 0 -1 0
    outer loop
      vertex 32.8304 0 4.44508
      vertex 41 0 1
      vertex 32.8809 0 4.52924
    endloop
  endfacet
  facet normal 0 -1 0
    outer loop
      vertex 32.772 0 4.36633
      vertex 41 0 1
      vertex 32.8304 0 4.44508
    endloop
  endfacet
  facet normal 0 -1 0
    outer loop
      vertex 32.7063 0 4.29375
      vertex 41 0 1
      vertex 32.772 0 4.36633
    endloop
  endfacet
  facet normal 0 -1 0
    outer loop
      vertex 32.6337 0 4.22795
      vertex 41 0 1
      vertex 32.7063 0 4.29375
    endloop
  endfacet
  facet normal 0 -1 0
    outer loop
      vertex 32.5549 0 4.16956
      vertex 41 0 1
      vertex 32.6337 0 4.22795
    endloop
  endfacet
  facet normal 0 -1 0
    outer loop
      vertex 32.4708 0 4.11911
      vertex 41 0 1
      vertex 32.5549 0 4.16956
    endloop
  endfacet
  facet normal 0 -1 0
    outer loop
      vertex 32.3823 0 4.07726
      vertex 41 0 1
      vertex 32.4708 0 4.11911
    endloop
  endfacet
  facet normal 0 -1 0
    outer loop
      vertex 32.2898 0 4.04419
      vertex 41 0 1
      vertex 32.3823 0 4.07726
    endloop
  endfacet
  facet normal 0 -1 0
    outer loop
      vertex 32.1949 0 4.0204
      vertex 41 0 1
      vertex 32.2898 0 4.04419
    endloop
  endfacet
  facet normal 0 -1 0
    outer loop
      vertex 32.0979 0 4.00601
      vertex 41 0 1
      vertex 32.1949 0 4.0204
    endloop
  endfacet
  facet normal 0 -1 0
    outer loop
      vertex 41 0 1
      vertex 32.0979 0 4.00601
      vertex 31.9755 0 4
    endloop
  endfacet
  facet normal 0 -1 0
    outer loop
      vertex 0 0 24
      vertex 1 0 25
      vertex 0.901978 0 24.9952
    endloop
  endfacet
  facet normal 0 -1 -0
    outer loop
      vertex 1 0 25
      vertex 0 0 24
      vertex 7 0 25
    endloop
  endfacet
  facet normal 0 -1 0
    outer loop
      vertex 0 0 24
      vertex 0.901978 0 24.9952
      vertex 0.804916 0 24.9808
    endloop
  endfacet
  facet normal 0 -1 0
    outer loop
      vertex 8 0 24
      vertex 7 0 25
      vertex 0 0 24
    endloop
  endfacet
  facet normal 0 -1 0
    outer loop
      vertex 0 0 24
      vertex 0.804916 0 24.9808
      vertex 0.709717 0 24.9569
    endloop
  endfacet
  facet normal 0 -1 0
    outer loop
      vertex 7 0 25
      vertex 8 0 24
      vertex 7.09802 0 24.9952
    endloop
  endfacet
  facet normal 0 -1 0
    outer loop
      vertex 0 0 24
      vertex 0.709717 0 24.9569
      vertex 0.61731 0 24.9239
    endloop
  endfacet
  facet normal 0 -1 0
    outer loop
      vertex 7.09802 0 24.9952
      vertex 8 0 24
      vertex 7.19508 0 24.9808
    endloop
  endfacet
  facet normal 0 -1 0
    outer loop
      vertex 0 0 24
      vertex 0.61731 0 24.9239
      vertex 0.52861 0 24.8819
    endloop
  endfacet
  facet normal 0 -1 0
    outer loop
      vertex 7.19508 0 24.9808
      vertex 8 0 24
      vertex 7.29028 0 24.9569
    endloop
  endfacet
  facet normal 0 -1 0
    outer loop
      vertex 0 0 24
      vertex 0.52861 0 24.8819
      vertex 0.444427 0 24.8315
    endloop
  endfacet
  facet normal 0 -1 0
    outer loop
      vertex 7.29028 0 24.9569
      vertex 8 0 24
      vertex 7.38269 0 24.9239
    endloop
  endfacet
  facet normal 0 -1 0
    outer loop
      vertex 0 0 24
      vertex 0.444427 0 24.8315
      vertex 0.365601 0 24.773
    endloop
  endfacet
  facet normal 0 -1 0
    outer loop
      vertex 7.38269 0 24.9239
      vertex 8 0 24
      vertex 7.47139 0 24.8819
    endloop
  endfacet
  facet normal 0 -1 0
    outer loop
      vertex 0 0 24
      vertex 0.365601 0 24.773
      vertex 0.292892 0 24.7071
    endloop
  endfacet
  facet normal 0 -1 0
    outer loop
      vertex 7.47139 0 24.8819
      vertex 8 0 24
      vertex 7.55557 0 24.8315
    endloop
  endfacet
  facet normal 0 -1 0
    outer loop
      vertex 0 0 24
      vertex 0.292892 0 24.7071
      vertex 0.22699 0 24.6344
    endloop
  endfacet
  facet normal 0 -1 0
    outer loop
      vertex 7.55557 0 24.8315
      vertex 8 0 24
      vertex 7.6344 0 24.773
    endloop
  endfacet
  facet normal 0 -1 0
    outer loop
      vertex 0 0 24
      vertex 0.22699 0 24.6344
      vertex 0.168533 0 24.5556
    endloop
  endfacet
  facet normal 0 -1 0
    outer loop
      vertex 7.6344 0 24.773
      vertex 8 0 24
      vertex 7.70711 0 24.7071
    endloop
  endfacet
  facet normal 0 -1 0
    outer loop
      vertex 0 0 24
      vertex 0.168533 0 24.5556
      vertex 0.118073 0 24.4714
    endloop
  endfacet
  facet normal 0 -1 0
    outer loop
      vertex 7.70711 0 24.7071
      vertex 8 0 24
      vertex 7.77301 0 24.6344
    endloop
  endfacet
  facet normal 0 -1 0
    outer loop
      vertex 0 0 24
      vertex 0.118073 0 24.4714
      vertex 0.0761261 0 24.3827
    endloop
  endfacet
  facet normal 0 -1 0
    outer loop
      vertex 7.77301 0 24.6344
      vertex 8 0 24
      vertex 7.83147 0 24.5556
    endloop
  endfacet
  facet normal 0 -1 0
    outer loop
      vertex 0 0 24
      vertex 0.0761261 0 24.3827
      vertex 0.0430603 0 24.2903
    endloop
  endfacet
  facet normal 0 -1 0
    outer loop
      vertex 7.83147 0 24.5556
      vertex 8 0 24
      vertex 7.88193 0 24.4714
    endloop
  endfacet
  facet normal 0 -1 0
    outer loop
      vertex 0 0 24
      vertex 0.0430603 0 24.2903
      vertex 0.0192108 0 24.1951
    endloop
  endfacet
  facet normal 0 -1 0
    outer loop
      vertex 7.88193 0 24.4714
      vertex 8 0 24
      vertex 7.92387 0 24.3827
    endloop
  endfacet
  facet normal 0 -1 0
    outer loop
      vertex 0 0 24
      vertex 0.0192108 0 24.1951
      vertex 0.00482178 0 24.098
    endloop
  endfacet
  facet normal 0 -1 0
    outer loop
      vertex 7.92387 0 24.3827
      vertex 8 0 24
      vertex 7.95694 0 24.2903
    endloop
  endfacet
  facet normal 0 -1 0
    outer loop
      vertex 7.95694 0 24.2903
      vertex 8 0 24
      vertex 7.98079 0 24.1951
    endloop
  endfacet
  facet normal 0 -1 0
    outer loop
      vertex 7.98079 0 24.1951
      vertex 8 0 24
      vertex 7.99518 0 24.098
    endloop
  endfacet
  facet normal 0 -1 0
    outer loop
      vertex 0 0 24
      vertex 8 0 5.02452
      vertex 8 0 24
    endloop
  endfacet
  facet normal 0 -1 0
    outer loop
      vertex 0 0 1
      vertex 8 0 5.02452
      vertex 0 0 24
    endloop
  endfacet
  facet normal 0 -1 -0
    outer loop
      vertex 8 0 5.02452
      vertex 0 0 1
      vertex 8.00601 0 4.9021
    endloop
  endfacet
  facet normal 0 -1 -0
    outer loop
      vertex 8.00601 0 4.9021
      vertex 0 0 1
      vertex 8.0204 0 4.80511
    endloop
  endfacet
  facet normal 0 -1 -0
    outer loop
      vertex 8.0204 0 4.80511
      vertex 0 0 1
      vertex 8.04419 0 4.71017
    endloop
  endfacet
  facet normal 0 -1 0
    outer loop
      vertex 1 0 0
      vertex 8.04419 0 4.71017
      vertex 0 0 1
    endloop
  endfacet
  facet normal 0 -1 -0
    outer loop
      vertex 8.04419 0 4.71017
      vertex 1 0 0
      vertex 8.07726 0 4.61772
    endloop
  endfacet
  facet normal 0 -1 -0
    outer loop
      vertex 8.07726 0 4.61772
      vertex 1 0 0
      vertex 8.11911 0 4.52924
    endloop
  endfacet
  facet normal 0 -1 -0
    outer loop
      vertex 8.11911 0 4.52924
      vertex 1 0 0
      vertex 8.16956 0 4.44508
    endloop
  endfacet
  facet normal 0 -1 -0
    outer loop
      vertex 8.16956 0 4.44508
      vertex 1 0 0
      vertex 8.22795 0 4.36633
    endloop
  endfacet
  facet normal 0 -1 -0
    outer loop
      vertex 8.22795 0 4.36633
      vertex 1 0 0
      vertex 8.29375 0 4.29375
    endloop
  endfacet
  facet normal 0 -1 -0
    outer loop
      vertex 8.29375 0 4.29375
      vertex 1 0 0
      vertex 8.36633 0 4.22795
    endloop
  endfacet
  facet normal 0 -1 -0
    outer loop
      vertex 8.36633 0 4.22795
      vertex 1 0 0
      vertex 8.44508 0 4.16956
    endloop
  endfacet
  facet normal 0 -1 -0
    outer loop
      vertex 8.44508 0 4.16956
      vertex 1 0 0
      vertex 8.52924 0 4.11911
    endloop
  endfacet
  facet normal 0 -1 0
    outer loop
      vertex 11.075 0 0
      vertex 8.52924 0 4.11911
      vertex 1 0 0
    endloop
  endfacet
  facet normal 0 -1 0
    outer loop
      vertex 8.52924 0 4.11911
      vertex 11.075 0 0
      vertex 8.61772 0 4.07726
    endloop
  endfacet
  facet normal 0 -1 0
    outer loop
      vertex 8.61772 0 4.07726
      vertex 11.075 0 0
      vertex 8.71017 0 4.04419
    endloop
  endfacet
  facet normal 0 -1 0
    outer loop
      vertex 8.71017 0 4.04419
      vertex 11.075 0 0
      vertex 8.80511 0 4.0204
    endloop
  endfacet
  facet normal 0 -1 0
    outer loop
      vertex 8.80511 0 4.0204
      vertex 11.075 0 0
      vertex 8.9021 0 4.00601
    endloop
  endfacet
  facet normal 0 -1 0
    outer loop
      vertex 1 0 0
      vertex 0 0 1
      vertex 0.00482178 0 0.901978
    endloop
  endfacet
  facet normal 0 -1 0
    outer loop
      vertex 1 0 0
      vertex 0.00482178 0 0.901978
      vertex 0.0192108 0 0.804916
    endloop
  endfacet
  facet normal 0 -1 0
    outer loop
      vertex 1 0 0
      vertex 0.0192108 0 0.804916
      vertex 0.0430603 0 0.709717
    endloop
  endfacet
  facet normal 0 -1 0
    outer loop
      vertex 1 0 0
      vertex 0.0430603 0 0.709717
      vertex 0.0761261 0 0.61731
    endloop
  endfacet
  facet normal 0 -1 0
    outer loop
      vertex 1 0 0
      vertex 0.0761261 0 0.61731
      vertex 0.118073 0 0.52861
    endloop
  endfacet
  facet normal 0 -1 0
    outer loop
      vertex 1 0 0
      vertex 0.118073 0 0.52861
      vertex 0.168533 0 0.444427
    endloop
  endfacet
  facet normal 0 -1 0
    outer loop
      vertex 1 0 0
      vertex 0.168533 0 0.444427
      vertex 0.22699 0 0.365601
    endloop
  endfacet
  facet normal 0 -1 0
    outer loop
      vertex 1 0 0
      vertex 0.22699 0 0.365601
      vertex 0.292892 0 0.292892
    endloop
  endfacet
  facet normal 0 -1 0
    outer loop
      vertex 1 0 0
      vertex 0.292892 0 0.292892
      vertex 0.365601 0 0.22699
    endloop
  endfacet
  facet normal 0 -1 0
    outer loop
      vertex 1 0 0
      vertex 0.365601 0 0.22699
      vertex 0.444427 0 0.168533
    endloop
  endfacet
  facet normal 0 -1 0
    outer loop
      vertex 1 0 0
      vertex 0.444427 0 0.168533
      vertex 0.52861 0 0.118073
    endloop
  endfacet
  facet normal 0 -1 0
    outer loop
      vertex 1 0 0
      vertex 0.52861 0 0.118073
      vertex 0.61731 0 0.0761261
    endloop
  endfacet
  facet normal 0 -1 0
    outer loop
      vertex 1 0 0
      vertex 0.61731 0 0.0761261
      vertex 0.709717 0 0.0430603
    endloop
  endfacet
  facet normal 0 -1 0
    outer loop
      vertex 1 0 0
      vertex 0.709717 0 0.0430603
      vertex 0.804916 0 0.0192108
    endloop
  endfacet
  facet normal 0 -1 0
    outer loop
      vertex 1 0 0
      vertex 0.804916 0 0.0192108
      vertex 0.901978 0 0.00482178
    endloop
  endfacet
  facet normal 0 -1 0
    outer loop
      vertex 8.9021 0 4.00601
      vertex 11.075 0 0
      vertex 9.02452 0 4
    endloop
  endfacet
  facet normal 0 -1 0
    outer loop
      vertex 9.02452 0 4
      vertex 11.075 0 0
      vertex 11.075 0 4
    endloop
  endfacet
  facet normal 0.146587 0 -0.989198
    outer loop
      vertex 40.098 0 0.00482178
      vertex 40.1951 200 0.0192108
      vertex 40.1951 0 0.0192108
    endloop
  endfacet
  facet normal 0.146587 0 -0.989198
    outer loop
      vertex 40.1951 200 0.0192108
      vertex 40.098 0 0.00482178
      vertex 40.098 200 0.00482178
    endloop
  endfacet
  facet normal 0.24301 0 -0.970024
    outer loop
      vertex 40.1951 0 0.0192108
      vertex 40.2903 200 0.0430603
      vertex 40.2903 0 0.0430603
    endloop
  endfacet
  facet normal 0.24301 0 -0.970024
    outer loop
      vertex 40.2903 200 0.0430603
      vertex 40.1951 0 0.0192108
      vertex 40.1951 200 0.0192108
    endloop
  endfacet
  facet normal 0.336931 0 -0.941529
    outer loop
      vertex 40.2903 0 0.0430603
      vertex 40.3827 200 0.0761261
      vertex 40.3827 0 0.0761261
    endloop
  endfacet
  facet normal 0.336931 0 -0.941529
    outer loop
      vertex 40.3827 200 0.0761261
      vertex 40.2903 0 0.0430603
      vertex 40.2903 200 0.0430603
    endloop
  endfacet
  facet normal 0.427513 0 -0.904009
    outer loop
      vertex 40.3827 0 0.0761261
      vertex 40.4714 200 0.118073
      vertex 40.4714 0 0.118073
    endloop
  endfacet
  facet normal 0.427513 0 -0.904009
    outer loop
      vertex 40.4714 200 0.118073
      vertex 40.3827 0 0.0761261
      vertex 40.3827 200 0.0761261
    endloop
  endfacet
  facet normal 0.514046 0 -0.857762
    outer loop
      vertex 40.4714 0 0.118073
      vertex 40.5556 200 0.168533
      vertex 40.5556 0 0.168533
    endloop
  endfacet
  facet normal 0.514046 0 -0.857762
    outer loop
      vertex 40.5556 200 0.168533
      vertex 40.4714 0 0.118073
      vertex 40.4714 200 0.118073
    endloop
  endfacet
  facet normal 0.595798 0 -0.803135
    outer loop
      vertex 40.5556 0 0.168533
      vertex 40.6344 200 0.22699
      vertex 40.6344 0 0.22699
    endloop
  endfacet
  facet normal 0.595798 0 -0.803135
    outer loop
      vertex 40.6344 200 0.22699
      vertex 40.5556 0 0.168533
      vertex 40.5556 200 0.168533
    endloop
  endfacet
  facet normal 0.671618 0 -0.740898
    outer loop
      vertex 40.6344 0 0.22699
      vertex 40.7071 200 0.292892
      vertex 40.7071 0 0.292892
    endloop
  endfacet
  facet normal 0.671618 0 -0.740898
    outer loop
      vertex 40.7071 200 0.292892
      vertex 40.6344 0 0.22699
      vertex 40.6344 200 0.22699
    endloop
  endfacet
  facet normal 0.740949 0 -0.671561
    outer loop
      vertex 40.773 0 0.365601
      vertex 40.7071 200 0.292892
      vertex 40.773 200 0.365601
    endloop
  endfacet
  facet normal 0.740949 0 -0.671561
    outer loop
      vertex 40.7071 200 0.292892
      vertex 40.773 0 0.365601
      vertex 40.7071 0 0.292892
    endloop
  endfacet
  facet normal 0.803019 0 -0.595953
    outer loop
      vertex 40.8315 0 0.444427
      vertex 40.773 200 0.365601
      vertex 40.8315 200 0.444427
    endloop
  endfacet
  facet normal 0.803019 0 -0.595953
    outer loop
      vertex 40.773 200 0.365601
      vertex 40.8315 0 0.444427
      vertex 40.773 0 0.365601
    endloop
  endfacet
  facet normal 0.857986 0 -0.513673
    outer loop
      vertex 40.8819 0 0.52861
      vertex 40.8315 200 0.444427
      vertex 40.8819 200 0.52861
    endloop
  endfacet
  facet normal 0.857986 0 -0.513673
    outer loop
      vertex 40.8315 200 0.444427
      vertex 40.8819 0 0.52861
      vertex 40.8315 0 0.444427
    endloop
  endfacet
  facet normal 0.9038 0 -0.427955
    outer loop
      vertex 40.9239 0 0.61731
      vertex 40.8819 200 0.52861
      vertex 40.9239 200 0.61731
    endloop
  endfacet
  facet normal 0.9038 0 -0.427955
    outer loop
      vertex 40.8819 200 0.52861
      vertex 40.9239 0 0.61731
      vertex 40.8819 0 0.52861
    endloop
  endfacet
  facet normal 0.94175 0 -0.336314
    outer loop
      vertex 40.9569 0 0.709717
      vertex 40.9239 200 0.61731
      vertex 40.9569 200 0.709717
    endloop
  endfacet
  facet normal 0.94175 0 -0.336314
    outer loop
      vertex 40.9239 200 0.61731
      vertex 40.9569 0 0.709717
      vertex 40.9239 0 0.61731
    endloop
  endfacet
  facet normal 0.969902 0 -0.243497
    outer loop
      vertex 40.9808 0 0.804916
      vertex 40.9569 200 0.709717
      vertex 40.9808 200 0.804916
    endloop
  endfacet
  facet normal 0.969902 0 -0.243497
    outer loop
      vertex 40.9569 200 0.709717
      vertex 40.9808 0 0.804916
      vertex 40.9569 0 0.709717
    endloop
  endfacet
  facet normal 0.989173 0 -0.146753
    outer loop
      vertex 40.9952 0 0.901978
      vertex 40.9808 200 0.804916
      vertex 40.9952 200 0.901978
    endloop
  endfacet
  facet normal 0.989173 0 -0.146753
    outer loop
      vertex 40.9808 200 0.804916
      vertex 40.9952 0 0.901978
      vertex 40.9808 0 0.804916
    endloop
  endfacet
  facet normal 0.998803 0 -0.04891
    outer loop
      vertex 41 0 1
      vertex 40.9952 200 0.901978
      vertex 41 200 1
    endloop
  endfacet
  facet normal 0.998803 0 -0.04891
    outer loop
      vertex 40.9952 200 0.901978
      vertex 41 0 1
      vertex 40.9952 0 0.901978
    endloop
  endfacet
  facet normal 1 -0 0
    outer loop
      vertex 41 0 24
      vertex 41 200 1
      vertex 41 200 24
    endloop
  endfacet
  facet normal 1 0 0
    outer loop
      vertex 41 200 1
      vertex 41 0 24
      vertex 41 0 1
    endloop
  endfacet
  facet normal 0.998803 -0 0.0489209
    outer loop
      vertex 40.9952 0 24.098
      vertex 41 200 24
      vertex 40.9952 200 24.098
    endloop
  endfacet
  facet normal 0.998803 0 0.0489209
    outer loop
      vertex 41 200 24
      vertex 40.9952 0 24.098
      vertex 41 0 24
    endloop
  endfacet
  facet normal 0.989182 -0 0.146696
    outer loop
      vertex 40.9808 0 24.1951
      vertex 40.9952 200 24.098
      vertex 40.9808 200 24.1951
    endloop
  endfacet
  facet normal 0.989182 0 0.146696
    outer loop
      vertex 40.9952 200 24.098
      vertex 40.9808 0 24.1951
      vertex 40.9952 0 24.098
    endloop
  endfacet
  facet normal 0.969902 -0 0.243494
    outer loop
      vertex 40.9569 0 24.2903
      vertex 40.9808 200 24.1951
      vertex 40.9569 200 24.2903
    endloop
  endfacet
  facet normal 0.969902 0 0.243494
    outer loop
      vertex 40.9808 200 24.1951
      vertex 40.9569 0 24.2903
      vertex 40.9808 0 24.1951
    endloop
  endfacet
  facet normal 0.941742 -0 0.336336
    outer loop
      vertex 40.9239 0 24.3827
      vertex 40.9569 200 24.2903
      vertex 40.9239 200 24.3827
    endloop
  endfacet
  facet normal 0.941742 0 0.336336
    outer loop
      vertex 40.9569 200 24.2903
      vertex 40.9239 0 24.3827
      vertex 40.9569 0 24.2903
    endloop
  endfacet
  facet normal 0.9038 -0 0.427955
    outer loop
      vertex 40.8819 0 24.4714
      vertex 40.9239 200 24.3827
      vertex 40.8819 200 24.4714
    endloop
  endfacet
  facet normal 0.9038 0 0.427955
    outer loop
      vertex 40.9239 200 24.3827
      vertex 40.8819 0 24.4714
      vertex 40.9239 0 24.3827
    endloop
  endfacet
  facet normal 0.858032 -0 0.513596
    outer loop
      vertex 40.8315 0 24.5556
      vertex 40.8819 200 24.4714
      vertex 40.8315 200 24.5556
    endloop
  endfacet
  facet normal 0.858032 0 0.513596
    outer loop
      vertex 40.8819 200 24.4714
      vertex 40.8315 0 24.5556
      vertex 40.8819 0 24.4714
    endloop
  endfacet
  facet normal 0.802925 -0 0.59608
    outer loop
      vertex 40.773 0 24.6344
      vertex 40.8315 200 24.5556
      vertex 40.773 200 24.6344
    endloop
  endfacet
  facet normal 0.802925 0 0.59608
    outer loop
      vertex 40.8315 200 24.5556
      vertex 40.773 0 24.6344
      vertex 40.8315 0 24.5556
    endloop
  endfacet
  facet normal 0.740908 -0 0.671607
    outer loop
      vertex 40.7071 0 24.7071
      vertex 40.773 200 24.6344
      vertex 40.7071 200 24.7071
    endloop
  endfacet
  facet normal 0.740908 0 0.671607
    outer loop
      vertex 40.773 200 24.6344
      vertex 40.7071 0 24.7071
      vertex 40.773 0 24.6344
    endloop
  endfacet
  facet normal 0.671607 0 0.740908
    outer loop
      vertex 40.6344 200 24.773
      vertex 40.7071 0 24.7071
      vertex 40.7071 200 24.7071
    endloop
  endfacet
  facet normal 0.671607 0 0.740908
    outer loop
      vertex 40.7071 0 24.7071
      vertex 40.6344 200 24.773
      vertex 40.6344 0 24.773
    endloop
  endfacet
  facet normal 0.59608 0 0.802925
    outer loop
      vertex 40.5556 200 24.8315
      vertex 40.6344 0 24.773
      vertex 40.6344 200 24.773
    endloop
  endfacet
  facet normal 0.59608 0 0.802925
    outer loop
      vertex 40.6344 0 24.773
      vertex 40.5556 200 24.8315
      vertex 40.5556 0 24.8315
    endloop
  endfacet
  facet normal 0.513596 0 0.858032
    outer loop
      vertex 40.4714 200 24.8819
      vertex 40.5556 0 24.8315
      vertex 40.5556 200 24.8315
    endloop
  endfacet
  facet normal 0.513596 0 0.858032
    outer loop
      vertex 40.5556 0 24.8315
      vertex 40.4714 200 24.8819
      vertex 40.4714 0 24.8819
    endloop
  endfacet
  facet normal 0.427955 0 0.9038
    outer loop
      vertex 40.3827 200 24.9239
      vertex 40.4714 0 24.8819
      vertex 40.4714 200 24.8819
    endloop
  endfacet
  facet normal 0.427955 0 0.9038
    outer loop
      vertex 40.4714 0 24.8819
      vertex 40.3827 200 24.9239
      vertex 40.3827 0 24.9239
    endloop
  endfacet
  facet normal 0.336336 0 0.941742
    outer loop
      vertex 40.2903 200 24.9569
      vertex 40.3827 0 24.9239
      vertex 40.3827 200 24.9239
    endloop
  endfacet
  facet normal 0.336336 0 0.941742
    outer loop
      vertex 40.3827 0 24.9239
      vertex 40.2903 200 24.9569
      vertex 40.2903 0 24.9569
    endloop
  endfacet
  facet normal 0.243494 0 0.969902
    outer loop
      vertex 40.1951 200 24.9808
      vertex 40.2903 0 24.9569
      vertex 40.2903 200 24.9569
    endloop
  endfacet
  facet normal 0.243494 0 0.969902
    outer loop
      vertex 40.2903 0 24.9569
      vertex 40.1951 200 24.9808
      vertex 40.1951 0 24.9808
    endloop
  endfacet
  facet normal 0.146696 0 0.989182
    outer loop
      vertex 40.098 200 24.9952
      vertex 40.1951 0 24.9808
      vertex 40.1951 200 24.9808
    endloop
  endfacet
  facet normal 0.146696 0 0.989182
    outer loop
      vertex 40.1951 0 24.9808
      vertex 40.098 200 24.9952
      vertex 40.098 0 24.9952
    endloop
  endfacet
  facet normal 0.0489209 0 0.998803
    outer loop
      vertex 40 200 25
      vertex 40.098 0 24.9952
      vertex 40.098 200 24.9952
    endloop
  endfacet
  facet normal 0.0489209 0 0.998803
    outer loop
      vertex 40.098 0 24.9952
      vertex 40 200 25
      vertex 40 0 25
    endloop
  endfacet
  facet normal -0 0 1
    outer loop
      vertex 34 9.07251 25
      vertex 40 0 25
      vertex 40 200 25
    endloop
  endfacet
  facet normal 0 0 1
    outer loop
      vertex 34 9.07251 25
      vertex 40 200 25
      vertex 34 200 25
    endloop
  endfacet
  facet normal 0 0 1
    outer loop
      vertex 40 0 25
      vertex 34 9.07251 25
      vertex 35.0943 6.32721 25
    endloop
  endfacet
  facet normal 0 0 1
    outer loop
      vertex 34 0 25
      vertex 35.0943 6.32721 25
      vertex 34 5.55852 25
    endloop
  endfacet
  facet normal 0 0 1
    outer loop
      vertex 35.0943 6.32721 25
      vertex 34 0 25
      vertex 40 0 25
    endloop
  endfacet
  facet normal -0.0489209 0 0.998803
    outer loop
      vertex 33.902 9.31842 24.9952
      vertex 34 200 25
      vertex 33.902 200 24.9952
    endloop
  endfacet
  facet normal -0.0489209 0 0.998803
    outer loop
      vertex 34 200 25
      vertex 33.902 9.31842 24.9952
      vertex 34 9.07251 25
    endloop
  endfacet
  facet normal -0.0489209 0 0.998803
    outer loop
      vertex 33.902 5.48966 24.9952
      vertex 34 0 25
      vertex 34 5.55852 25
    endloop
  endfacet
  facet normal -0.0489209 0 0.998803
    outer loop
      vertex 34 0 25
      vertex 33.902 5.48966 24.9952
      vertex 33.902 0 24.9952
    endloop
  endfacet
  facet normal -0.146696 0 0.989182
    outer loop
      vertex 33.8049 9.56192 24.9808
      vertex 33.902 200 24.9952
      vertex 33.8049 200 24.9808
    endloop
  endfacet
  facet normal -0.146696 0 0.989182
    outer loop
      vertex 33.902 200 24.9952
      vertex 33.8049 9.56192 24.9808
      vertex 33.902 9.31842 24.9952
    endloop
  endfacet
  facet normal -0.146696 0 0.989182
    outer loop
      vertex 33.8049 5.42148 24.9808
      vertex 33.902 0 24.9952
      vertex 33.902 5.48966 24.9952
    endloop
  endfacet
  facet normal -0.146696 0 0.989182
    outer loop
      vertex 33.902 0 24.9952
      vertex 33.8049 5.42148 24.9808
      vertex 33.8049 0 24.9808
    endloop
  endfacet
  facet normal -0.243494 0 0.969902
    outer loop
      vertex 33.7097 9.80074 24.9569
      vertex 33.8049 200 24.9808
      vertex 33.7097 200 24.9569
    endloop
  endfacet
  facet normal -0.243494 0 0.969902
    outer loop
      vertex 33.8049 200 24.9808
      vertex 33.7097 9.80074 24.9569
      vertex 33.8049 9.56192 24.9808
    endloop
  endfacet
  facet normal -0.243494 0 0.969902
    outer loop
      vertex 33.7097 5.35461 24.9569
      vertex 33.8049 0 24.9808
      vertex 33.8049 5.42148 24.9808
    endloop
  endfacet
  facet normal -0.243494 0 0.969902
    outer loop
      vertex 33.8049 0 24.9808
      vertex 33.7097 5.35461 24.9569
      vertex 33.7097 0 24.9569
    endloop
  endfacet
  facet normal -0.336336 0 0.941742
    outer loop
      vertex 33.6173 10.0326 24.9239
      vertex 33.7097 200 24.9569
      vertex 33.6173 200 24.9239
    endloop
  endfacet
  facet normal -0.336336 0 0.941742
    outer loop
      vertex 33.7097 200 24.9569
      vertex 33.6173 10.0326 24.9239
      vertex 33.7097 9.80074 24.9569
    endloop
  endfacet
  facet normal -0.336336 0 0.941742
    outer loop
      vertex 33.6173 5.2897 24.9239
      vertex 33.7097 0 24.9569
      vertex 33.7097 5.35461 24.9569
    endloop
  endfacet
  facet normal -0.336336 0 0.941742
    outer loop
      vertex 33.7097 0 24.9569
      vertex 33.6173 5.2897 24.9239
      vertex 33.6173 0 24.9239
    endloop
  endfacet
  facet normal -0.427955 0 0.9038
    outer loop
      vertex 33.5286 10.2551 24.8819
      vertex 33.6173 200 24.9239
      vertex 33.5286 200 24.8819
    endloop
  endfacet
  facet normal -0.427955 0 0.9038
    outer loop
      vertex 33.6173 200 24.9239
      vertex 33.5286 10.2551 24.8819
      vertex 33.6173 10.0326 24.9239
    endloop
  endfacet
  facet normal -0.427955 0 0.9038
    outer loop
      vertex 33.5286 5.22739 24.8819
      vertex 33.6173 0 24.9239
      vertex 33.6173 5.2897 24.9239
    endloop
  endfacet
  facet normal -0.427955 0 0.9038
    outer loop
      vertex 33.6173 0 24.9239
      vertex 33.5286 5.22739 24.8819
      vertex 33.5286 0 24.8819
    endloop
  endfacet
  facet normal -0.513596 0 0.858032
    outer loop
      vertex 33.4444 10.4663 24.8315
      vertex 33.5286 200 24.8819
      vertex 33.4444 200 24.8315
    endloop
  endfacet
  facet normal -0.513596 0 0.858032
    outer loop
      vertex 33.5286 200 24.8819
      vertex 33.4444 10.4663 24.8315
      vertex 33.5286 10.2551 24.8819
    endloop
  endfacet
  facet normal -0.513596 0 0.858032
    outer loop
      vertex 33.4444 5.16826 24.8315
      vertex 33.5286 0 24.8819
      vertex 33.5286 5.22739 24.8819
    endloop
  endfacet
  facet normal -0.513596 0 0.858032
    outer loop
      vertex 33.5286 0 24.8819
      vertex 33.4444 5.16826 24.8315
      vertex 33.4444 0 24.8315
    endloop
  endfacet
  facet normal -0.59608 0 0.802925
    outer loop
      vertex 33.3656 10.664 24.773
      vertex 33.4444 200 24.8315
      vertex 33.3656 200 24.773
    endloop
  endfacet
  facet normal -0.59608 0 0.802925
    outer loop
      vertex 33.4444 200 24.8315
      vertex 33.3656 10.664 24.773
      vertex 33.4444 10.4663 24.8315
    endloop
  endfacet
  facet normal -0.59608 0 0.802925
    outer loop
      vertex 33.3656 5.11289 24.773
      vertex 33.4444 0 24.8315
      vertex 33.4444 5.16826 24.8315
    endloop
  endfacet
  facet normal -0.59608 0 0.802925
    outer loop
      vertex 33.4444 0 24.8315
      vertex 33.3656 5.11289 24.773
      vertex 33.3656 0 24.773
    endloop
  endfacet
  facet normal -0.671607 0 0.740908
    outer loop
      vertex 33.2929 10.8464 24.7071
      vertex 33.3656 200 24.773
      vertex 33.2929 200 24.7071
    endloop
  endfacet
  facet normal -0.671607 0 0.740908
    outer loop
      vertex 33.3656 200 24.773
      vertex 33.2929 10.8464 24.7071
      vertex 33.3656 10.664 24.773
    endloop
  endfacet
  facet normal -0.671607 0 0.740908
    outer loop
      vertex 33.2929 5.06182 24.7071
      vertex 33.3656 0 24.773
      vertex 33.3656 5.11289 24.773
    endloop
  endfacet
  facet normal -0.671607 0 0.740908
    outer loop
      vertex 33.3656 0 24.773
      vertex 33.2929 5.06182 24.7071
      vertex 33.2929 0 24.7071
    endloop
  endfacet
  facet normal -0.740908 0 0.671607
    outer loop
      vertex 33.227 11.0118 24.6344
      vertex 33.2929 200 24.7071
      vertex 33.227 200 24.6344
    endloop
  endfacet
  facet normal -0.740908 0 0.671607
    outer loop
      vertex 33.2929 200 24.7071
      vertex 33.227 11.0118 24.6344
      vertex 33.2929 10.8464 24.7071
    endloop
  endfacet
  facet normal -0.740908 0 0.671607
    outer loop
      vertex 33.2929 0 24.7071
      vertex 33.227 5.01552 24.6344
      vertex 33.227 0 24.6344
    endloop
  endfacet
  facet normal -0.740908 0 0.671607
    outer loop
      vertex 33.227 5.01552 24.6344
      vertex 33.2929 0 24.7071
      vertex 33.2929 5.06182 24.7071
    endloop
  endfacet
  facet normal -0.802925 0 0.59608
    outer loop
      vertex 33.1685 11.1584 24.5556
      vertex 33.227 200 24.6344
      vertex 33.1685 200 24.5556
    endloop
  endfacet
  facet normal -0.802925 0 0.59608
    outer loop
      vertex 33.227 200 24.6344
      vertex 33.1685 11.1584 24.5556
      vertex 33.227 11.0118 24.6344
    endloop
  endfacet
  facet normal -0.802925 0 0.59608
    outer loop
      vertex 33.227 0 24.6344
      vertex 33.1685 4.97446 24.5556
      vertex 33.1685 0 24.5556
    endloop
  endfacet
  facet normal -0.802925 0 0.59608
    outer loop
      vertex 33.1685 4.97446 24.5556
      vertex 33.227 0 24.6344
      vertex 33.227 5.01552 24.6344
    endloop
  endfacet
  facet normal -0.858032 0 0.513596
    outer loop
      vertex 33.1181 11.285 24.4714
      vertex 33.1685 200 24.5556
      vertex 33.1181 200 24.4714
    endloop
  endfacet
  facet normal -0.858032 0 0.513596
    outer loop
      vertex 33.1685 200 24.5556
      vertex 33.1181 11.285 24.4714
      vertex 33.1685 11.1584 24.5556
    endloop
  endfacet
  facet normal -0.858032 0 0.513596
    outer loop
      vertex 33.1685 0 24.5556
      vertex 33.1181 4.93902 24.4714
      vertex 33.1181 0 24.4714
    endloop
  endfacet
  facet normal -0.858032 0 0.513596
    outer loop
      vertex 33.1181 4.93902 24.4714
      vertex 33.1685 0 24.5556
      vertex 33.1685 4.97446 24.5556
    endloop
  endfacet
  facet normal -0.9038 0 0.427955
    outer loop
      vertex 33.0761 11.3902 24.3827
      vertex 33.1181 200 24.4714
      vertex 33.0761 200 24.3827
    endloop
  endfacet
  facet normal -0.9038 0 0.427955
    outer loop
      vertex 33.1181 200 24.4714
      vertex 33.0761 11.3902 24.3827
      vertex 33.1181 11.285 24.4714
    endloop
  endfacet
  facet normal -0.9038 0 0.427955
    outer loop
      vertex 33.1181 0 24.4714
      vertex 33.0761 4.90955 24.3827
      vertex 33.0761 0 24.3827
    endloop
  endfacet
  facet normal -0.9038 0 0.427955
    outer loop
      vertex 33.0761 4.90955 24.3827
      vertex 33.1181 0 24.4714
      vertex 33.1181 4.93902 24.4714
    endloop
  endfacet
  facet normal -0.941742 0 0.336336
    outer loop
      vertex 33.0431 11.4732 24.2903
      vertex 33.0761 200 24.3827
      vertex 33.0431 200 24.2903
    endloop
  endfacet
  facet normal -0.941742 0 0.336336
    outer loop
      vertex 33.0761 200 24.3827
      vertex 33.0431 11.4732 24.2903
      vertex 33.0761 11.3902 24.3827
    endloop
  endfacet
  facet normal -0.941742 0 0.336336
    outer loop
      vertex 33.0761 0 24.3827
      vertex 33.0431 4.88632 24.2903
      vertex 33.0431 0 24.2903
    endloop
  endfacet
  facet normal -0.941742 0 0.336336
    outer loop
      vertex 33.0431 4.88632 24.2903
      vertex 33.0761 0 24.3827
      vertex 33.0761 4.90955 24.3827
    endloop
  endfacet
  facet normal -0.969902 0 0.243494
    outer loop
      vertex 33.0192 11.533 24.1951
      vertex 33.0431 200 24.2903
      vertex 33.0192 200 24.1951
    endloop
  endfacet
  facet normal -0.969902 0 0.243494
    outer loop
      vertex 33.0431 200 24.2903
      vertex 33.0192 11.533 24.1951
      vertex 33.0431 11.4732 24.2903
    endloop
  endfacet
  facet normal -0.969902 0 0.243494
    outer loop
      vertex 33.0431 0 24.2903
      vertex 33.0192 4.86957 24.1951
      vertex 33.0192 0 24.1951
    endloop
  endfacet
  facet normal -0.969902 0 0.243494
    outer loop
      vertex 33.0192 4.86957 24.1951
      vertex 33.0431 0 24.2903
      vertex 33.0431 4.88632 24.2903
    endloop
  endfacet
  facet normal -0.989182 0 0.146696
    outer loop
      vertex 33.0048 11.5691 24.098
      vertex 33.0192 200 24.1951
      vertex 33.0048 200 24.098
    endloop
  endfacet
  facet normal -0.989182 0 0.146696
    outer loop
      vertex 33.0192 200 24.1951
      vertex 33.0048 11.5691 24.098
      vertex 33.0192 11.533 24.1951
    endloop
  endfacet
  facet normal -0.989182 0 0.146696
    outer loop
      vertex 33.0192 0 24.1951
      vertex 33.0048 4.85946 24.098
      vertex 33.0048 0 24.098
    endloop
  endfacet
  facet normal -0.989182 0 0.146696
    outer loop
      vertex 33.0048 4.85946 24.098
      vertex 33.0192 0 24.1951
      vertex 33.0192 4.86957 24.1951
    endloop
  endfacet
  facet normal -0.998803 0 0.0489209
    outer loop
      vertex 33 11.5812 24
      vertex 33.0048 200 24.098
      vertex 33 200 24
    endloop
  endfacet
  facet normal -0.998803 0 0.0489209
    outer loop
      vertex 33.0048 200 24.098
      vertex 33 11.5812 24
      vertex 33.0048 11.5691 24.098
    endloop
  endfacet
  facet normal -0.998803 0 0.0489209
    outer loop
      vertex 33.0048 0 24.098
      vertex 33 4.85608 24
      vertex 33 0 24
    endloop
  endfacet
  facet normal -0.998803 0 0.0489209
    outer loop
      vertex 33 4.85608 24
      vertex 33.0048 0 24.098
      vertex 33.0048 4.85946 24.098
    endloop
  endfacet
  facet normal -1 0 0
    outer loop
      vertex 33 200 5.02452
      vertex 33 183 14.5
      vertex 33 200 24
    endloop
  endfacet
  facet normal -1 0 0
    outer loop
      vertex 33 200 5.02452
      vertex 33 182.986 14.2059
      vertex 33 183 14.5
    endloop
  endfacet
  facet normal -1 0 0
    outer loop
      vertex 33 200 5.02452
      vertex 33 182.942 13.9147
      vertex 33 182.986 14.2059
    endloop
  endfacet
  facet normal -1 0 0
    outer loop
      vertex 33 200 5.02452
      vertex 33 182.871 13.6291
      vertex 33 182.942 13.9147
    endloop
  endfacet
  facet normal -1 0 0
    outer loop
      vertex 33 200 5.02452
      vertex 33 182.772 13.3519
      vertex 33 182.871 13.6291
    endloop
  endfacet
  facet normal -1 0 0
    outer loop
      vertex 33 200 5.02452
      vertex 33 182.646 13.0858
      vertex 33 182.772 13.3519
    endloop
  endfacet
  facet normal -1 0 0
    outer loop
      vertex 33 200 5.02452
      vertex 33 182.494 12.8333
      vertex 33 182.646 13.0858
    endloop
  endfacet
  facet normal -1 0 0
    outer loop
      vertex 33 200 5.02452
      vertex 33 182.319 12.5968
      vertex 33 182.494 12.8333
    endloop
  endfacet
  facet normal -1 0 0
    outer loop
      vertex 33 200 5.02452
      vertex 33 182.121 12.3787
      vertex 33 182.319 12.5968
    endloop
  endfacet
  facet normal -1 0 0
    outer loop
      vertex 33 200 5.02452
      vertex 33 181.903 12.181
      vertex 33 182.121 12.3787
    endloop
  endfacet
  facet normal -1 0 0
    outer loop
      vertex 33 200 5.02452
      vertex 33 181.667 12.0056
      vertex 33 181.903 12.181
    endloop
  endfacet
  facet normal -1 0 0
    outer loop
      vertex 33 200 5.02452
      vertex 33 181.414 11.8542
      vertex 33 181.667 12.0056
    endloop
  endfacet
  facet normal -1 0 0
    outer loop
      vertex 33 200 5.02452
      vertex 33 181.148 11.7284
      vertex 33 181.414 11.8542
    endloop
  endfacet
  facet normal -1 0 0
    outer loop
      vertex 33 200 5.02452
      vertex 33 180.871 11.6292
      vertex 33 181.148 11.7284
    endloop
  endfacet
  facet normal -1 0 0
    outer loop
      vertex 33 200 5.02452
      vertex 33 180.585 11.5576
      vertex 33 180.871 11.6292
    endloop
  endfacet
  facet normal -1 0 0
    outer loop
      vertex 33 200 5.02452
      vertex 33 180.294 11.5144
      vertex 33 180.585 11.5576
    endloop
  endfacet
  facet normal -1 0 0
    outer loop
      vertex 33 200 5.02452
      vertex 33 180 11.5
      vertex 33 180.294 11.5144
    endloop
  endfacet
  facet normal -1 0 0
    outer loop
      vertex 33 200 5.02452
      vertex 33 179.706 11.5144
      vertex 33 180 11.5
    endloop
  endfacet
  facet normal -1 0 0
    outer loop
      vertex 33 200 5.02452
      vertex 33 179.415 11.5576
      vertex 33 179.706 11.5144
    endloop
  endfacet
  facet normal -1 0 0
    outer loop
      vertex 33 140.585 11.5576
      vertex 33 179.415 11.5576
      vertex 33 200 5.02452
    endloop
  endfacet
  facet normal -1 0 0
    outer loop
      vertex 33 177.014 14.2059
      vertex 33 143 14.5
      vertex 33 177 14.5
    endloop
  endfacet
  facet normal -1 0 0
    outer loop
      vertex 33 142.986 14.2059
      vertex 33 177.014 14.2059
      vertex 33 177.058 13.9147
    endloop
  endfacet
  facet normal -1 0 0
    outer loop
      vertex 33 142.942 13.9147
      vertex 33 177.058 13.9147
      vertex 33 177.129 13.6291
    endloop
  endfacet
  facet normal -1 0 0
    outer loop
      vertex 33 142.871 13.6291
      vertex 33 177.129 13.6291
      vertex 33 177.228 13.3519
    endloop
  endfacet
  facet normal -1 0 0
    outer loop
      vertex 33 142.772 13.3519
      vertex 33 177.228 13.3519
      vertex 33 177.354 13.0858
    endloop
  endfacet
  facet normal -1 0 0
    outer loop
      vertex 33 142.646 13.0858
      vertex 33 177.354 13.0858
      vertex 33 177.506 12.8333
    endloop
  endfacet
  facet normal -1 0 0
    outer loop
      vertex 33 142.494 12.8333
      vertex 33 177.506 12.8333
      vertex 33 177.681 12.5968
    endloop
  endfacet
  facet normal -1 0 0
    outer loop
      vertex 33 142.319 12.5968
      vertex 33 177.681 12.5968
      vertex 33 177.879 12.3787
    endloop
  endfacet
  facet normal -1 0 0
    outer loop
      vertex 33 142.121 12.3787
      vertex 33 177.879 12.3787
      vertex 33 178.097 12.181
    endloop
  endfacet
  facet normal -1 0 0
    outer loop
      vertex 33 141.903 12.181
      vertex 33 178.097 12.181
      vertex 33 178.333 12.0056
    endloop
  endfacet
  facet normal -1 0 0
    outer loop
      vertex 33 141.667 12.0056
      vertex 33 178.333 12.0056
      vertex 33 178.586 11.8542
    endloop
  endfacet
  facet normal -1 0 0
    outer loop
      vertex 33 141.414 11.8542
      vertex 33 178.586 11.8542
      vertex 33 178.852 11.7284
    endloop
  endfacet
  facet normal -1 0 0
    outer loop
      vertex 33 141.148 11.7284
      vertex 33 178.852 11.7284
      vertex 33 179.129 11.6292
    endloop
  endfacet
  facet normal -1 0 0
    outer loop
      vertex 33 179.415 11.5576
      vertex 33 140.585 11.5576
      vertex 33 179.129 11.6292
    endloop
  endfacet
  facet normal -1 0 0
    outer loop
      vertex 33 177.014 14.2059
      vertex 33 142.986 14.2059
      vertex 33 143 14.5
    endloop
  endfacet
  facet normal -1 0 0
    outer loop
      vertex 33 177.058 13.9147
      vertex 33 142.942 13.9147
      vertex 33 142.986 14.2059
    endloop
  endfacet
  facet normal -1 0 0
    outer loop
      vertex 33 177.129 13.6291
      vertex 33 142.871 13.6291
      vertex 33 142.942 13.9147
    endloop
  endfacet
  facet normal -1 0 0
    outer loop
      vertex 33 177.228 13.3519
      vertex 33 142.772 13.3519
      vertex 33 142.871 13.6291
    endloop
  endfacet
  facet normal -1 0 0
    outer loop
      vertex 33 177.354 13.0858
      vertex 33 142.646 13.0858
      vertex 33 142.772 13.3519
    endloop
  endfacet
  facet normal -1 0 0
    outer loop
      vertex 33 177.506 12.8333
      vertex 33 142.494 12.8333
      vertex 33 142.646 13.0858
    endloop
  endfacet
  facet normal -1 0 0
    outer loop
      vertex 33 177.681 12.5968
      vertex 33 142.319 12.5968
      vertex 33 142.494 12.8333
    endloop
  endfacet
  facet normal -1 0 0
    outer loop
      vertex 33 177.879 12.3787
      vertex 33 142.121 12.3787
      vertex 33 142.319 12.5968
    endloop
  endfacet
  facet normal -1 0 0
    outer loop
      vertex 33 178.097 12.181
      vertex 33 141.903 12.181
      vertex 33 142.121 12.3787
    endloop
  endfacet
  facet normal -1 0 0
    outer loop
      vertex 33 178.333 12.0056
      vertex 33 141.667 12.0056
      vertex 33 141.903 12.181
    endloop
  endfacet
  facet normal -1 0 0
    outer loop
      vertex 33 178.586 11.8542
      vertex 33 141.414 11.8542
      vertex 33 141.667 12.0056
    endloop
  endfacet
  facet normal -1 0 0
    outer loop
      vertex 33 178.852 11.7284
      vertex 33 141.148 11.7284
      vertex 33 141.414 11.8542
    endloop
  endfacet
  facet normal -1 0 0
    outer loop
      vertex 33 179.129 11.6292
      vertex 33 140.871 11.6292
      vertex 33 141.148 11.7284
    endloop
  endfacet
  facet normal -1 -0 0
    outer loop
      vertex 33 179.129 11.6292
      vertex 33 140.585 11.5576
      vertex 33 140.871 11.6292
    endloop
  endfacet
  facet normal -1 0 0
    outer loop
      vertex 33 200 5.02452
      vertex 33 140.294 11.5144
      vertex 33 140.585 11.5576
    endloop
  endfacet
  facet normal -1 0 0
    outer loop
      vertex 33 200 5.02452
      vertex 33 140 11.5
      vertex 33 140.294 11.5144
    endloop
  endfacet
  facet normal -1 0 0
    outer loop
      vertex 33 200 5.02452
      vertex 33 139.706 11.5144
      vertex 33 140 11.5
    endloop
  endfacet
  facet normal -1 0 0
    outer loop
      vertex 33 137.014 14.2059
      vertex 33 103 14.5
      vertex 33 137 14.5
    endloop
  endfacet
  facet normal -1 0 0
    outer loop
      vertex 33 102.986 14.2059
      vertex 33 137.014 14.2059
      vertex 33 137.058 13.9147
    endloop
  endfacet
  facet normal -1 0 0
    outer loop
      vertex 33 102.942 13.9147
      vertex 33 137.058 13.9147
      vertex 33 137.129 13.6291
    endloop
  endfacet
  facet normal -1 0 0
    outer loop
      vertex 33 102.871 13.6291
      vertex 33 137.129 13.6291
      vertex 33 137.228 13.3519
    endloop
  endfacet
  facet normal -1 0 0
    outer loop
      vertex 33 102.772 13.3519
      vertex 33 137.228 13.3519
      vertex 33 137.354 13.0858
    endloop
  endfacet
  facet normal -1 0 0
    outer loop
      vertex 33 102.646 13.0858
      vertex 33 137.354 13.0858
      vertex 33 137.506 12.8333
    endloop
  endfacet
  facet normal -1 0 0
    outer loop
      vertex 33 102.494 12.8333
      vertex 33 137.506 12.8333
      vertex 33 137.681 12.5968
    endloop
  endfacet
  facet normal -1 0 0
    outer loop
      vertex 33 102.319 12.5968
      vertex 33 137.681 12.5968
      vertex 33 137.879 12.3787
    endloop
  endfacet
  facet normal -1 0 0
    outer loop
      vertex 33 102.121 12.3787
      vertex 33 137.879 12.3787
      vertex 33 138.097 12.181
    endloop
  endfacet
  facet normal -1 0 0
    outer loop
      vertex 33 101.903 12.181
      vertex 33 138.097 12.181
      vertex 33 138.333 12.0056
    endloop
  endfacet
  facet normal -1 0 0
    outer loop
      vertex 33 101.667 12.0056
      vertex 33 138.333 12.0056
      vertex 33 138.586 11.8542
    endloop
  endfacet
  facet normal -1 0 0
    outer loop
      vertex 33 101.414 11.8542
      vertex 33 138.586 11.8542
      vertex 33 138.852 11.7284
    endloop
  endfacet
  facet normal -1 0 0
    outer loop
      vertex 33 101.148 11.7284
      vertex 33 138.852 11.7284
      vertex 33 139.129 11.6292
    endloop
  endfacet
  facet normal -1 0 0
    outer loop
      vertex 33 100.871 11.6292
      vertex 33 139.129 11.6292
      vertex 33 139.415 11.5576
    endloop
  endfacet
  facet normal -1 0 0
    outer loop
      vertex 33 100.585 11.5576
      vertex 33 139.415 11.5576
      vertex 33 139.706 11.5144
    endloop
  endfacet
  facet normal -1 0 0
    outer loop
      vertex 33 100.294 11.5144
      vertex 33 139.706 11.5144
      vertex 33 200 5.02452
    endloop
  endfacet
  facet normal -1 0 0
    outer loop
      vertex 33 137.014 14.2059
      vertex 33 102.986 14.2059
      vertex 33 103 14.5
    endloop
  endfacet
  facet normal -1 0 0
    outer loop
      vertex 33 137.058 13.9147
      vertex 33 102.942 13.9147
      vertex 33 102.986 14.2059
    endloop
  endfacet
  facet normal -1 0 0
    outer loop
      vertex 33 137.129 13.6291
      vertex 33 102.871 13.6291
      vertex 33 102.942 13.9147
    endloop
  endfacet
  facet normal -1 0 0
    outer loop
      vertex 33 137.228 13.3519
      vertex 33 102.772 13.3519
      vertex 33 102.871 13.6291
    endloop
  endfacet
  facet normal -1 0 0
    outer loop
      vertex 33 137.354 13.0858
      vertex 33 102.646 13.0858
      vertex 33 102.772 13.3519
    endloop
  endfacet
  facet normal -1 0 0
    outer loop
      vertex 33 137.506 12.8333
      vertex 33 102.494 12.8333
      vertex 33 102.646 13.0858
    endloop
  endfacet
  facet normal -1 0 0
    outer loop
      vertex 33 137.681 12.5968
      vertex 33 102.319 12.5968
      vertex 33 102.494 12.8333
    endloop
  endfacet
  facet normal -1 0 0
    outer loop
      vertex 33 137.879 12.3787
      vertex 33 102.121 12.3787
      vertex 33 102.319 12.5968
    endloop
  endfacet
  facet normal -1 0 0
    outer loop
      vertex 33 138.097 12.181
      vertex 33 101.903 12.181
      vertex 33 102.121 12.3787
    endloop
  endfacet
  facet normal -1 0 0
    outer loop
      vertex 33 138.333 12.0056
      vertex 33 101.667 12.0056
      vertex 33 101.903 12.181
    endloop
  endfacet
  facet normal -1 0 0
    outer loop
      vertex 33 138.586 11.8542
      vertex 33 101.414 11.8542
      vertex 33 101.667 12.0056
    endloop
  endfacet
  facet normal -1 0 0
    outer loop
      vertex 33 138.852 11.7284
      vertex 33 101.148 11.7284
      vertex 33 101.414 11.8542
    endloop
  endfacet
  facet normal -1 0 0
    outer loop
      vertex 33 139.129 11.6292
      vertex 33 100.871 11.6292
      vertex 33 101.148 11.7284
    endloop
  endfacet
  facet normal -1 0 0
    outer loop
      vertex 33 139.415 11.5576
      vertex 33 100.585 11.5576
      vertex 33 100.871 11.6292
    endloop
  endfacet
  facet normal -1 0 0
    outer loop
      vertex 33 139.706 11.5144
      vertex 33 100.294 11.5144
      vertex 33 100.585 11.5576
    endloop
  endfacet
  facet normal -1 0 0
    outer loop
      vertex 33 200 5.02452
      vertex 33 100 11.5
      vertex 33 100.294 11.5144
    endloop
  endfacet
  facet normal -1 0 0
    outer loop
      vertex 33 11.5812 5.02452
      vertex 33 100 11.5
      vertex 33 200 5.02452
    endloop
  endfacet
  facet normal -1 0 0
    outer loop
      vertex 33 97.0144 14.2059
      vertex 33 63 14.5
      vertex 33 97 14.5
    endloop
  endfacet
  facet normal -1 0 0
    outer loop
      vertex 33 62.9856 14.2059
      vertex 33 97.0144 14.2059
      vertex 33 97.0576 13.9147
    endloop
  endfacet
  facet normal -1 0 0
    outer loop
      vertex 33 62.9424 13.9147
      vertex 33 97.0576 13.9147
      vertex 33 97.1292 13.6291
    endloop
  endfacet
  facet normal -1 0 0
    outer loop
      vertex 33 62.8708 13.6291
      vertex 33 97.1292 13.6291
      vertex 33 97.2284 13.3519
    endloop
  endfacet
  facet normal -1 0 0
    outer loop
      vertex 33 62.7716 13.3519
      vertex 33 97.2284 13.3519
      vertex 33 97.3542 13.0858
    endloop
  endfacet
  facet normal -1 0 0
    outer loop
      vertex 33 62.6458 13.0858
      vertex 33 97.3542 13.0858
      vertex 33 97.5056 12.8333
    endloop
  endfacet
  facet normal -1 0 0
    outer loop
      vertex 33 62.4944 12.8333
      vertex 33 97.5056 12.8333
      vertex 33 97.681 12.5968
    endloop
  endfacet
  facet normal -1 0 0
    outer loop
      vertex 33 62.319 12.5968
      vertex 33 97.681 12.5968
      vertex 33 97.8787 12.3787
    endloop
  endfacet
  facet normal -1 0 0
    outer loop
      vertex 33 62.1213 12.3787
      vertex 33 97.8787 12.3787
      vertex 33 98.0968 12.181
    endloop
  endfacet
  facet normal -1 0 0
    outer loop
      vertex 33 61.9032 12.181
      vertex 33 98.0968 12.181
      vertex 33 98.3333 12.0056
    endloop
  endfacet
  facet normal -1 0 0
    outer loop
      vertex 33 61.6667 12.0056
      vertex 33 98.3333 12.0056
      vertex 33 98.5858 11.8542
    endloop
  endfacet
  facet normal -1 0 0
    outer loop
      vertex 33 61.4142 11.8542
      vertex 33 98.5858 11.8542
      vertex 33 98.852 11.7284
    endloop
  endfacet
  facet normal -1 0 0
    outer loop
      vertex 33 61.148 11.7284
      vertex 33 98.852 11.7284
      vertex 33 99.1291 11.6292
    endloop
  endfacet
  facet normal -1 0 0
    outer loop
      vertex 33 60.8709 11.6292
      vertex 33 99.1291 11.6292
      vertex 33 99.4147 11.5576
    endloop
  endfacet
  facet normal -1 0 0
    outer loop
      vertex 33 60.5853 11.5576
      vertex 33 99.4147 11.5576
      vertex 33 99.7059 11.5144
    endloop
  endfacet
  facet normal -1 0 0
    outer loop
      vertex 33 97.0144 14.2059
      vertex 33 62.9856 14.2059
      vertex 33 63 14.5
    endloop
  endfacet
  facet normal -1 0 0
    outer loop
      vertex 33 97.0576 13.9147
      vertex 33 62.9424 13.9147
      vertex 33 62.9856 14.2059
    endloop
  endfacet
  facet normal -1 0 0
    outer loop
      vertex 33 97.1292 13.6291
      vertex 33 62.8708 13.6291
      vertex 33 62.9424 13.9147
    endloop
  endfacet
  facet normal -1 -0 0
    outer loop
      vertex 33 100 11.5
      vertex 33 11.5812 5.02452
      vertex 33 99.7059 11.5144
    endloop
  endfacet
  facet normal -1 0 0
    outer loop
      vertex 33 97.2284 13.3519
      vertex 33 62.7716 13.3519
      vertex 33 62.8708 13.6291
    endloop
  endfacet
  facet normal -1 0 0
    outer loop
      vertex 33 97.3542 13.0858
      vertex 33 62.6458 13.0858
      vertex 33 62.7716 13.3519
    endloop
  endfacet
  facet normal -1 0 0
    outer loop
      vertex 33 97.5056 12.8333
      vertex 33 62.4944 12.8333
      vertex 33 62.6458 13.0858
    endloop
  endfacet
  facet normal -1 0 0
    outer loop
      vertex 33 97.681 12.5968
      vertex 33 62.319 12.5968
      vertex 33 62.4944 12.8333
    endloop
  endfacet
  facet normal -1 0 0
    outer loop
      vertex 33 97.8787 12.3787
      vertex 33 62.1213 12.3787
      vertex 33 62.319 12.5968
    endloop
  endfacet
  facet normal -1 0 0
    outer loop
      vertex 33 98.0968 12.181
      vertex 33 61.9032 12.181
      vertex 33 62.1213 12.3787
    endloop
  endfacet
  facet normal -1 0 0
    outer loop
      vertex 33 98.3333 12.0056
      vertex 33 61.6667 12.0056
      vertex 33 61.9032 12.181
    endloop
  endfacet
  facet normal -1 0 0
    outer loop
      vertex 33 98.5858 11.8542
      vertex 33 61.4142 11.8542
      vertex 33 61.6667 12.0056
    endloop
  endfacet
  facet normal -1 0 0
    outer loop
      vertex 33 98.852 11.7284
      vertex 33 61.148 11.7284
      vertex 33 61.4142 11.8542
    endloop
  endfacet
  facet normal -1 0 0
    outer loop
      vertex 33 99.1291 11.6292
      vertex 33 60.8709 11.6292
      vertex 33 61.148 11.7284
    endloop
  endfacet
  facet normal -1 0 0
    outer loop
      vertex 33 99.4147 11.5576
      vertex 33 60.5853 11.5576
      vertex 33 60.8709 11.6292
    endloop
  endfacet
  facet normal -1 0 0
    outer loop
      vertex 33 99.7059 11.5144
      vertex 33 60.2941 11.5144
      vertex 33 60.5853 11.5576
    endloop
  endfacet
  facet normal -1 -0 0
    outer loop
      vertex 33 99.7059 11.5144
      vertex 33 11.5812 5.02452
      vertex 33 60.2941 11.5144
    endloop
  endfacet
  facet normal -1 0 0
    outer loop
      vertex 33 57.0144 14.2059
      vertex 33 23 14.5
      vertex 33 57 14.5
    endloop
  endfacet
  facet normal -1 0 0
    outer loop
      vertex 33 22.9856 14.2059
      vertex 33 57.0144 14.2059
      vertex 33 57.0576 13.9147
    endloop
  endfacet
  facet normal -1 0 0
    outer loop
      vertex 33 22.9424 13.9147
      vertex 33 57.0576 13.9147
      vertex 33 57.1292 13.6291
    endloop
  endfacet
  facet normal -1 0 0
    outer loop
      vertex 33 22.8708 13.6291
      vertex 33 57.1292 13.6291
      vertex 33 57.2284 13.3519
    endloop
  endfacet
  facet normal -1 0 0
    outer loop
      vertex 33 22.7716 13.3519
      vertex 33 57.2284 13.3519
      vertex 33 57.3542 13.0858
    endloop
  endfacet
  facet normal -1 0 0
    outer loop
      vertex 33 22.6458 13.0858
      vertex 33 57.3542 13.0858
      vertex 33 57.5056 12.8333
    endloop
  endfacet
  facet normal -1 0 0
    outer loop
      vertex 33 22.4944 12.8333
      vertex 33 57.5056 12.8333
      vertex 33 57.681 12.5968
    endloop
  endfacet
  facet normal -1 0 0
    outer loop
      vertex 33 22.319 12.5968
      vertex 33 57.681 12.5968
      vertex 33 57.8787 12.3787
    endloop
  endfacet
  facet normal -1 0 0
    outer loop
      vertex 33 22.1213 12.3787
      vertex 33 57.8787 12.3787
      vertex 33 58.0968 12.181
    endloop
  endfacet
  facet normal -1 0 0
    outer loop
      vertex 33 21.9032 12.181
      vertex 33 58.0968 12.181
      vertex 33 58.3333 12.0056
    endloop
  endfacet
  facet normal -1 0 0
    outer loop
      vertex 33 21.6667 12.0056
      vertex 33 58.3333 12.0056
      vertex 33 58.5858 11.8542
    endloop
  endfacet
  facet normal -1 0 0
    outer loop
      vertex 33 11.5812 5.02452
      vertex 33 58.5858 11.8542
      vertex 33 58.852 11.7284
    endloop
  endfacet
  facet normal -1 0 0
    outer loop
      vertex 33 11.5812 5.02452
      vertex 33 58.852 11.7284
      vertex 33 59.1291 11.6292
    endloop
  endfacet
  facet normal -1 0 0
    outer loop
      vertex 33 11.5812 5.02452
      vertex 33 59.1291 11.6292
      vertex 33 59.4147 11.5576
    endloop
  endfacet
  facet normal -1 0 0
    outer loop
      vertex 33 11.5812 5.02452
      vertex 33 59.4147 11.5576
      vertex 33 59.7059 11.5144
    endloop
  endfacet
  facet normal -1 0 0
    outer loop
      vertex 33 57.0144 14.2059
      vertex 33 22.9856 14.2059
      vertex 33 23 14.5
    endloop
  endfacet
  facet normal -1 0 0
    outer loop
      vertex 33 57.0576 13.9147
      vertex 33 22.9424 13.9147
      vertex 33 22.9856 14.2059
    endloop
  endfacet
  facet normal -1 0 0
    outer loop
      vertex 33 57.1292 13.6291
      vertex 33 22.8708 13.6291
      vertex 33 22.9424 13.9147
    endloop
  endfacet
  facet normal -1 0 0
    outer loop
      vertex 33 57.2284 13.3519
      vertex 33 22.7716 13.3519
      vertex 33 22.8708 13.6291
    endloop
  endfacet
  facet normal -1 0 0
    outer loop
      vertex 33 57.3542 13.0858
      vertex 33 22.6458 13.0858
      vertex 33 22.7716 13.3519
    endloop
  endfacet
  facet normal -1 0 0
    outer loop
      vertex 33 11.5812 5.02452
      vertex 33 59.7059 11.5144
      vertex 33 60 11.5
    endloop
  endfacet
  facet normal -1 0 0
    outer loop
      vertex 33 60.2941 11.5144
      vertex 33 11.5812 5.02452
      vertex 33 60 11.5
    endloop
  endfacet
  facet normal -1 0 0
    outer loop
      vertex 33 57.5056 12.8333
      vertex 33 22.4944 12.8333
      vertex 33 22.6458 13.0858
    endloop
  endfacet
  facet normal -1 0 0
    outer loop
      vertex 33 57.681 12.5968
      vertex 33 22.319 12.5968
      vertex 33 22.4944 12.8333
    endloop
  endfacet
  facet normal -1 0 0
    outer loop
      vertex 33 57.8787 12.3787
      vertex 33 22.1213 12.3787
      vertex 33 22.319 12.5968
    endloop
  endfacet
  facet normal -1 0 0
    outer loop
      vertex 33 58.0968 12.181
      vertex 33 21.9032 12.181
      vertex 33 22.1213 12.3787
    endloop
  endfacet
  facet normal -1 0 0
    outer loop
      vertex 33 58.3333 12.0056
      vertex 33 21.6667 12.0056
      vertex 33 21.9032 12.181
    endloop
  endfacet
  facet normal -1 -0 0
    outer loop
      vertex 33 58.5858 11.8542
      vertex 33 11.5812 5.02452
      vertex 33 21.4142 11.8542
    endloop
  endfacet
  facet normal -1 0 0
    outer loop
      vertex 33 58.5858 11.8542
      vertex 33 21.4142 11.8542
      vertex 33 21.6667 12.0056
    endloop
  endfacet
  facet normal -1 0 0
    outer loop
      vertex 33 21.4142 11.8542
      vertex 33 11.5812 5.02452
      vertex 33 21.148 11.7284
    endloop
  endfacet
  facet normal -1 0 0
    outer loop
      vertex 33 21.148 11.7284
      vertex 33 11.5812 5.02452
      vertex 33 20.8709 11.6292
    endloop
  endfacet
  facet normal -1 0 0
    outer loop
      vertex 33 20.8709 11.6292
      vertex 33 11.5812 5.02452
      vertex 33 20.5853 11.5576
    endloop
  endfacet
  facet normal -1 0 0
    outer loop
      vertex 33 20.5853 11.5576
      vertex 33 11.5812 5.02452
      vertex 33 20.2941 11.5144
    endloop
  endfacet
  facet normal -1 -0 0
    outer loop
      vertex 33 17.0144 14.2059
      vertex 33 11.5812 5.02452
      vertex 33 17 14.5
    endloop
  endfacet
  facet normal -1 -0 0
    outer loop
      vertex 33 17.0576 13.9147
      vertex 33 11.5812 5.02452
      vertex 33 17.0144 14.2059
    endloop
  endfacet
  facet normal -1 -0 0
    outer loop
      vertex 33 17.1292 13.6291
      vertex 33 11.5812 5.02452
      vertex 33 17.0576 13.9147
    endloop
  endfacet
  facet normal -1 -0 0
    outer loop
      vertex 33 17.2284 13.3519
      vertex 33 11.5812 5.02452
      vertex 33 17.1292 13.6291
    endloop
  endfacet
  facet normal -1 -0 0
    outer loop
      vertex 33 17.3542 13.0858
      vertex 33 11.5812 5.02452
      vertex 33 17.2284 13.3519
    endloop
  endfacet
  facet normal -1 -0 0
    outer loop
      vertex 33 17.5056 12.8333
      vertex 33 11.5812 5.02452
      vertex 33 17.3542 13.0858
    endloop
  endfacet
  facet normal -1 -0 0
    outer loop
      vertex 33 17.681 12.5968
      vertex 33 11.5812 5.02452
      vertex 33 17.5056 12.8333
    endloop
  endfacet
  facet normal -1 -0 0
    outer loop
      vertex 33 17.8787 12.3787
      vertex 33 11.5812 5.02452
      vertex 33 17.681 12.5968
    endloop
  endfacet
  facet normal -1 -0 0
    outer loop
      vertex 33 18.0968 12.181
      vertex 33 11.5812 5.02452
      vertex 33 17.8787 12.3787
    endloop
  endfacet
  facet normal -1 -0 0
    outer loop
      vertex 33 18.3333 12.0056
      vertex 33 11.5812 5.02452
      vertex 33 18.0968 12.181
    endloop
  endfacet
  facet normal -1 -0 0
    outer loop
      vertex 33 18.5858 11.8542
      vertex 33 11.5812 5.02452
      vertex 33 18.3333 12.0056
    endloop
  endfacet
  facet normal -1 -0 0
    outer loop
      vertex 33 18.8519 11.7284
      vertex 33 11.5812 5.02452
      vertex 33 18.5858 11.8542
    endloop
  endfacet
  facet normal -1 -0 0
    outer loop
      vertex 33 19.1291 11.6292
      vertex 33 11.5812 5.02452
      vertex 33 18.8519 11.7284
    endloop
  endfacet
  facet normal -1 -0 0
    outer loop
      vertex 33 19.4147 11.5576
      vertex 33 11.5812 5.02452
      vertex 33 19.1291 11.6292
    endloop
  endfacet
  facet normal -1 -0 0
    outer loop
      vertex 33 19.7059 11.5144
      vertex 33 11.5812 5.02452
      vertex 33 19.4147 11.5576
    endloop
  endfacet
  facet normal -1 -0 0
    outer loop
      vertex 33 20 11.5
      vertex 33 11.5812 5.02452
      vertex 33 19.7059 11.5144
    endloop
  endfacet
  facet normal -1 0 0
    outer loop
      vertex 33 20.2941 11.5144
      vertex 33 11.5812 5.02452
      vertex 33 20 11.5
    endloop
  endfacet
  facet normal -1 0 0
    outer loop
      vertex 33 182.986 14.7941
      vertex 33 200 24
      vertex 33 183 14.5
    endloop
  endfacet
  facet normal -1 0 0
    outer loop
      vertex 33 182.942 15.0853
      vertex 33 200 24
      vertex 33 182.986 14.7941
    endloop
  endfacet
  facet normal -1 0 0
    outer loop
      vertex 33 182.871 15.3709
      vertex 33 200 24
      vertex 33 182.942 15.0853
    endloop
  endfacet
  facet normal -1 0 0
    outer loop
      vertex 33 182.772 15.648
      vertex 33 200 24
      vertex 33 182.871 15.3709
    endloop
  endfacet
  facet normal -1 0 0
    outer loop
      vertex 33 182.646 15.9142
      vertex 33 200 24
      vertex 33 182.772 15.648
    endloop
  endfacet
  facet normal -1 0 0
    outer loop
      vertex 33 182.494 16.1667
      vertex 33 200 24
      vertex 33 182.646 15.9142
    endloop
  endfacet
  facet normal -1 0 0
    outer loop
      vertex 33 182.319 16.4032
      vertex 33 200 24
      vertex 33 182.494 16.1667
    endloop
  endfacet
  facet normal -1 0 0
    outer loop
      vertex 33 182.121 16.6213
      vertex 33 200 24
      vertex 33 182.319 16.4032
    endloop
  endfacet
  facet normal -1 0 0
    outer loop
      vertex 33 180.106 18.8061
      vertex 33 200 24
      vertex 33 182.121 16.6213
    endloop
  endfacet
  facet normal -1 0 0
    outer loop
      vertex 33 180.095 18.816
      vertex 33 200 24
      vertex 33 180.106 18.8061
    endloop
  endfacet
  facet normal -1 0 0
    outer loop
      vertex 33 180.083 18.8247
      vertex 33 200 24
      vertex 33 180.095 18.816
    endloop
  endfacet
  facet normal -1 0 0
    outer loop
      vertex 33 180.071 18.8323
      vertex 33 200 24
      vertex 33 180.083 18.8247
    endloop
  endfacet
  facet normal -1 0 0
    outer loop
      vertex 33 180.057 18.8386
      vertex 33 200 24
      vertex 33 180.071 18.8323
    endloop
  endfacet
  facet normal -1 0 0
    outer loop
      vertex 33 180.044 18.8435
      vertex 33 200 24
      vertex 33 180.057 18.8386
    endloop
  endfacet
  facet normal -1 0 0
    outer loop
      vertex 33 180.029 18.8471
      vertex 33 200 24
      vertex 33 180.044 18.8435
    endloop
  endfacet
  facet normal -1 0 0
    outer loop
      vertex 33 180.015 18.8493
      vertex 33 200 24
      vertex 33 180.029 18.8471
    endloop
  endfacet
  facet normal -1 0 0
    outer loop
      vertex 33 180 18.85
      vertex 33 200 24
      vertex 33 180.015 18.8493
    endloop
  endfacet
  facet normal -1 0 0
    outer loop
      vertex 33 179.985 18.8493
      vertex 33 200 24
      vertex 33 180 18.85
    endloop
  endfacet
  facet normal -1 0 0
    outer loop
      vertex 33 179.971 18.8471
      vertex 33 200 24
      vertex 33 179.985 18.8493
    endloop
  endfacet
  facet normal -1 0 0
    outer loop
      vertex 33 140.029 18.8471
      vertex 33 179.971 18.8471
      vertex 33 179.956 18.8435
    endloop
  endfacet
  facet normal -1 0 0
    outer loop
      vertex 33 143 14.5
      vertex 33 177.014 14.7941
      vertex 33 177 14.5
    endloop
  endfacet
  facet normal -1 0 0
    outer loop
      vertex 33 142.986 14.7941
      vertex 33 177.014 14.7941
      vertex 33 143 14.5
    endloop
  endfacet
  facet normal -1 0 0
    outer loop
      vertex 33 177.014 14.7941
      vertex 33 142.986 14.7941
      vertex 33 177.058 15.0853
    endloop
  endfacet
  facet normal -1 0 0
    outer loop
      vertex 33 142.942 15.0853
      vertex 33 177.058 15.0853
      vertex 33 142.986 14.7941
    endloop
  endfacet
  facet normal -1 0 0
    outer loop
      vertex 33 177.058 15.0853
      vertex 33 142.942 15.0853
      vertex 33 177.129 15.3709
    endloop
  endfacet
  facet normal -1 0 0
    outer loop
      vertex 33 142.871 15.3709
      vertex 33 177.129 15.3709
      vertex 33 142.942 15.0853
    endloop
  endfacet
  facet normal -1 0 0
    outer loop
      vertex 33 177.129 15.3709
      vertex 33 142.871 15.3709
      vertex 33 177.228 15.648
    endloop
  endfacet
  facet normal -1 0 0
    outer loop
      vertex 33 142.772 15.648
      vertex 33 177.228 15.648
      vertex 33 142.871 15.3709
    endloop
  endfacet
  facet normal -1 0 0
    outer loop
      vertex 33 177.228 15.648
      vertex 33 142.772 15.648
      vertex 33 177.354 15.9142
    endloop
  endfacet
  facet normal -1 0 0
    outer loop
      vertex 33 142.646 15.9142
      vertex 33 177.354 15.9142
      vertex 33 142.772 15.648
    endloop
  endfacet
  facet normal -1 0 0
    outer loop
      vertex 33 177.354 15.9142
      vertex 33 142.646 15.9142
      vertex 33 177.506 16.1667
    endloop
  endfacet
  facet normal -1 0 0
    outer loop
      vertex 33 142.494 16.1667
      vertex 33 177.506 16.1667
      vertex 33 142.646 15.9142
    endloop
  endfacet
  facet normal -1 0 0
    outer loop
      vertex 33 177.506 16.1667
      vertex 33 142.494 16.1667
      vertex 33 177.681 16.4032
    endloop
  endfacet
  facet normal -1 0 0
    outer loop
      vertex 33 142.319 16.4032
      vertex 33 177.681 16.4032
      vertex 33 142.494 16.1667
    endloop
  endfacet
  facet normal -1 0 0
    outer loop
      vertex 33 177.681 16.4032
      vertex 33 142.319 16.4032
      vertex 33 177.879 16.6213
    endloop
  endfacet
  facet normal -1 0 0
    outer loop
      vertex 33 142.121 16.6213
      vertex 33 177.879 16.6213
      vertex 33 142.319 16.4032
    endloop
  endfacet
  facet normal -1 0 0
    outer loop
      vertex 33 177.879 16.6213
      vertex 33 142.121 16.6213
      vertex 33 179.894 18.8061
    endloop
  endfacet
  facet normal -1 0 0
    outer loop
      vertex 33 140.106 18.8061
      vertex 33 179.894 18.8061
      vertex 33 142.121 16.6213
    endloop
  endfacet
  facet normal -1 0 0
    outer loop
      vertex 33 179.894 18.8061
      vertex 33 140.106 18.8061
      vertex 33 179.905 18.816
    endloop
  endfacet
  facet normal -1 0 0
    outer loop
      vertex 33 140.095 18.816
      vertex 33 179.905 18.816
      vertex 33 140.106 18.8061
    endloop
  endfacet
  facet normal -1 0 0
    outer loop
      vertex 33 179.905 18.816
      vertex 33 140.095 18.816
      vertex 33 179.917 18.8247
    endloop
  endfacet
  facet normal -1 0 0
    outer loop
      vertex 33 140.083 18.8247
      vertex 33 179.917 18.8247
      vertex 33 140.095 18.816
    endloop
  endfacet
  facet normal -1 0 0
    outer loop
      vertex 33 179.917 18.8247
      vertex 33 140.083 18.8247
      vertex 33 179.929 18.8323
    endloop
  endfacet
  facet normal -1 0 0
    outer loop
      vertex 33 140.071 18.8323
      vertex 33 179.929 18.8323
      vertex 33 140.083 18.8247
    endloop
  endfacet
  facet normal -1 0 0
    outer loop
      vertex 33 179.929 18.8323
      vertex 33 140.071 18.8323
      vertex 33 179.943 18.8386
    endloop
  endfacet
  facet normal -1 0 0
    outer loop
      vertex 33 140.057 18.8386
      vertex 33 179.943 18.8386
      vertex 33 140.071 18.8323
    endloop
  endfacet
  facet normal -1 0 0
    outer loop
      vertex 33 179.943 18.8386
      vertex 33 140.057 18.8386
      vertex 33 179.956 18.8435
    endloop
  endfacet
  facet normal -1 0 0
    outer loop
      vertex 33 140.044 18.8435
      vertex 33 179.956 18.8435
      vertex 33 140.057 18.8386
    endloop
  endfacet
  facet normal -1 0 0
    outer loop
      vertex 33 140.029 18.8471
      vertex 33 179.956 18.8435
      vertex 33 140.044 18.8435
    endloop
  endfacet
  facet normal -1 0 0
    outer loop
      vertex 33 179.971 18.8471
      vertex 33 140.029 18.8471
      vertex 33 200 24
    endloop
  endfacet
  facet normal -1 0 0
    outer loop
      vertex 33 140.015 18.8493
      vertex 33 200 24
      vertex 33 140.029 18.8471
    endloop
  endfacet
  facet normal -1 0 0
    outer loop
      vertex 33 140 18.85
      vertex 33 200 24
      vertex 33 140.015 18.8493
    endloop
  endfacet
  facet normal -1 0 0
    outer loop
      vertex 33 100 18.85
      vertex 33 140 18.85
      vertex 33 139.985 18.8493
    endloop
  endfacet
  facet normal -1 0 0
    outer loop
      vertex 33 103 14.5
      vertex 33 137.014 14.7941
      vertex 33 137 14.5
    endloop
  endfacet
  facet normal -1 0 0
    outer loop
      vertex 33 102.986 14.7941
      vertex 33 137.014 14.7941
      vertex 33 103 14.5
    endloop
  endfacet
  facet normal -1 0 0
    outer loop
      vertex 33 137.014 14.7941
      vertex 33 102.986 14.7941
      vertex 33 137.058 15.0853
    endloop
  endfacet
  facet normal -1 0 0
    outer loop
      vertex 33 102.942 15.0853
      vertex 33 137.058 15.0853
      vertex 33 102.986 14.7941
    endloop
  endfacet
  facet normal -1 0 0
    outer loop
      vertex 33 137.058 15.0853
      vertex 33 102.942 15.0853
      vertex 33 137.129 15.3709
    endloop
  endfacet
  facet normal -1 0 0
    outer loop
      vertex 33 102.871 15.3709
      vertex 33 137.129 15.3709
      vertex 33 102.942 15.0853
    endloop
  endfacet
  facet normal -1 0 0
    outer loop
      vertex 33 137.129 15.3709
      vertex 33 102.871 15.3709
      vertex 33 137.228 15.648
    endloop
  endfacet
  facet normal -1 0 0
    outer loop
      vertex 33 102.772 15.648
      vertex 33 137.228 15.648
      vertex 33 102.871 15.3709
    endloop
  endfacet
  facet normal -1 0 0
    outer loop
      vertex 33 137.228 15.648
      vertex 33 102.772 15.648
      vertex 33 137.354 15.9142
    endloop
  endfacet
  facet normal -1 0 0
    outer loop
      vertex 33 102.646 15.9142
      vertex 33 137.354 15.9142
      vertex 33 102.772 15.648
    endloop
  endfacet
  facet normal -1 0 0
    outer loop
      vertex 33 137.354 15.9142
      vertex 33 102.646 15.9142
      vertex 33 137.506 16.1667
    endloop
  endfacet
  facet normal -1 0 0
    outer loop
      vertex 33 102.494 16.1667
      vertex 33 137.506 16.1667
      vertex 33 102.646 15.9142
    endloop
  endfacet
  facet normal -1 0 0
    outer loop
      vertex 33 137.506 16.1667
      vertex 33 102.494 16.1667
      vertex 33 137.681 16.4032
    endloop
  endfacet
  facet normal -1 0 0
    outer loop
      vertex 33 102.319 16.4032
      vertex 33 137.681 16.4032
      vertex 33 102.494 16.1667
    endloop
  endfacet
  facet normal -1 0 0
    outer loop
      vertex 33 137.681 16.4032
      vertex 33 102.319 16.4032
      vertex 33 137.879 16.6213
    endloop
  endfacet
  facet normal -1 0 0
    outer loop
      vertex 33 102.121 16.6213
      vertex 33 137.879 16.6213
      vertex 33 102.319 16.4032
    endloop
  endfacet
  facet normal -1 0 0
    outer loop
      vertex 33 137.879 16.6213
      vertex 33 102.121 16.6213
      vertex 33 139.894 18.8061
    endloop
  endfacet
  facet normal -1 0 0
    outer loop
      vertex 33 100.106 18.8061
      vertex 33 139.894 18.8061
      vertex 33 102.121 16.6213
    endloop
  endfacet
  facet normal -1 0 0
    outer loop
      vertex 33 139.894 18.8061
      vertex 33 100.106 18.8061
      vertex 33 139.905 18.816
    endloop
  endfacet
  facet normal -1 0 0
    outer loop
      vertex 33 100.095 18.816
      vertex 33 139.905 18.816
      vertex 33 100.106 18.8061
    endloop
  endfacet
  facet normal -1 0 0
    outer loop
      vertex 33 139.905 18.816
      vertex 33 100.095 18.816
      vertex 33 139.917 18.8247
    endloop
  endfacet
  facet normal -1 0 0
    outer loop
      vertex 33 100.083 18.8247
      vertex 33 139.917 18.8247
      vertex 33 100.095 18.816
    endloop
  endfacet
  facet normal -1 0 0
    outer loop
      vertex 33 139.917 18.8247
      vertex 33 100.083 18.8247
      vertex 33 139.929 18.8323
    endloop
  endfacet
  facet normal -1 0 0
    outer loop
      vertex 33 100.071 18.8323
      vertex 33 139.929 18.8323
      vertex 33 100.083 18.8247
    endloop
  endfacet
  facet normal -1 0 0
    outer loop
      vertex 33 139.929 18.8323
      vertex 33 100.071 18.8323
      vertex 33 139.943 18.8386
    endloop
  endfacet
  facet normal -1 0 0
    outer loop
      vertex 33 100.057 18.8386
      vertex 33 139.943 18.8386
      vertex 33 100.071 18.8323
    endloop
  endfacet
  facet normal -1 0 0
    outer loop
      vertex 33 139.943 18.8386
      vertex 33 100.057 18.8386
      vertex 33 139.956 18.8435
    endloop
  endfacet
  facet normal -1 0 0
    outer loop
      vertex 33 100.044 18.8435
      vertex 33 139.956 18.8435
      vertex 33 100.057 18.8386
    endloop
  endfacet
  facet normal -1 0 0
    outer loop
      vertex 33 139.956 18.8435
      vertex 33 100.044 18.8435
      vertex 33 139.971 18.8471
    endloop
  endfacet
  facet normal -1 0 0
    outer loop
      vertex 33 100.029 18.8471
      vertex 33 139.971 18.8471
      vertex 33 100.044 18.8435
    endloop
  endfacet
  facet normal -1 0 0
    outer loop
      vertex 33 139.971 18.8471
      vertex 33 100.029 18.8471
      vertex 33 139.985 18.8493
    endloop
  endfacet
  facet normal -1 0 0
    outer loop
      vertex 33 100.015 18.8493
      vertex 33 139.985 18.8493
      vertex 33 100.029 18.8471
    endloop
  endfacet
  facet normal -1 0 0
    outer loop
      vertex 33 100 18.85
      vertex 33 139.985 18.8493
      vertex 33 100.015 18.8493
    endloop
  endfacet
  facet normal -1 0 0
    outer loop
      vertex 33 140 18.85
      vertex 33 100 18.85
      vertex 33 200 24
    endloop
  endfacet
  facet normal -1 0 0
    outer loop
      vertex 33 11.5812 24
      vertex 33 100 18.85
      vertex 33 99.9853 18.8493
    endloop
  endfacet
  facet normal -1 0 0
    outer loop
      vertex 33 63 14.5
      vertex 33 97.0144 14.7941
      vertex 33 97 14.5
    endloop
  endfacet
  facet normal -1 0 0
    outer loop
      vertex 33 62.9856 14.7941
      vertex 33 97.0144 14.7941
      vertex 33 63 14.5
    endloop
  endfacet
  facet normal -1 0 0
    outer loop
      vertex 33 97.0144 14.7941
      vertex 33 62.9856 14.7941
      vertex 33 97.0576 15.0853
    endloop
  endfacet
  facet normal -1 0 0
    outer loop
      vertex 33 62.9424 15.0853
      vertex 33 97.0576 15.0853
      vertex 33 62.9856 14.7941
    endloop
  endfacet
  facet normal -1 0 0
    outer loop
      vertex 33 97.0576 15.0853
      vertex 33 62.9424 15.0853
      vertex 33 97.1292 15.3709
    endloop
  endfacet
  facet normal -1 0 0
    outer loop
      vertex 33 62.8708 15.3709
      vertex 33 97.1292 15.3709
      vertex 33 62.9424 15.0853
    endloop
  endfacet
  facet normal -1 0 0
    outer loop
      vertex 33 97.1292 15.3709
      vertex 33 62.8708 15.3709
      vertex 33 97.2284 15.648
    endloop
  endfacet
  facet normal -1 0 0
    outer loop
      vertex 33 62.7716 15.648
      vertex 33 97.2284 15.648
      vertex 33 62.8708 15.3709
    endloop
  endfacet
  facet normal -1 0 0
    outer loop
      vertex 33 97.2284 15.648
      vertex 33 62.7716 15.648
      vertex 33 97.3542 15.9142
    endloop
  endfacet
  facet normal -1 0 0
    outer loop
      vertex 33 62.6458 15.9142
      vertex 33 97.3542 15.9142
      vertex 33 62.7716 15.648
    endloop
  endfacet
  facet normal -1 0 0
    outer loop
      vertex 33 97.3542 15.9142
      vertex 33 62.6458 15.9142
      vertex 33 97.5056 16.1667
    endloop
  endfacet
  facet normal -1 0 0
    outer loop
      vertex 33 62.4944 16.1667
      vertex 33 97.5056 16.1667
      vertex 33 62.6458 15.9142
    endloop
  endfacet
  facet normal -1 0 0
    outer loop
      vertex 33 97.5056 16.1667
      vertex 33 62.4944 16.1667
      vertex 33 97.681 16.4032
    endloop
  endfacet
  facet normal -1 0 0
    outer loop
      vertex 33 62.319 16.4032
      vertex 33 97.681 16.4032
      vertex 33 62.4944 16.1667
    endloop
  endfacet
  facet normal -1 0 0
    outer loop
      vertex 33 97.681 16.4032
      vertex 33 62.319 16.4032
      vertex 33 97.8787 16.6213
    endloop
  endfacet
  facet normal -1 0 0
    outer loop
      vertex 33 62.1213 16.6213
      vertex 33 97.8787 16.6213
      vertex 33 62.319 16.4032
    endloop
  endfacet
  facet normal -1 0 0
    outer loop
      vertex 33 97.8787 16.6213
      vertex 33 62.1213 16.6213
      vertex 33 99.8939 18.8061
    endloop
  endfacet
  facet normal -1 0 0
    outer loop
      vertex 33 60.1061 18.8061
      vertex 33 99.8939 18.8061
      vertex 33 62.1213 16.6213
    endloop
  endfacet
  facet normal -1 0 0
    outer loop
      vertex 33 99.8939 18.8061
      vertex 33 60.1061 18.8061
      vertex 33 99.9048 18.816
    endloop
  endfacet
  facet normal -1 0 0
    outer loop
      vertex 33 60.0952 18.816
      vertex 33 99.9048 18.816
      vertex 33 60.1061 18.8061
    endloop
  endfacet
  facet normal -1 0 0
    outer loop
      vertex 33 99.9048 18.816
      vertex 33 60.0952 18.816
      vertex 33 99.9167 18.8247
    endloop
  endfacet
  facet normal -1 0 0
    outer loop
      vertex 33 60.0833 18.8247
      vertex 33 99.9167 18.8247
      vertex 33 60.0952 18.816
    endloop
  endfacet
  facet normal -1 0 0
    outer loop
      vertex 33 99.9167 18.8247
      vertex 33 60.0833 18.8247
      vertex 33 99.9293 18.8323
    endloop
  endfacet
  facet normal -1 0 0
    outer loop
      vertex 33 60.0707 18.8323
      vertex 33 99.9293 18.8323
      vertex 33 60.0833 18.8247
    endloop
  endfacet
  facet normal -1 0 0
    outer loop
      vertex 33 99.9293 18.8323
      vertex 33 60.0707 18.8323
      vertex 33 99.9426 18.8386
    endloop
  endfacet
  facet normal -1 0 0
    outer loop
      vertex 33 60.0574 18.8386
      vertex 33 99.9426 18.8386
      vertex 33 60.0707 18.8323
    endloop
  endfacet
  facet normal -1 0 0
    outer loop
      vertex 33 99.9426 18.8386
      vertex 33 60.0574 18.8386
      vertex 33 99.9565 18.8435
    endloop
  endfacet
  facet normal -1 0 0
    outer loop
      vertex 33 60.0435 18.8435
      vertex 33 99.9565 18.8435
      vertex 33 60.0574 18.8386
    endloop
  endfacet
  facet normal -1 0 0
    outer loop
      vertex 33 99.9565 18.8435
      vertex 33 60.0435 18.8435
      vertex 33 99.9707 18.8471
    endloop
  endfacet
  facet normal -1 0 0
    outer loop
      vertex 33 60.0293 18.8471
      vertex 33 99.9707 18.8471
      vertex 33 60.0435 18.8435
    endloop
  endfacet
  facet normal -1 0 0
    outer loop
      vertex 33 99.9707 18.8471
      vertex 33 60.0293 18.8471
      vertex 33 99.9853 18.8493
    endloop
  endfacet
  facet normal -1 0 0
    outer loop
      vertex 33 60.0147 18.8493
      vertex 33 99.9853 18.8493
      vertex 33 60.0293 18.8471
    endloop
  endfacet
  facet normal -1 0 0
    outer loop
      vertex 33 11.5812 24
      vertex 33 99.9853 18.8493
      vertex 33 60.0147 18.8493
    endloop
  endfacet
  facet normal -1 0 0
    outer loop
      vertex 33 11.5812 24
      vertex 33 60.0147 18.8493
      vertex 33 60 18.85
    endloop
  endfacet
  facet normal -1 0 0
    outer loop
      vertex 33 23 14.5
      vertex 33 57.0144 14.7941
      vertex 33 57 14.5
    endloop
  endfacet
  facet normal -1 0 0
    outer loop
      vertex 33 22.9856 14.7941
      vertex 33 57.0144 14.7941
      vertex 33 23 14.5
    endloop
  endfacet
  facet normal -1 0 0
    outer loop
      vertex 33 57.0144 14.7941
      vertex 33 22.9856 14.7941
      vertex 33 57.0576 15.0853
    endloop
  endfacet
  facet normal -1 0 0
    outer loop
      vertex 33 22.9424 15.0853
      vertex 33 57.0576 15.0853
      vertex 33 22.9856 14.7941
    endloop
  endfacet
  facet normal -1 0 0
    outer loop
      vertex 33 57.0576 15.0853
      vertex 33 22.9424 15.0853
      vertex 33 57.1292 15.3709
    endloop
  endfacet
  facet normal -1 0 0
    outer loop
      vertex 33 22.8708 15.3709
      vertex 33 57.1292 15.3709
      vertex 33 22.9424 15.0853
    endloop
  endfacet
  facet normal -1 0 0
    outer loop
      vertex 33 57.1292 15.3709
      vertex 33 22.8708 15.3709
      vertex 33 57.2284 15.648
    endloop
  endfacet
  facet normal -1 0 0
    outer loop
      vertex 33 22.7716 15.648
      vertex 33 57.2284 15.648
      vertex 33 22.8708 15.3709
    endloop
  endfacet
  facet normal -1 0 0
    outer loop
      vertex 33 57.2284 15.648
      vertex 33 22.7716 15.648
      vertex 33 57.3542 15.9142
    endloop
  endfacet
  facet normal -1 0 0
    outer loop
      vertex 33 22.6458 15.9142
      vertex 33 57.3542 15.9142
      vertex 33 22.7716 15.648
    endloop
  endfacet
  facet normal -1 0 0
    outer loop
      vertex 33 57.3542 15.9142
      vertex 33 22.6458 15.9142
      vertex 33 57.5056 16.1667
    endloop
  endfacet
  facet normal -1 0 0
    outer loop
      vertex 33 22.4944 16.1667
      vertex 33 57.5056 16.1667
      vertex 33 22.6458 15.9142
    endloop
  endfacet
  facet normal -1 0 0
    outer loop
      vertex 33 57.5056 16.1667
      vertex 33 22.4944 16.1667
      vertex 33 57.681 16.4032
    endloop
  endfacet
  facet normal -1 0 0
    outer loop
      vertex 33 22.319 16.4032
      vertex 33 57.681 16.4032
      vertex 33 22.4944 16.1667
    endloop
  endfacet
  facet normal -1 0 0
    outer loop
      vertex 33 57.681 16.4032
      vertex 33 22.319 16.4032
      vertex 33 57.8787 16.6213
    endloop
  endfacet
  facet normal -1 0 0
    outer loop
      vertex 33 22.1213 16.6213
      vertex 33 57.8787 16.6213
      vertex 33 22.319 16.4032
    endloop
  endfacet
  facet normal -1 0 0
    outer loop
      vertex 33 57.8787 16.6213
      vertex 33 22.1213 16.6213
      vertex 33 59.8939 18.8061
    endloop
  endfacet
  facet normal -1 0 0
    outer loop
      vertex 33 20.1061 18.8061
      vertex 33 59.8939 18.8061
      vertex 33 22.1213 16.6213
    endloop
  endfacet
  facet normal -1 0 0
    outer loop
      vertex 33 59.8939 18.8061
      vertex 33 20.1061 18.8061
      vertex 33 59.9048 18.816
    endloop
  endfacet
  facet normal -1 0 0
    outer loop
      vertex 33 20.0952 18.816
      vertex 33 59.9048 18.816
      vertex 33 20.1061 18.8061
    endloop
  endfacet
  facet normal -1 0 0
    outer loop
      vertex 33 59.9048 18.816
      vertex 33 20.0952 18.816
      vertex 33 59.9167 18.8247
    endloop
  endfacet
  facet normal -1 0 0
    outer loop
      vertex 33 20.0833 18.8247
      vertex 33 59.9167 18.8247
      vertex 33 20.0952 18.816
    endloop
  endfacet
  facet normal -1 0 0
    outer loop
      vertex 33 59.9167 18.8247
      vertex 33 20.0833 18.8247
      vertex 33 59.9293 18.8323
    endloop
  endfacet
  facet normal -1 0 0
    outer loop
      vertex 33 20.0707 18.8323
      vertex 33 59.9293 18.8323
      vertex 33 20.0833 18.8247
    endloop
  endfacet
  facet normal -1 0 0
    outer loop
      vertex 33 59.9293 18.8323
      vertex 33 20.0707 18.8323
      vertex 33 59.9426 18.8386
    endloop
  endfacet
  facet normal -1 0 0
    outer loop
      vertex 33 11.5812 24
      vertex 33 59.9426 18.8386
      vertex 33 20.0707 18.8323
    endloop
  endfacet
  facet normal -1 0 0
    outer loop
      vertex 33 59.9426 18.8386
      vertex 33 11.5812 24
      vertex 33 59.9565 18.8435
    endloop
  endfacet
  facet normal -1 0 0
    outer loop
      vertex 33 59.9565 18.8435
      vertex 33 11.5812 24
      vertex 33 59.9707 18.8471
    endloop
  endfacet
  facet normal -1 0 0
    outer loop
      vertex 33 59.9707 18.8471
      vertex 33 11.5812 24
      vertex 33 59.9853 18.8493
    endloop
  endfacet
  facet normal -1 0 0
    outer loop
      vertex 33 59.9853 18.8493
      vertex 33 11.5812 24
      vertex 33 60 18.85
    endloop
  endfacet
  facet normal -1 0 0
    outer loop
      vertex 33 11.5812 24
      vertex 33 20.0707 18.8323
      vertex 33 20.0574 18.8386
    endloop
  endfacet
  facet normal -1 0 0
    outer loop
      vertex 33 11.5812 24
      vertex 33 20.0574 18.8386
      vertex 33 20.0435 18.8435
    endloop
  endfacet
  facet normal -1 0 0
    outer loop
      vertex 33 11.5812 24
      vertex 33 20.0435 18.8435
      vertex 33 20.0293 18.8471
    endloop
  endfacet
  facet normal -1 0 0
    outer loop
      vertex 33 11.5812 24
      vertex 33 20.0293 18.8471
      vertex 33 20.0147 18.8493
    endloop
  endfacet
  facet normal -1 0 0
    outer loop
      vertex 33 11.5812 24
      vertex 33 20.0147 18.8493
      vertex 33 20 18.85
    endloop
  endfacet
  facet normal -1 0 0
    outer loop
      vertex 33 11.5812 24
      vertex 33 17 14.5
      vertex 33 11.5812 5.02452
    endloop
  endfacet
  facet normal -1 0 0
    outer loop
      vertex 33 17 14.5
      vertex 33 11.5812 24
      vertex 33 17.0144 14.7941
    endloop
  endfacet
  facet normal -1 0 0
    outer loop
      vertex 33 17.0144 14.7941
      vertex 33 11.5812 24
      vertex 33 17.0576 15.0853
    endloop
  endfacet
  facet normal -1 0 0
    outer loop
      vertex 33 17.0576 15.0853
      vertex 33 11.5812 24
      vertex 33 17.1292 15.3709
    endloop
  endfacet
  facet normal -1 0 0
    outer loop
      vertex 33 17.1292 15.3709
      vertex 33 11.5812 24
      vertex 33 17.2284 15.648
    endloop
  endfacet
  facet normal -1 0 0
    outer loop
      vertex 33 100 18.85
      vertex 33 11.5812 24
      vertex 33 200 24
    endloop
  endfacet
  facet normal -1 0 0
    outer loop
      vertex 33 19.9853 18.8493
      vertex 33 11.5812 24
      vertex 33 20 18.85
    endloop
  endfacet
  facet normal -1 0 0
    outer loop
      vertex 33 19.9707 18.8471
      vertex 33 11.5812 24
      vertex 33 19.9853 18.8493
    endloop
  endfacet
  facet normal -1 0 0
    outer loop
      vertex 33 19.9565 18.8435
      vertex 33 11.5812 24
      vertex 33 19.9707 18.8471
    endloop
  endfacet
  facet normal -1 0 0
    outer loop
      vertex 33 19.9426 18.8386
      vertex 33 11.5812 24
      vertex 33 19.9565 18.8435
    endloop
  endfacet
  facet normal -1 0 0
    outer loop
      vertex 33 19.9293 18.8323
      vertex 33 11.5812 24
      vertex 33 19.9426 18.8386
    endloop
  endfacet
  facet normal -1 0 0
    outer loop
      vertex 33 19.9167 18.8247
      vertex 33 11.5812 24
      vertex 33 19.9293 18.8323
    endloop
  endfacet
  facet normal -1 0 0
    outer loop
      vertex 33 19.9048 18.816
      vertex 33 11.5812 24
      vertex 33 19.9167 18.8247
    endloop
  endfacet
  facet normal -1 0 0
    outer loop
      vertex 33 19.8939 18.8061
      vertex 33 11.5812 24
      vertex 33 19.9048 18.816
    endloop
  endfacet
  facet normal -1 0 0
    outer loop
      vertex 33 17.8787 16.6213
      vertex 33 11.5812 24
      vertex 33 19.8939 18.8061
    endloop
  endfacet
  facet normal -1 0 0
    outer loop
      vertex 33 17.681 16.4032
      vertex 33 11.5812 24
      vertex 33 17.8787 16.6213
    endloop
  endfacet
  facet normal -1 0 0
    outer loop
      vertex 33 17.5056 16.1667
      vertex 33 11.5812 24
      vertex 33 17.681 16.4032
    endloop
  endfacet
  facet normal -1 0 0
    outer loop
      vertex 33 17.3542 15.9142
      vertex 33 11.5812 24
      vertex 33 17.5056 16.1667
    endloop
  endfacet
  facet normal -1 0 0
    outer loop
      vertex 33 17.2284 15.648
      vertex 33 11.5812 24
      vertex 33 17.3542 15.9142
    endloop
  endfacet
  facet normal -1 0 0
    outer loop
      vertex 33 0 5.02452
      vertex 33 4.85608 24
      vertex 33 4.85608 5.02452
    endloop
  endfacet
  facet normal -1 -0 0
    outer loop
      vertex 33 4.85608 24
      vertex 33 0 5.02452
      vertex 33 0 24
    endloop
  endfacet
  facet normal -0.998801 0 0.0489528
    outer loop
      vertex 32.994 11.5963 4.9021
      vertex 33 200 5.02452
      vertex 32.994 200 4.9021
    endloop
  endfacet
  facet normal -0.998801 0 0.0489528
    outer loop
      vertex 33 200 5.02452
      vertex 32.994 11.5963 4.9021
      vertex 33 11.5812 5.02452
    endloop
  endfacet
  facet normal -0.998801 0 0.0489528
    outer loop
      vertex 33 0 5.02452
      vertex 32.994 4.85185 4.9021
      vertex 32.994 0 4.9021
    endloop
  endfacet
  facet normal -0.998801 0 0.0489528
    outer loop
      vertex 32.994 4.85185 4.9021
      vertex 33 0 5.02452
      vertex 33 4.85608 5.02452
    endloop
  endfacet
  facet normal -0.989157 0 0.146859
    outer loop
      vertex 32.9796 11.6324 4.80511
      vertex 32.994 200 4.9021
      vertex 32.9796 200 4.80511
    endloop
  endfacet
  facet normal -0.989157 0 0.146859
    outer loop
      vertex 32.994 200 4.9021
      vertex 32.9796 11.6324 4.80511
      vertex 32.994 11.5963 4.9021
    endloop
  endfacet
  facet normal -0.989157 0 0.146859
    outer loop
      vertex 32.994 0 4.9021
      vertex 32.9796 4.84175 4.80511
      vertex 32.9796 0 4.80511
    endloop
  endfacet
  facet normal -0.989157 0 0.146859
    outer loop
      vertex 32.9796 4.84175 4.80511
      vertex 32.994 0 4.9021
      vertex 32.994 4.85185 4.9021
    endloop
  endfacet
  facet normal -0.969986 0 0.243161
    outer loop
      vertex 32.9558 11.6921 4.71017
      vertex 32.9796 200 4.80511
      vertex 32.9558 200 4.71017
    endloop
  endfacet
  facet normal -0.969986 0 0.243161
    outer loop
      vertex 32.9796 200 4.80511
      vertex 32.9558 11.6921 4.71017
      vertex 32.9796 11.6324 4.80511
    endloop
  endfacet
  facet normal -0.969986 0 0.243161
    outer loop
      vertex 32.9796 0 4.80511
      vertex 32.9558 4.82504 4.71017
      vertex 32.9558 0 4.71017
    endloop
  endfacet
  facet normal -0.969986 0 0.243161
    outer loop
      vertex 32.9558 4.82504 4.71017
      vertex 32.9796 0 4.80511
      vertex 32.9796 4.84175 4.80511
    endloop
  endfacet
  facet normal -0.941477 0 0.337078
    outer loop
      vertex 32.9227 11.775 4.61772
      vertex 32.9558 200 4.71017
      vertex 32.9227 200 4.61772
    endloop
  endfacet
  facet normal -0.941477 0 0.337078
    outer loop
      vertex 32.9558 200 4.71017
      vertex 32.9227 11.775 4.61772
      vertex 32.9558 11.6921 4.71017
    endloop
  endfacet
  facet normal -0.941477 0 0.337078
    outer loop
      vertex 32.9558 0 4.71017
      vertex 32.9227 4.80181 4.61772
      vertex 32.9227 0 4.61772
    endloop
  endfacet
  facet normal -0.941477 0 0.337078
    outer loop
      vertex 32.9227 4.80181 4.61772
      vertex 32.9558 0 4.71017
      vertex 32.9558 4.82504 4.71017
    endloop
  endfacet
  facet normal -0.904178 0 0.427155
    outer loop
      vertex 32.8809 11.88 4.52924
      vertex 32.9227 200 4.61772
      vertex 32.8809 200 4.52924
    endloop
  endfacet
  facet normal -0.904178 0 0.427155
    outer loop
      vertex 32.9227 200 4.61772
      vertex 32.8809 11.88 4.52924
      vertex 32.9227 11.775 4.61772
    endloop
  endfacet
  facet normal -0.904178 0 0.427155
    outer loop
      vertex 32.9227 0 4.61772
      vertex 32.8809 4.77241 4.52924
      vertex 32.8809 0 4.52924
    endloop
  endfacet
  facet normal -0.904178 0 0.427155
    outer loop
      vertex 32.8809 4.77241 4.52924
      vertex 32.9227 0 4.61772
      vertex 32.9227 4.80181 4.61772
    endloop
  endfacet
  facet normal -0.857475 0 0.514526
    outer loop
      vertex 32.8304 12 4.44508
      vertex 32.8809 200 4.52924
      vertex 32.8304 200 4.44508
    endloop
  endfacet
  facet normal -0.851258 -6.24611e-06 0.524748
    outer loop
      vertex 32.8331 12 4.44946
      vertex 32.8809 200 4.52924
      vertex 32.8304 12 4.44508
    endloop
  endfacet
  facet normal -0.857815 0 0.513958
    outer loop
      vertex 32.8809 200 4.52924
      vertex 32.8331 12 4.44946
      vertex 32.8809 11.88 4.52924
    endloop
  endfacet
  facet normal -0.857475 0 0.514526
    outer loop
      vertex 32.8809 0 4.52924
      vertex 32.8304 4.73697 4.44508
      vertex 32.8304 0 4.44508
    endloop
  endfacet
  facet normal -0.857475 0 0.514526
    outer loop
      vertex 32.8304 4.73697 4.44508
      vertex 32.8809 0 4.52924
      vertex 32.8809 4.77241 4.52924
    endloop
  endfacet
  facet normal -0.803232 0 0.595667
    outer loop
      vertex 32.772 12 4.36633
      vertex 32.8304 200 4.44508
      vertex 32.772 200 4.36633
    endloop
  endfacet
  facet normal -0.803232 0 0.595667
    outer loop
      vertex 32.8304 200 4.44508
      vertex 32.772 12 4.36633
      vertex 32.8304 12 4.44508
    endloop
  endfacet
  facet normal -0.803232 0 0.595667
    outer loop
      vertex 32.8304 0 4.44508
      vertex 32.772 4.69595 4.36633
      vertex 32.772 0 4.36633
    endloop
  endfacet
  facet normal -0.803232 0 0.595667
    outer loop
      vertex 32.772 4.69595 4.36633
      vertex 32.8304 0 4.44508
      vertex 32.8304 4.73697 4.44508
    endloop
  endfacet
  facet normal -0.741371 0 0.671095
    outer loop
      vertex 32.7063 12 4.29375
      vertex 32.772 200 4.36633
      vertex 32.7063 200 4.29375
    endloop
  endfacet
  facet normal -0.741371 0 0.671095
    outer loop
      vertex 32.772 200 4.36633
      vertex 32.7063 12 4.29375
      vertex 32.772 12 4.36633
    endloop
  endfacet
  facet normal -0.741371 0 0.671095
    outer loop
      vertex 32.772 0 4.36633
      vertex 32.7063 4.64974 4.29375
      vertex 32.7063 0 4.29375
    endloop
  endfacet
  facet normal -0.741371 0 0.671095
    outer loop
      vertex 32.7063 4.64974 4.29375
      vertex 32.772 0 4.36633
      vertex 32.772 4.69595 4.36633
    endloop
  endfacet
  facet normal -0.671554 0 0.740955
    outer loop
      vertex 32.6337 200 4.22795
      vertex 32.7063 12 4.29375
      vertex 32.7063 200 4.29375
    endloop
  endfacet
  facet normal -0.671554 0 0.740955
    outer loop
      vertex 32.7063 12 4.29375
      vertex 32.6337 200 4.22795
      vertex 32.6337 12 4.22795
    endloop
  endfacet
  facet normal -0.671554 0 0.740955
    outer loop
      vertex 32.6337 4.59875 4.22795
      vertex 32.7063 0 4.29375
      vertex 32.7063 4.64974 4.29375
    endloop
  endfacet
  facet normal -0.671554 0 0.740955
    outer loop
      vertex 32.7063 0 4.29375
      vertex 32.6337 4.59875 4.22795
      vertex 32.6337 0 4.22795
    endloop
  endfacet
  facet normal -0.595357 0 0.803461
    outer loop
      vertex 32.5549 200 4.16956
      vertex 32.6337 12 4.22795
      vertex 32.6337 200 4.22795
    endloop
  endfacet
  facet normal -0.595357 0 0.803461
    outer loop
      vertex 32.6337 12 4.22795
      vertex 32.5549 200 4.16956
      vertex 32.5549 12 4.16956
    endloop
  endfacet
  facet normal -0.595357 0 0.803461
    outer loop
      vertex 32.5549 4.54343 4.16956
      vertex 32.6337 0 4.22795
      vertex 32.6337 4.59875 4.22795
    endloop
  endfacet
  facet normal -0.595357 0 0.803461
    outer loop
      vertex 32.6337 0 4.22795
      vertex 32.5549 4.54343 4.16956
      vertex 32.5549 0 4.16956
    endloop
  endfacet
  facet normal -0.514421 0 0.857538
    outer loop
      vertex 32.4708 200 4.11911
      vertex 32.5549 12 4.16956
      vertex 32.5549 200 4.16956
    endloop
  endfacet
  facet normal -0.514421 0 0.857538
    outer loop
      vertex 32.5549 12 4.16956
      vertex 32.4708 200 4.11911
      vertex 32.4708 12 4.11911
    endloop
  endfacet
  facet normal -0.514421 0 0.857538
    outer loop
      vertex 32.4708 4.48432 4.11911
      vertex 32.5549 0 4.16956
      vertex 32.5549 4.54343 4.16956
    endloop
  endfacet
  facet normal -0.514421 0 0.857538
    outer loop
      vertex 32.5549 0 4.16956
      vertex 32.4708 4.48432 4.11911
      vertex 32.4708 0 4.11911
    endloop
  endfacet
  facet normal -0.427493 0 0.904018
    outer loop
      vertex 32.3823 200 4.07726
      vertex 32.4708 12 4.11911
      vertex 32.4708 200 4.11911
    endloop
  endfacet
  facet normal -0.427493 0 0.904018
    outer loop
      vertex 32.4708 12 4.11911
      vertex 32.3823 200 4.07726
      vertex 32.3823 12 4.07726
    endloop
  endfacet
  facet normal -0.427493 0 0.904018
    outer loop
      vertex 32.3823 4.42216 4.07726
      vertex 32.4708 0 4.11911
      vertex 32.4708 4.48432 4.11911
    endloop
  endfacet
  facet normal -0.427493 0 0.904018
    outer loop
      vertex 32.4708 0 4.11911
      vertex 32.3823 4.42216 4.07726
      vertex 32.3823 0 4.07726
    endloop
  endfacet
  facet normal -0.336646 0 0.941631
    outer loop
      vertex 32.2898 200 4.04419
      vertex 32.3823 12 4.07726
      vertex 32.3823 200 4.07726
    endloop
  endfacet
  facet normal -0.336646 0 0.941631
    outer loop
      vertex 32.3823 12 4.07726
      vertex 32.2898 200 4.04419
      vertex 32.2898 12 4.04419
    endloop
  endfacet
  facet normal -0.336646 0 0.941631
    outer loop
      vertex 32.2898 4.35722 4.04419
      vertex 32.3823 0 4.07726
      vertex 32.3823 4.42216 4.07726
    endloop
  endfacet
  facet normal -0.336646 0 0.941631
    outer loop
      vertex 32.3823 0 4.07726
      vertex 32.2898 4.35722 4.04419
      vertex 32.2898 0 4.04419
    endloop
  endfacet
  facet normal -0.243161 0 0.969986
    outer loop
      vertex 32.1949 200 4.0204
      vertex 32.2898 12 4.04419
      vertex 32.2898 200 4.04419
    endloop
  endfacet
  facet normal -0.243161 0 0.969986
    outer loop
      vertex 32.2898 12 4.04419
      vertex 32.1949 200 4.0204
      vertex 32.1949 12 4.0204
    endloop
  endfacet
  facet normal -0.243161 0 0.969986
    outer loop
      vertex 32.1949 4.29053 4.0204
      vertex 32.2898 0 4.04419
      vertex 32.2898 4.35722 4.04419
    endloop
  endfacet
  facet normal -0.243161 0 0.969986
    outer loop
      vertex 32.2898 0 4.04419
      vertex 32.1949 4.29053 4.0204
      vertex 32.1949 0 4.0204
    endloop
  endfacet
  facet normal -0.146745 0 0.989174
    outer loop
      vertex 32.0979 200 4.00601
      vertex 32.1949 12 4.0204
      vertex 32.1949 200 4.0204
    endloop
  endfacet
  facet normal -0.146745 0 0.989174
    outer loop
      vertex 32.1949 12 4.0204
      vertex 32.0979 200 4.00601
      vertex 32.0979 12 4.00601
    endloop
  endfacet
  facet normal -0.146745 0 0.989174
    outer loop
      vertex 32.0979 4.2224 4.00601
      vertex 32.1949 0 4.0204
      vertex 32.1949 4.29053 4.0204
    endloop
  endfacet
  facet normal -0.146745 0 0.989174
    outer loop
      vertex 32.1949 0 4.0204
      vertex 32.0979 4.2224 4.00601
      vertex 32.0979 0 4.00601
    endloop
  endfacet
  facet normal -0.0490422 0 0.998797
    outer loop
      vertex 31.9755 200 4
      vertex 32.0979 12 4.00601
      vertex 32.0979 200 4.00601
    endloop
  endfacet
  facet normal -0.0490422 0 0.998797
    outer loop
      vertex 32.0979 12 4.00601
      vertex 31.9755 200 4
      vertex 31.9755 12 4
    endloop
  endfacet
  facet normal -0.0490422 0 0.998797
    outer loop
      vertex 31.9755 4.13641 4
      vertex 32.0979 0 4.00601
      vertex 32.0979 4.2224 4.00601
    endloop
  endfacet
  facet normal -0.0490422 0 0.998797
    outer loop
      vertex 32.0979 0 4.00601
      vertex 31.9755 4.13641 4
      vertex 31.9755 0 4
    endloop
  endfacet
  facet normal 0.0490342 0 0.998797
    outer loop
      vertex 8.9021 200 4.00601
      vertex 9.02452 12 4
      vertex 9.02452 200 4
    endloop
  endfacet
  facet normal 0.0490342 0 0.998797
    outer loop
      vertex 9.02452 12 4
      vertex 8.9021 200 4.00601
      vertex 8.9021 12 4.00601
    endloop
  endfacet
  facet normal 0.0490342 -0 0.998797
    outer loop
      vertex 8.9021 0 4.00601
      vertex 9.02452 4.1364 4
      vertex 8.9021 4.22239 4.00601
    endloop
  endfacet
  facet normal 0.0490342 0 0.998797
    outer loop
      vertex 9.02452 4.1364 4
      vertex 8.9021 0 4.00601
      vertex 9.02452 0 4
    endloop
  endfacet
  facet normal 0.146759 0 0.989172
    outer loop
      vertex 8.80511 200 4.0204
      vertex 8.9021 12 4.00601
      vertex 8.9021 200 4.00601
    endloop
  endfacet
  facet normal 0.146759 0 0.989172
    outer loop
      vertex 8.9021 12 4.00601
      vertex 8.80511 200 4.0204
      vertex 8.80511 12 4.0204
    endloop
  endfacet
  facet normal 0.146759 -0 0.989172
    outer loop
      vertex 8.80511 0 4.0204
      vertex 8.9021 4.22239 4.00601
      vertex 8.80511 4.29052 4.0204
    endloop
  endfacet
  facet normal 0.146759 0 0.989172
    outer loop
      vertex 8.9021 4.22239 4.00601
      vertex 8.80511 0 4.0204
      vertex 8.9021 0 4.00601
    endloop
  endfacet
  facet normal 0.243064 0 0.97001
    outer loop
      vertex 8.71017 200 4.04419
      vertex 8.80511 12 4.0204
      vertex 8.80511 200 4.0204
    endloop
  endfacet
  facet normal 0.243064 0 0.97001
    outer loop
      vertex 8.80511 12 4.0204
      vertex 8.71017 200 4.04419
      vertex 8.71017 12 4.04419
    endloop
  endfacet
  facet normal 0.243064 -0 0.97001
    outer loop
      vertex 8.71017 0 4.04419
      vertex 8.80511 4.29052 4.0204
      vertex 8.71017 4.35721 4.04419
    endloop
  endfacet
  facet normal 0.243064 0 0.97001
    outer loop
      vertex 8.80511 4.29052 4.0204
      vertex 8.71017 0 4.04419
      vertex 8.80511 0 4.0204
    endloop
  endfacet
  facet normal 0.336807 0 0.941574
    outer loop
      vertex 8.61772 200 4.07726
      vertex 8.71017 12 4.04419
      vertex 8.71017 200 4.04419
    endloop
  endfacet
  facet normal 0.336807 0 0.941574
    outer loop
      vertex 8.71017 12 4.04419
      vertex 8.61772 200 4.07726
      vertex 8.61772 12 4.07726
    endloop
  endfacet
  facet normal 0.336807 -0 0.941574
    outer loop
      vertex 8.61772 0 4.07726
      vertex 8.71017 4.35721 4.04419
      vertex 8.61772 4.42215 4.07726
    endloop
  endfacet
  facet normal 0.336807 0 0.941574
    outer loop
      vertex 8.71017 4.35721 4.04419
      vertex 8.61772 0 4.07726
      vertex 8.71017 0 4.04419
    endloop
  endfacet
  facet normal 0.427572 0 0.903981
    outer loop
      vertex 8.52924 200 4.11911
      vertex 8.61772 12 4.07726
      vertex 8.61772 200 4.07726
    endloop
  endfacet
  facet normal 0.427572 0 0.903981
    outer loop
      vertex 8.61772 12 4.07726
      vertex 8.52924 200 4.11911
      vertex 8.52924 12 4.11911
    endloop
  endfacet
  facet normal 0.427572 -0 0.903981
    outer loop
      vertex 8.52924 0 4.11911
      vertex 8.61772 4.42215 4.07726
      vertex 8.52924 4.48431 4.11911
    endloop
  endfacet
  facet normal 0.427572 0 0.903981
    outer loop
      vertex 8.61772 4.42215 4.07726
      vertex 8.52924 0 4.11911
      vertex 8.61772 0 4.07726
    endloop
  endfacet
  facet normal 0.514151 0 0.8577
    outer loop
      vertex 8.44508 200 4.16956
      vertex 8.52924 12 4.11911
      vertex 8.52924 200 4.11911
    endloop
  endfacet
  facet normal 0.514151 0 0.8577
    outer loop
      vertex 8.52924 12 4.11911
      vertex 8.44508 200 4.16956
      vertex 8.44508 12 4.16956
    endloop
  endfacet
  facet normal 0.514151 -0 0.8577
    outer loop
      vertex 8.44508 0 4.16956
      vertex 8.52924 4.48431 4.11911
      vertex 8.44508 4.54342 4.16956
    endloop
  endfacet
  facet normal 0.514151 0 0.8577
    outer loop
      vertex 8.52924 4.48431 4.11911
      vertex 8.44508 0 4.16956
      vertex 8.52924 0 4.11911
    endloop
  endfacet
  facet normal 0.595601 0 0.803281
    outer loop
      vertex 8.36633 200 4.22795
      vertex 8.44508 12 4.16956
      vertex 8.44508 200 4.16956
    endloop
  endfacet
  facet normal 0.595601 0 0.803281
    outer loop
      vertex 8.44508 12 4.16956
      vertex 8.36633 200 4.22795
      vertex 8.36633 12 4.22795
    endloop
  endfacet
  facet normal 0.595601 -0 0.803281
    outer loop
      vertex 8.36633 0 4.22795
      vertex 8.44508 4.54342 4.16956
      vertex 8.36633 4.59874 4.22795
    endloop
  endfacet
  facet normal 0.595601 0 0.803281
    outer loop
      vertex 8.44508 4.54342 4.16956
      vertex 8.36633 0 4.22795
      vertex 8.44508 0 4.16956
    endloop
  endfacet
  facet normal 0.671656 0 0.740863
    outer loop
      vertex 8.29375 200 4.29375
      vertex 8.36633 12 4.22795
      vertex 8.36633 200 4.22795
    endloop
  endfacet
  facet normal 0.671656 0 0.740863
    outer loop
      vertex 8.36633 12 4.22795
      vertex 8.29375 200 4.29375
      vertex 8.29375 12 4.29375
    endloop
  endfacet
  facet normal 0.671656 -0 0.740863
    outer loop
      vertex 8.29375 0 4.29375
      vertex 8.36633 4.59874 4.22795
      vertex 8.29375 4.64973 4.29375
    endloop
  endfacet
  facet normal 0.671656 0 0.740863
    outer loop
      vertex 8.36633 4.59874 4.22795
      vertex 8.29375 0 4.29375
      vertex 8.36633 0 4.22795
    endloop
  endfacet
  facet normal 0.740863 -0 0.671656
    outer loop
      vertex 8.22795 12 4.36633
      vertex 8.29375 200 4.29375
      vertex 8.22795 200 4.36633
    endloop
  endfacet
  facet normal 0.740863 0 0.671656
    outer loop
      vertex 8.29375 200 4.29375
      vertex 8.22795 12 4.36633
      vertex 8.29375 12 4.29375
    endloop
  endfacet
  facet normal 0.740863 -0 0.671656
    outer loop
      vertex 8.22795 0 4.36633
      vertex 8.29375 4.64973 4.29375
      vertex 8.22795 4.69594 4.36633
    endloop
  endfacet
  facet normal 0.740863 0 0.671656
    outer loop
      vertex 8.29375 4.64973 4.29375
      vertex 8.22795 0 4.36633
      vertex 8.29375 0 4.29375
    endloop
  endfacet
  facet normal 0.803281 -0 0.595601
    outer loop
      vertex 8.16956 12 4.44508
      vertex 8.22795 200 4.36633
      vertex 8.16956 200 4.44508
    endloop
  endfacet
  facet normal 0.803281 0 0.595601
    outer loop
      vertex 8.22795 200 4.36633
      vertex 8.16956 12 4.44508
      vertex 8.22795 12 4.36633
    endloop
  endfacet
  facet normal 0.803281 -0 0.595601
    outer loop
      vertex 8.16956 0 4.44508
      vertex 8.22795 4.69594 4.36633
      vertex 8.16956 4.73696 4.44508
    endloop
  endfacet
  facet normal 0.803281 0 0.595601
    outer loop
      vertex 8.22795 4.69594 4.36633
      vertex 8.16956 0 4.44508
      vertex 8.22795 0 4.36633
    endloop
  endfacet
  facet normal 0.8577 1.63765e-08 0.514151
    outer loop
      vertex 8.11911 200 4.52924
      vertex 8.16692 12 4.44949
      vertex 8.16956 200 4.44508
    endloop
  endfacet
  facet normal 0.857683 0 0.514179
    outer loop
      vertex 8.16692 12 4.44949
      vertex 8.11911 200 4.52924
      vertex 8.11911 11.8801 4.52924
    endloop
  endfacet
  facet normal 0.858008 0 0.513637
    outer loop
      vertex 8.16956 200 4.44508
      vertex 8.16692 12 4.44949
      vertex 8.16956 12 4.44508
    endloop
  endfacet
  facet normal 0.8577 -0 0.514151
    outer loop
      vertex 8.11911 0 4.52924
      vertex 8.16956 4.73696 4.44508
      vertex 8.11911 4.7724 4.52924
    endloop
  endfacet
  facet normal 0.8577 0 0.514151
    outer loop
      vertex 8.16956 4.73696 4.44508
      vertex 8.11911 0 4.52924
      vertex 8.16956 0 4.44508
    endloop
  endfacet
  facet normal 0.903981 0 0.427572
    outer loop
      vertex 8.07726 200 4.61772
      vertex 8.11911 11.8801 4.52924
      vertex 8.11911 200 4.52924
    endloop
  endfacet
  facet normal 0.903981 0 0.427572
    outer loop
      vertex 8.11911 11.8801 4.52924
      vertex 8.07726 200 4.61772
      vertex 8.07726 11.7751 4.61772
    endloop
  endfacet
  facet normal 0.903981 -0 0.427572
    outer loop
      vertex 8.07726 0 4.61772
      vertex 8.11911 4.7724 4.52924
      vertex 8.07726 4.8018 4.61772
    endloop
  endfacet
  facet normal 0.903981 0 0.427572
    outer loop
      vertex 8.11911 4.7724 4.52924
      vertex 8.07726 0 4.61772
      vertex 8.11911 0 4.52924
    endloop
  endfacet
  facet normal 0.941574 0 0.336807
    outer loop
      vertex 8.04419 200 4.71017
      vertex 8.07726 11.7751 4.61772
      vertex 8.07726 200 4.61772
    endloop
  endfacet
  facet normal 0.941574 0 0.336807
    outer loop
      vertex 8.07726 11.7751 4.61772
      vertex 8.04419 200 4.71017
      vertex 8.04419 11.6921 4.71017
    endloop
  endfacet
  facet normal 0.941574 -0 0.336807
    outer loop
      vertex 8.04419 0 4.71017
      vertex 8.07726 4.8018 4.61772
      vertex 8.04419 4.82503 4.71017
    endloop
  endfacet
  facet normal 0.941574 0 0.336807
    outer loop
      vertex 8.07726 4.8018 4.61772
      vertex 8.04419 0 4.71017
      vertex 8.07726 0 4.61772
    endloop
  endfacet
  facet normal 0.97001 0 0.243064
    outer loop
      vertex 8.0204 200 4.80511
      vertex 8.04419 11.6921 4.71017
      vertex 8.04419 200 4.71017
    endloop
  endfacet
  facet normal 0.97001 0 0.243064
    outer loop
      vertex 8.04419 11.6921 4.71017
      vertex 8.0204 200 4.80511
      vertex 8.0204 11.6324 4.80511
    endloop
  endfacet
  facet normal 0.97001 -0 0.243064
    outer loop
      vertex 8.0204 0 4.80511
      vertex 8.04419 4.82503 4.71017
      vertex 8.0204 4.84173 4.80511
    endloop
  endfacet
  facet normal 0.97001 0 0.243064
    outer loop
      vertex 8.04419 4.82503 4.71017
      vertex 8.0204 0 4.80511
      vertex 8.04419 0 4.71017
    endloop
  endfacet
  facet normal 0.989172 0 0.146759
    outer loop
      vertex 8.00601 200 4.9021
      vertex 8.0204 11.6324 4.80511
      vertex 8.0204 200 4.80511
    endloop
  endfacet
  facet normal 0.989172 0 0.146759
    outer loop
      vertex 8.0204 11.6324 4.80511
      vertex 8.00601 200 4.9021
      vertex 8.00601 11.5963 4.9021
    endloop
  endfacet
  facet normal 0.989172 -0 0.146759
    outer loop
      vertex 8.00601 0 4.9021
      vertex 8.0204 4.84173 4.80511
      vertex 8.00601 4.85184 4.9021
    endloop
  endfacet
  facet normal 0.989172 0 0.146759
    outer loop
      vertex 8.0204 4.84173 4.80511
      vertex 8.00601 0 4.9021
      vertex 8.0204 0 4.80511
    endloop
  endfacet
  facet normal 0.998797 0 0.0490342
    outer loop
      vertex 8 200 5.02452
      vertex 8.00601 11.5963 4.9021
      vertex 8.00601 200 4.9021
    endloop
  endfacet
  facet normal 0.998797 0 0.0490342
    outer loop
      vertex 8.00601 11.5963 4.9021
      vertex 8 200 5.02452
      vertex 8 11.5812 5.02452
    endloop
  endfacet
  facet normal 0.998797 -0 0.0490342
    outer loop
      vertex 8 0 5.02452
      vertex 8.00601 4.85184 4.9021
      vertex 8 4.85607 5.02452
    endloop
  endfacet
  facet normal 0.998797 0 0.0490342
    outer loop
      vertex 8.00601 4.85184 4.9021
      vertex 8 0 5.02452
      vertex 8.00601 0 4.9021
    endloop
  endfacet
  facet normal 1 0 0
    outer loop
      vertex 8 200 24
      vertex 8 183 14.5
      vertex 8 200 5.02452
    endloop
  endfacet
  facet normal 1 0 0
    outer loop
      vertex 8 200 24
      vertex 8 182.986 14.7941
      vertex 8 183 14.5
    endloop
  endfacet
  facet normal 1 0 0
    outer loop
      vertex 8 200 24
      vertex 8 182.942 15.0853
      vertex 8 182.986 14.7941
    endloop
  endfacet
  facet normal 1 0 0
    outer loop
      vertex 8 200 24
      vertex 8 182.871 15.3709
      vertex 8 182.942 15.0853
    endloop
  endfacet
  facet normal 1 0 0
    outer loop
      vertex 8 200 24
      vertex 8 182.772 15.648
      vertex 8 182.871 15.3709
    endloop
  endfacet
  facet normal 1 0 0
    outer loop
      vertex 8 200 24
      vertex 8 182.646 15.9142
      vertex 8 182.772 15.648
    endloop
  endfacet
  facet normal 1 0 0
    outer loop
      vertex 8 200 24
      vertex 8 182.494 16.1667
      vertex 8 182.646 15.9142
    endloop
  endfacet
  facet normal 1 0 0
    outer loop
      vertex 8 200 24
      vertex 8 182.319 16.4032
      vertex 8 182.494 16.1667
    endloop
  endfacet
  facet normal 1 0 0
    outer loop
      vertex 8 200 24
      vertex 8 182.121 16.6213
      vertex 8 182.319 16.4032
    endloop
  endfacet
  facet normal 1 0 0
    outer loop
      vertex 8 200 24
      vertex 8 180.106 18.8061
      vertex 8 182.121 16.6213
    endloop
  endfacet
  facet normal 1 0 0
    outer loop
      vertex 8 200 24
      vertex 8 180.095 18.816
      vertex 8 180.106 18.8061
    endloop
  endfacet
  facet normal 1 0 0
    outer loop
      vertex 8 200 24
      vertex 8 180.083 18.8247
      vertex 8 180.095 18.816
    endloop
  endfacet
  facet normal 1 0 0
    outer loop
      vertex 8 200 24
      vertex 8 180.071 18.8323
      vertex 8 180.083 18.8247
    endloop
  endfacet
  facet normal 1 0 0
    outer loop
      vertex 8 200 24
      vertex 8 180.057 18.8386
      vertex 8 180.071 18.8323
    endloop
  endfacet
  facet normal 1 0 0
    outer loop
      vertex 8 200 24
      vertex 8 180.044 18.8435
      vertex 8 180.057 18.8386
    endloop
  endfacet
  facet normal 1 0 0
    outer loop
      vertex 8 200 24
      vertex 8 180.029 18.8471
      vertex 8 180.044 18.8435
    endloop
  endfacet
  facet normal 1 0 0
    outer loop
      vertex 8 200 24
      vertex 8 180.015 18.8493
      vertex 8 180.029 18.8471
    endloop
  endfacet
  facet normal 1 0 0
    outer loop
      vertex 8 200 24
      vertex 8 180 18.85
      vertex 8 180.015 18.8493
    endloop
  endfacet
  facet normal 1 0 0
    outer loop
      vertex 8 200 24
      vertex 8 179.985 18.8493
      vertex 8 180 18.85
    endloop
  endfacet
  facet normal 1 0 0
    outer loop
      vertex 8 200 24
      vertex 8 179.971 18.8471
      vertex 8 179.985 18.8493
    endloop
  endfacet
  facet normal 1 0 0
    outer loop
      vertex 8 140.029 18.8471
      vertex 8 179.971 18.8471
      vertex 8 200 24
    endloop
  endfacet
  facet normal 1 0 0
    outer loop
      vertex 8 177.014 14.7941
      vertex 8 143 14.5
      vertex 8 177 14.5
    endloop
  endfacet
  facet normal 1 0 0
    outer loop
      vertex 8 142.986 14.7941
      vertex 8 177.014 14.7941
      vertex 8 177.058 15.0853
    endloop
  endfacet
  facet normal 1 0 0
    outer loop
      vertex 8 142.942 15.0853
      vertex 8 177.058 15.0853
      vertex 8 177.129 15.3709
    endloop
  endfacet
  facet normal 1 0 0
    outer loop
      vertex 8 142.871 15.3709
      vertex 8 177.129 15.3709
      vertex 8 177.228 15.648
    endloop
  endfacet
  facet normal 1 0 0
    outer loop
      vertex 8 142.772 15.648
      vertex 8 177.228 15.648
      vertex 8 177.354 15.9142
    endloop
  endfacet
  facet normal 1 0 0
    outer loop
      vertex 8 142.646 15.9142
      vertex 8 177.354 15.9142
      vertex 8 177.506 16.1667
    endloop
  endfacet
  facet normal 1 0 0
    outer loop
      vertex 8 142.494 16.1667
      vertex 8 177.506 16.1667
      vertex 8 177.681 16.4032
    endloop
  endfacet
  facet normal 1 0 0
    outer loop
      vertex 8 142.319 16.4032
      vertex 8 177.681 16.4032
      vertex 8 177.879 16.6213
    endloop
  endfacet
  facet normal 1 0 0
    outer loop
      vertex 8 142.121 16.6213
      vertex 8 177.879 16.6213
      vertex 8 179.894 18.8061
    endloop
  endfacet
  facet normal 1 0 0
    outer loop
      vertex 8 140.106 18.8061
      vertex 8 179.894 18.8061
      vertex 8 179.905 18.816
    endloop
  endfacet
  facet normal 1 0 0
    outer loop
      vertex 8 140.095 18.816
      vertex 8 179.905 18.816
      vertex 8 179.917 18.8247
    endloop
  endfacet
  facet normal 1 0 0
    outer loop
      vertex 8 140.083 18.8247
      vertex 8 179.917 18.8247
      vertex 8 179.929 18.8323
    endloop
  endfacet
  facet normal 1 0 0
    outer loop
      vertex 8 140.071 18.8323
      vertex 8 179.929 18.8323
      vertex 8 179.943 18.8386
    endloop
  endfacet
  facet normal 1 0 0
    outer loop
      vertex 8 140.057 18.8386
      vertex 8 179.943 18.8386
      vertex 8 179.956 18.8435
    endloop
  endfacet
  facet normal 1 0 0
    outer loop
      vertex 8 179.971 18.8471
      vertex 8 140.029 18.8471
      vertex 8 179.956 18.8435
    endloop
  endfacet
  facet normal 1 0 0
    outer loop
      vertex 8 177.014 14.7941
      vertex 8 142.986 14.7941
      vertex 8 143 14.5
    endloop
  endfacet
  facet normal 1 0 0
    outer loop
      vertex 8 177.058 15.0853
      vertex 8 142.942 15.0853
      vertex 8 142.986 14.7941
    endloop
  endfacet
  facet normal 1 0 0
    outer loop
      vertex 8 177.129 15.3709
      vertex 8 142.871 15.3709
      vertex 8 142.942 15.0853
    endloop
  endfacet
  facet normal 1 0 0
    outer loop
      vertex 8 177.228 15.648
      vertex 8 142.772 15.648
      vertex 8 142.871 15.3709
    endloop
  endfacet
  facet normal 1 0 0
    outer loop
      vertex 8 177.354 15.9142
      vertex 8 142.646 15.9142
      vertex 8 142.772 15.648
    endloop
  endfacet
  facet normal 1 0 0
    outer loop
      vertex 8 177.506 16.1667
      vertex 8 142.494 16.1667
      vertex 8 142.646 15.9142
    endloop
  endfacet
  facet normal 1 0 0
    outer loop
      vertex 8 177.681 16.4032
      vertex 8 142.319 16.4032
      vertex 8 142.494 16.1667
    endloop
  endfacet
  facet normal 1 0 0
    outer loop
      vertex 8 177.879 16.6213
      vertex 8 142.121 16.6213
      vertex 8 142.319 16.4032
    endloop
  endfacet
  facet normal 1 0 0
    outer loop
      vertex 8 179.894 18.8061
      vertex 8 140.106 18.8061
      vertex 8 142.121 16.6213
    endloop
  endfacet
  facet normal 1 0 0
    outer loop
      vertex 8 179.905 18.816
      vertex 8 140.095 18.816
      vertex 8 140.106 18.8061
    endloop
  endfacet
  facet normal 1 0 0
    outer loop
      vertex 8 179.917 18.8247
      vertex 8 140.083 18.8247
      vertex 8 140.095 18.816
    endloop
  endfacet
  facet normal 1 0 0
    outer loop
      vertex 8 179.929 18.8323
      vertex 8 140.071 18.8323
      vertex 8 140.083 18.8247
    endloop
  endfacet
  facet normal 1 0 0
    outer loop
      vertex 8 179.943 18.8386
      vertex 8 140.057 18.8386
      vertex 8 140.071 18.8323
    endloop
  endfacet
  facet normal 1 0 0
    outer loop
      vertex 8 179.956 18.8435
      vertex 8 140.044 18.8435
      vertex 8 140.057 18.8386
    endloop
  endfacet
  facet normal 1 0 0
    outer loop
      vertex 8 179.956 18.8435
      vertex 8 140.029 18.8471
      vertex 8 140.044 18.8435
    endloop
  endfacet
  facet normal 1 0 0
    outer loop
      vertex 8 200 24
      vertex 8 140.015 18.8493
      vertex 8 140.029 18.8471
    endloop
  endfacet
  facet normal 1 0 0
    outer loop
      vertex 8 200 24
      vertex 8 140 18.85
      vertex 8 140.015 18.8493
    endloop
  endfacet
  facet normal 1 0 0
    outer loop
      vertex 8 100 18.85
      vertex 8 140 18.85
      vertex 8 200 24
    endloop
  endfacet
  facet normal 1 0 0
    outer loop
      vertex 8 137.014 14.7941
      vertex 8 103 14.5
      vertex 8 137 14.5
    endloop
  endfacet
  facet normal 1 0 0
    outer loop
      vertex 8 102.986 14.7941
      vertex 8 137.014 14.7941
      vertex 8 137.058 15.0853
    endloop
  endfacet
  facet normal 1 0 0
    outer loop
      vertex 8 102.942 15.0853
      vertex 8 137.058 15.0853
      vertex 8 137.129 15.3709
    endloop
  endfacet
  facet normal 1 0 0
    outer loop
      vertex 8 102.871 15.3709
      vertex 8 137.129 15.3709
      vertex 8 137.228 15.648
    endloop
  endfacet
  facet normal 1 0 0
    outer loop
      vertex 8 102.772 15.648
      vertex 8 137.228 15.648
      vertex 8 137.354 15.9142
    endloop
  endfacet
  facet normal 1 0 0
    outer loop
      vertex 8 102.646 15.9142
      vertex 8 137.354 15.9142
      vertex 8 137.506 16.1667
    endloop
  endfacet
  facet normal 1 0 0
    outer loop
      vertex 8 102.494 16.1667
      vertex 8 137.506 16.1667
      vertex 8 137.681 16.4032
    endloop
  endfacet
  facet normal 1 0 0
    outer loop
      vertex 8 102.319 16.4032
      vertex 8 137.681 16.4032
      vertex 8 137.879 16.6213
    endloop
  endfacet
  facet normal 1 0 0
    outer loop
      vertex 8 102.121 16.6213
      vertex 8 137.879 16.6213
      vertex 8 139.894 18.8061
    endloop
  endfacet
  facet normal 1 0 0
    outer loop
      vertex 8 100.106 18.8061
      vertex 8 139.894 18.8061
      vertex 8 139.905 18.816
    endloop
  endfacet
  facet normal 1 0 0
    outer loop
      vertex 8 100.095 18.816
      vertex 8 139.905 18.816
      vertex 8 139.917 18.8247
    endloop
  endfacet
  facet normal 1 0 0
    outer loop
      vertex 8 100.083 18.8247
      vertex 8 139.917 18.8247
      vertex 8 139.929 18.8323
    endloop
  endfacet
  facet normal 1 0 0
    outer loop
      vertex 8 100.071 18.8323
      vertex 8 139.929 18.8323
      vertex 8 139.943 18.8386
    endloop
  endfacet
  facet normal 1 0 0
    outer loop
      vertex 8 100.057 18.8386
      vertex 8 139.943 18.8386
      vertex 8 139.956 18.8435
    endloop
  endfacet
  facet normal 1 0 0
    outer loop
      vertex 8 100.044 18.8435
      vertex 8 139.956 18.8435
      vertex 8 139.971 18.8471
    endloop
  endfacet
  facet normal 1 0 0
    outer loop
      vertex 8 100.029 18.8471
      vertex 8 139.971 18.8471
      vertex 8 139.985 18.8493
    endloop
  endfacet
  facet normal 1 0 0
    outer loop
      vertex 8 137.014 14.7941
      vertex 8 102.986 14.7941
      vertex 8 103 14.5
    endloop
  endfacet
  facet normal 1 0 0
    outer loop
      vertex 8 137.058 15.0853
      vertex 8 102.942 15.0853
      vertex 8 102.986 14.7941
    endloop
  endfacet
  facet normal 1 0 0
    outer loop
      vertex 8 137.129 15.3709
      vertex 8 102.871 15.3709
      vertex 8 102.942 15.0853
    endloop
  endfacet
  facet normal 1 0 0
    outer loop
      vertex 8 137.228 15.648
      vertex 8 102.772 15.648
      vertex 8 102.871 15.3709
    endloop
  endfacet
  facet normal 1 0 0
    outer loop
      vertex 8 137.354 15.9142
      vertex 8 102.646 15.9142
      vertex 8 102.772 15.648
    endloop
  endfacet
  facet normal 1 0 0
    outer loop
      vertex 8 140 18.85
      vertex 8 100 18.85
      vertex 8 139.985 18.8493
    endloop
  endfacet
  facet normal 1 0 0
    outer loop
      vertex 8 137.506 16.1667
      vertex 8 102.494 16.1667
      vertex 8 102.646 15.9142
    endloop
  endfacet
  facet normal 1 0 0
    outer loop
      vertex 8 137.681 16.4032
      vertex 8 102.319 16.4032
      vertex 8 102.494 16.1667
    endloop
  endfacet
  facet normal 1 0 0
    outer loop
      vertex 8 137.879 16.6213
      vertex 8 102.121 16.6213
      vertex 8 102.319 16.4032
    endloop
  endfacet
  facet normal 1 0 0
    outer loop
      vertex 8 139.894 18.8061
      vertex 8 100.106 18.8061
      vertex 8 102.121 16.6213
    endloop
  endfacet
  facet normal 1 0 0
    outer loop
      vertex 8 139.905 18.816
      vertex 8 100.095 18.816
      vertex 8 100.106 18.8061
    endloop
  endfacet
  facet normal 1 0 0
    outer loop
      vertex 8 139.917 18.8247
      vertex 8 100.083 18.8247
      vertex 8 100.095 18.816
    endloop
  endfacet
  facet normal 1 0 0
    outer loop
      vertex 8 139.929 18.8323
      vertex 8 100.071 18.8323
      vertex 8 100.083 18.8247
    endloop
  endfacet
  facet normal 1 0 0
    outer loop
      vertex 8 139.943 18.8386
      vertex 8 100.057 18.8386
      vertex 8 100.071 18.8323
    endloop
  endfacet
  facet normal 1 0 0
    outer loop
      vertex 8 139.956 18.8435
      vertex 8 100.044 18.8435
      vertex 8 100.057 18.8386
    endloop
  endfacet
  facet normal 1 0 0
    outer loop
      vertex 8 139.971 18.8471
      vertex 8 100.029 18.8471
      vertex 8 100.044 18.8435
    endloop
  endfacet
  facet normal 1 0 0
    outer loop
      vertex 8 139.985 18.8493
      vertex 8 100.015 18.8493
      vertex 8 100.029 18.8471
    endloop
  endfacet
  facet normal 1 0 0
    outer loop
      vertex 8 139.985 18.8493
      vertex 8 100 18.85
      vertex 8 100.015 18.8493
    endloop
  endfacet
  facet normal 1 -0 0
    outer loop
      vertex 8 11.5812 24
      vertex 8 100 18.85
      vertex 8 200 24
    endloop
  endfacet
  facet normal 1 0 0
    outer loop
      vertex 8 97.0144 14.7941
      vertex 8 63 14.5
      vertex 8 97 14.5
    endloop
  endfacet
  facet normal 1 0 0
    outer loop
      vertex 8 62.9856 14.7941
      vertex 8 97.0144 14.7941
      vertex 8 97.0576 15.0853
    endloop
  endfacet
  facet normal 1 0 0
    outer loop
      vertex 8 62.9424 15.0853
      vertex 8 97.0576 15.0853
      vertex 8 97.1292 15.3709
    endloop
  endfacet
  facet normal 1 0 0
    outer loop
      vertex 8 62.8708 15.3709
      vertex 8 97.1292 15.3709
      vertex 8 97.2284 15.648
    endloop
  endfacet
  facet normal 1 0 0
    outer loop
      vertex 8 62.7716 15.648
      vertex 8 97.2284 15.648
      vertex 8 97.3542 15.9142
    endloop
  endfacet
  facet normal 1 0 0
    outer loop
      vertex 8 62.6458 15.9142
      vertex 8 97.3542 15.9142
      vertex 8 97.5056 16.1667
    endloop
  endfacet
  facet normal 1 0 0
    outer loop
      vertex 8 62.4944 16.1667
      vertex 8 97.5056 16.1667
      vertex 8 97.681 16.4032
    endloop
  endfacet
  facet normal 1 0 0
    outer loop
      vertex 8 62.319 16.4032
      vertex 8 97.681 16.4032
      vertex 8 97.8787 16.6213
    endloop
  endfacet
  facet normal 1 0 0
    outer loop
      vertex 8 62.1213 16.6213
      vertex 8 97.8787 16.6213
      vertex 8 99.8939 18.8061
    endloop
  endfacet
  facet normal 1 0 0
    outer loop
      vertex 8 60.1061 18.8061
      vertex 8 99.8939 18.8061
      vertex 8 99.9048 18.816
    endloop
  endfacet
  facet normal 1 0 0
    outer loop
      vertex 8 60.0952 18.816
      vertex 8 99.9048 18.816
      vertex 8 99.9167 18.8247
    endloop
  endfacet
  facet normal 1 0 0
    outer loop
      vertex 8 60.0833 18.8247
      vertex 8 99.9167 18.8247
      vertex 8 99.9293 18.8323
    endloop
  endfacet
  facet normal 1 0 0
    outer loop
      vertex 8 60.0707 18.8323
      vertex 8 99.9293 18.8323
      vertex 8 99.9426 18.8386
    endloop
  endfacet
  facet normal 1 0 0
    outer loop
      vertex 8 60.0574 18.8386
      vertex 8 99.9426 18.8386
      vertex 8 99.9565 18.8435
    endloop
  endfacet
  facet normal 1 0 0
    outer loop
      vertex 8 60.0435 18.8435
      vertex 8 99.9565 18.8435
      vertex 8 99.9707 18.8471
    endloop
  endfacet
  facet normal 1 0 0
    outer loop
      vertex 8 60.0293 18.8471
      vertex 8 99.9707 18.8471
      vertex 8 99.9853 18.8493
    endloop
  endfacet
  facet normal 1 0 0
    outer loop
      vertex 8 97.0144 14.7941
      vertex 8 62.9856 14.7941
      vertex 8 63 14.5
    endloop
  endfacet
  facet normal 1 0 0
    outer loop
      vertex 8 97.0576 15.0853
      vertex 8 62.9424 15.0853
      vertex 8 62.9856 14.7941
    endloop
  endfacet
  facet normal 1 0 0
    outer loop
      vertex 8 97.1292 15.3709
      vertex 8 62.8708 15.3709
      vertex 8 62.9424 15.0853
    endloop
  endfacet
  facet normal 1 0 0
    outer loop
      vertex 8 97.2284 15.648
      vertex 8 62.7716 15.648
      vertex 8 62.8708 15.3709
    endloop
  endfacet
  facet normal 1 0 0
    outer loop
      vertex 8 97.3542 15.9142
      vertex 8 62.6458 15.9142
      vertex 8 62.7716 15.648
    endloop
  endfacet
  facet normal 1 0 0
    outer loop
      vertex 8 97.5056 16.1667
      vertex 8 62.4944 16.1667
      vertex 8 62.6458 15.9142
    endloop
  endfacet
  facet normal 1 0 0
    outer loop
      vertex 8 97.681 16.4032
      vertex 8 62.319 16.4032
      vertex 8 62.4944 16.1667
    endloop
  endfacet
  facet normal 1 0 0
    outer loop
      vertex 8 97.8787 16.6213
      vertex 8 62.1213 16.6213
      vertex 8 62.319 16.4032
    endloop
  endfacet
  facet normal 1 0 0
    outer loop
      vertex 8 99.8939 18.8061
      vertex 8 60.1061 18.8061
      vertex 8 62.1213 16.6213
    endloop
  endfacet
  facet normal 1 0 0
    outer loop
      vertex 8 100 18.85
      vertex 8 11.5812 24
      vertex 8 99.9853 18.8493
    endloop
  endfacet
  facet normal 1 0 0
    outer loop
      vertex 8 99.9048 18.816
      vertex 8 60.0952 18.816
      vertex 8 60.1061 18.8061
    endloop
  endfacet
  facet normal 1 0 0
    outer loop
      vertex 8 99.9167 18.8247
      vertex 8 60.0833 18.8247
      vertex 8 60.0952 18.816
    endloop
  endfacet
  facet normal 1 0 0
    outer loop
      vertex 8 99.9293 18.8323
      vertex 8 60.0707 18.8323
      vertex 8 60.0833 18.8247
    endloop
  endfacet
  facet normal 1 0 0
    outer loop
      vertex 8 99.9426 18.8386
      vertex 8 60.0574 18.8386
      vertex 8 60.0707 18.8323
    endloop
  endfacet
  facet normal 1 0 0
    outer loop
      vertex 8 99.9565 18.8435
      vertex 8 60.0435 18.8435
      vertex 8 60.0574 18.8386
    endloop
  endfacet
  facet normal 1 0 0
    outer loop
      vertex 8 99.9707 18.8471
      vertex 8 60.0293 18.8471
      vertex 8 60.0435 18.8435
    endloop
  endfacet
  facet normal 1 0 0
    outer loop
      vertex 8 99.9853 18.8493
      vertex 8 60.0147 18.8493
      vertex 8 60.0293 18.8471
    endloop
  endfacet
  facet normal 1 0 0
    outer loop
      vertex 8 99.9853 18.8493
      vertex 8 11.5812 24
      vertex 8 60.0147 18.8493
    endloop
  endfacet
  facet normal 1 0 0
    outer loop
      vertex 8 57.0144 14.7941
      vertex 8 23 14.5
      vertex 8 57 14.5
    endloop
  endfacet
  facet normal 1 0 0
    outer loop
      vertex 8 22.9856 14.7941
      vertex 8 57.0144 14.7941
      vertex 8 57.0576 15.0853
    endloop
  endfacet
  facet normal 1 0 0
    outer loop
      vertex 8 22.9424 15.0853
      vertex 8 57.0576 15.0853
      vertex 8 57.1292 15.3709
    endloop
  endfacet
  facet normal 1 0 0
    outer loop
      vertex 8 22.8708 15.3709
      vertex 8 57.1292 15.3709
      vertex 8 57.2284 15.648
    endloop
  endfacet
  facet normal 1 0 0
    outer loop
      vertex 8 22.7716 15.648
      vertex 8 57.2284 15.648
      vertex 8 57.3542 15.9142
    endloop
  endfacet
  facet normal 1 0 0
    outer loop
      vertex 8 22.6458 15.9142
      vertex 8 57.3542 15.9142
      vertex 8 57.5056 16.1667
    endloop
  endfacet
  facet normal 1 0 0
    outer loop
      vertex 8 22.4944 16.1667
      vertex 8 57.5056 16.1667
      vertex 8 57.681 16.4032
    endloop
  endfacet
  facet normal 1 0 0
    outer loop
      vertex 8 22.319 16.4032
      vertex 8 57.681 16.4032
      vertex 8 57.8787 16.6213
    endloop
  endfacet
  facet normal 1 0 0
    outer loop
      vertex 8 22.1213 16.6213
      vertex 8 57.8787 16.6213
      vertex 8 59.8939 18.8061
    endloop
  endfacet
  facet normal 1 0 0
    outer loop
      vertex 8 20.1061 18.8061
      vertex 8 59.8939 18.8061
      vertex 8 59.9048 18.816
    endloop
  endfacet
  facet normal 1 0 0
    outer loop
      vertex 8 20.0952 18.816
      vertex 8 59.9048 18.816
      vertex 8 59.9167 18.8247
    endloop
  endfacet
  facet normal 1 0 0
    outer loop
      vertex 8 20.0833 18.8247
      vertex 8 59.9167 18.8247
      vertex 8 59.9293 18.8323
    endloop
  endfacet
  facet normal 1 0 0
    outer loop
      vertex 8 20.0707 18.8323
      vertex 8 59.9293 18.8323
      vertex 8 59.9426 18.8386
    endloop
  endfacet
  facet normal 1 0 0
    outer loop
      vertex 8 11.5812 24
      vertex 8 59.9426 18.8386
      vertex 8 59.9565 18.8435
    endloop
  endfacet
  facet normal 1 0 0
    outer loop
      vertex 8 11.5812 24
      vertex 8 59.9565 18.8435
      vertex 8 59.9707 18.8471
    endloop
  endfacet
  facet normal 1 0 0
    outer loop
      vertex 8 11.5812 24
      vertex 8 59.9707 18.8471
      vertex 8 59.9853 18.8493
    endloop
  endfacet
  facet normal 1 0 0
    outer loop
      vertex 8 57.0144 14.7941
      vertex 8 22.9856 14.7941
      vertex 8 23 14.5
    endloop
  endfacet
  facet normal 1 0 0
    outer loop
      vertex 8 57.0576 15.0853
      vertex 8 22.9424 15.0853
      vertex 8 22.9856 14.7941
    endloop
  endfacet
  facet normal 1 0 0
    outer loop
      vertex 8 57.1292 15.3709
      vertex 8 22.8708 15.3709
      vertex 8 22.9424 15.0853
    endloop
  endfacet
  facet normal 1 0 0
    outer loop
      vertex 8 57.2284 15.648
      vertex 8 22.7716 15.648
      vertex 8 22.8708 15.3709
    endloop
  endfacet
  facet normal 1 0 0
    outer loop
      vertex 8 57.3542 15.9142
      vertex 8 22.6458 15.9142
      vertex 8 22.7716 15.648
    endloop
  endfacet
  facet normal 1 0 0
    outer loop
      vertex 8 57.5056 16.1667
      vertex 8 22.4944 16.1667
      vertex 8 22.6458 15.9142
    endloop
  endfacet
  facet normal 1 0 0
    outer loop
      vertex 8 57.681 16.4032
      vertex 8 22.319 16.4032
      vertex 8 22.4944 16.1667
    endloop
  endfacet
  facet normal 1 0 0
    outer loop
      vertex 8 57.8787 16.6213
      vertex 8 22.1213 16.6213
      vertex 8 22.319 16.4032
    endloop
  endfacet
  facet normal 1 0 0
    outer loop
      vertex 8 59.8939 18.8061
      vertex 8 20.1061 18.8061
      vertex 8 22.1213 16.6213
    endloop
  endfacet
  facet normal 1 0 0
    outer loop
      vertex 8 11.5812 24
      vertex 8 59.9853 18.8493
      vertex 8 60 18.85
    endloop
  endfacet
  facet normal 1 0 0
    outer loop
      vertex 8 60.0147 18.8493
      vertex 8 11.5812 24
      vertex 8 60 18.85
    endloop
  endfacet
  facet normal 1 0 0
    outer loop
      vertex 8 59.9048 18.816
      vertex 8 20.0952 18.816
      vertex 8 20.1061 18.8061
    endloop
  endfacet
  facet normal 1 0 0
    outer loop
      vertex 8 59.9167 18.8247
      vertex 8 20.0833 18.8247
      vertex 8 20.0952 18.816
    endloop
  endfacet
  facet normal 1 0 0
    outer loop
      vertex 8 59.9293 18.8323
      vertex 8 20.0707 18.8323
      vertex 8 20.0833 18.8247
    endloop
  endfacet
  facet normal 1 0 0
    outer loop
      vertex 8 59.9426 18.8386
      vertex 8 11.5812 24
      vertex 8 20.0707 18.8323
    endloop
  endfacet
  facet normal 1 0 0
    outer loop
      vertex 8 20.0707 18.8323
      vertex 8 11.5812 24
      vertex 8 20.0574 18.8386
    endloop
  endfacet
  facet normal 1 0 0
    outer loop
      vertex 8 20.0574 18.8386
      vertex 8 11.5812 24
      vertex 8 20.0435 18.8435
    endloop
  endfacet
  facet normal 1 0 0
    outer loop
      vertex 8 20.0435 18.8435
      vertex 8 11.5812 24
      vertex 8 20.0293 18.8471
    endloop
  endfacet
  facet normal 1 0 0
    outer loop
      vertex 8 20.0293 18.8471
      vertex 8 11.5812 24
      vertex 8 20.0147 18.8493
    endloop
  endfacet
  facet normal 1 0 0
    outer loop
      vertex 8 17.0144 14.7941
      vertex 8 11.5812 24
      vertex 8 17 14.5
    endloop
  endfacet
  facet normal 1 0 0
    outer loop
      vertex 8 17.0576 15.0853
      vertex 8 11.5812 24
      vertex 8 17.0144 14.7941
    endloop
  endfacet
  facet normal 1 0 0
    outer loop
      vertex 8 17.1292 15.3709
      vertex 8 11.5812 24
      vertex 8 17.0576 15.0853
    endloop
  endfacet
  facet normal 1 0 0
    outer loop
      vertex 8 17.2284 15.648
      vertex 8 11.5812 24
      vertex 8 17.1292 15.3709
    endloop
  endfacet
  facet normal 1 0 0
    outer loop
      vertex 8 17.3542 15.9142
      vertex 8 11.5812 24
      vertex 8 17.2284 15.648
    endloop
  endfacet
  facet normal 1 0 0
    outer loop
      vertex 8 17.5056 16.1667
      vertex 8 11.5812 24
      vertex 8 17.3542 15.9142
    endloop
  endfacet
  facet normal 1 0 0
    outer loop
      vertex 8 17.681 16.4032
      vertex 8 11.5812 24
      vertex 8 17.5056 16.1667
    endloop
  endfacet
  facet normal 1 0 0
    outer loop
      vertex 8 17.8787 16.6213
      vertex 8 11.5812 24
      vertex 8 17.681 16.4032
    endloop
  endfacet
  facet normal 1 0 0
    outer loop
      vertex 8 19.8939 18.8061
      vertex 8 11.5812 24
      vertex 8 17.8787 16.6213
    endloop
  endfacet
  facet normal 1 0 0
    outer loop
      vertex 8 19.9048 18.816
      vertex 8 11.5812 24
      vertex 8 19.8939 18.8061
    endloop
  endfacet
  facet normal 1 0 0
    outer loop
      vertex 8 19.9167 18.8247
      vertex 8 11.5812 24
      vertex 8 19.9048 18.816
    endloop
  endfacet
  facet normal 1 0 0
    outer loop
      vertex 8 19.9293 18.8323
      vertex 8 11.5812 24
      vertex 8 19.9167 18.8247
    endloop
  endfacet
  facet normal 1 0 0
    outer loop
      vertex 8 19.9426 18.8386
      vertex 8 11.5812 24
      vertex 8 19.9293 18.8323
    endloop
  endfacet
  facet normal 1 0 0
    outer loop
      vertex 8 19.9565 18.8435
      vertex 8 11.5812 24
      vertex 8 19.9426 18.8386
    endloop
  endfacet
  facet normal 1 0 0
    outer loop
      vertex 8 19.9707 18.8471
      vertex 8 11.5812 24
      vertex 8 19.9565 18.8435
    endloop
  endfacet
  facet normal 1 0 0
    outer loop
      vertex 8 19.9853 18.8493
      vertex 8 11.5812 24
      vertex 8 19.9707 18.8471
    endloop
  endfacet
  facet normal 1 0 0
    outer loop
      vertex 8 20 18.85
      vertex 8 11.5812 24
      vertex 8 19.9853 18.8493
    endloop
  endfacet
  facet normal 1 0 0
    outer loop
      vertex 8 20.0147 18.8493
      vertex 8 11.5812 24
      vertex 8 20 18.85
    endloop
  endfacet
  facet normal 1 -0 0
    outer loop
      vertex 8 182.986 14.2059
      vertex 8 200 5.02452
      vertex 8 183 14.5
    endloop
  endfacet
  facet normal 1 -0 0
    outer loop
      vertex 8 182.942 13.9147
      vertex 8 200 5.02452
      vertex 8 182.986 14.2059
    endloop
  endfacet
  facet normal 1 -0 0
    outer loop
      vertex 8 182.871 13.6291
      vertex 8 200 5.02452
      vertex 8 182.942 13.9147
    endloop
  endfacet
  facet normal 1 -0 0
    outer loop
      vertex 8 182.772 13.3519
      vertex 8 200 5.02452
      vertex 8 182.871 13.6291
    endloop
  endfacet
  facet normal 1 -0 0
    outer loop
      vertex 8 182.646 13.0858
      vertex 8 200 5.02452
      vertex 8 182.772 13.3519
    endloop
  endfacet
  facet normal 1 -0 0
    outer loop
      vertex 8 182.494 12.8333
      vertex 8 200 5.02452
      vertex 8 182.646 13.0858
    endloop
  endfacet
  facet normal 1 -0 0
    outer loop
      vertex 8 182.319 12.5968
      vertex 8 200 5.02452
      vertex 8 182.494 12.8333
    endloop
  endfacet
  facet normal 1 -0 0
    outer loop
      vertex 8 182.121 12.3787
      vertex 8 200 5.02452
      vertex 8 182.319 12.5968
    endloop
  endfacet
  facet normal 1 -0 0
    outer loop
      vertex 8 181.903 12.181
      vertex 8 200 5.02452
      vertex 8 182.121 12.3787
    endloop
  endfacet
  facet normal 1 -0 0
    outer loop
      vertex 8 181.667 12.0056
      vertex 8 200 5.02452
      vertex 8 181.903 12.181
    endloop
  endfacet
  facet normal 1 -0 0
    outer loop
      vertex 8 181.414 11.8542
      vertex 8 200 5.02452
      vertex 8 181.667 12.0056
    endloop
  endfacet
  facet normal 1 -0 0
    outer loop
      vertex 8 181.148 11.7284
      vertex 8 200 5.02452
      vertex 8 181.414 11.8542
    endloop
  endfacet
  facet normal 1 -0 0
    outer loop
      vertex 8 180.871 11.6292
      vertex 8 200 5.02452
      vertex 8 181.148 11.7284
    endloop
  endfacet
  facet normal 1 -0 0
    outer loop
      vertex 8 180.585 11.5576
      vertex 8 200 5.02452
      vertex 8 180.871 11.6292
    endloop
  endfacet
  facet normal 1 -0 0
    outer loop
      vertex 8 180.294 11.5144
      vertex 8 200 5.02452
      vertex 8 180.585 11.5576
    endloop
  endfacet
  facet normal 1 -0 0
    outer loop
      vertex 8 180 11.5
      vertex 8 200 5.02452
      vertex 8 180.294 11.5144
    endloop
  endfacet
  facet normal 1 0 0
    outer loop
      vertex 8 179.706 11.5144
      vertex 8 200 5.02452
      vertex 8 180 11.5
    endloop
  endfacet
  facet normal 1 0 0
    outer loop
      vertex 8 179.415 11.5576
      vertex 8 200 5.02452
      vertex 8 179.706 11.5144
    endloop
  endfacet
  facet normal 1 0 0
    outer loop
      vertex 8 140.585 11.5576
      vertex 8 179.415 11.5576
      vertex 8 179.129 11.6292
    endloop
  endfacet
  facet normal 1 -0 0
    outer loop
      vertex 8 143 14.5
      vertex 8 177.014 14.2059
      vertex 8 177 14.5
    endloop
  endfacet
  facet normal 1 0 0
    outer loop
      vertex 8 142.986 14.2059
      vertex 8 177.014 14.2059
      vertex 8 143 14.5
    endloop
  endfacet
  facet normal 1 0 0
    outer loop
      vertex 8 177.014 14.2059
      vertex 8 142.986 14.2059
      vertex 8 177.058 13.9147
    endloop
  endfacet
  facet normal 1 0 0
    outer loop
      vertex 8 142.942 13.9147
      vertex 8 177.058 13.9147
      vertex 8 142.986 14.2059
    endloop
  endfacet
  facet normal 1 0 0
    outer loop
      vertex 8 177.058 13.9147
      vertex 8 142.942 13.9147
      vertex 8 177.129 13.6291
    endloop
  endfacet
  facet normal 1 0 0
    outer loop
      vertex 8 142.871 13.6291
      vertex 8 177.129 13.6291
      vertex 8 142.942 13.9147
    endloop
  endfacet
  facet normal 1 0 0
    outer loop
      vertex 8 177.129 13.6291
      vertex 8 142.871 13.6291
      vertex 8 177.228 13.3519
    endloop
  endfacet
  facet normal 1 0 0
    outer loop
      vertex 8 142.772 13.3519
      vertex 8 177.228 13.3519
      vertex 8 142.871 13.6291
    endloop
  endfacet
  facet normal 1 0 0
    outer loop
      vertex 8 177.228 13.3519
      vertex 8 142.772 13.3519
      vertex 8 177.354 13.0858
    endloop
  endfacet
  facet normal 1 0 0
    outer loop
      vertex 8 142.646 13.0858
      vertex 8 177.354 13.0858
      vertex 8 142.772 13.3519
    endloop
  endfacet
  facet normal 1 0 0
    outer loop
      vertex 8 177.354 13.0858
      vertex 8 142.646 13.0858
      vertex 8 177.506 12.8333
    endloop
  endfacet
  facet normal 1 0 0
    outer loop
      vertex 8 142.494 12.8333
      vertex 8 177.506 12.8333
      vertex 8 142.646 13.0858
    endloop
  endfacet
  facet normal 1 0 0
    outer loop
      vertex 8 177.506 12.8333
      vertex 8 142.494 12.8333
      vertex 8 177.681 12.5968
    endloop
  endfacet
  facet normal 1 0 0
    outer loop
      vertex 8 142.319 12.5968
      vertex 8 177.681 12.5968
      vertex 8 142.494 12.8333
    endloop
  endfacet
  facet normal 1 0 0
    outer loop
      vertex 8 177.681 12.5968
      vertex 8 142.319 12.5968
      vertex 8 177.879 12.3787
    endloop
  endfacet
  facet normal 1 0 0
    outer loop
      vertex 8 142.121 12.3787
      vertex 8 177.879 12.3787
      vertex 8 142.319 12.5968
    endloop
  endfacet
  facet normal 1 0 0
    outer loop
      vertex 8 177.879 12.3787
      vertex 8 142.121 12.3787
      vertex 8 178.097 12.181
    endloop
  endfacet
  facet normal 1 0 0
    outer loop
      vertex 8 141.903 12.181
      vertex 8 178.097 12.181
      vertex 8 142.121 12.3787
    endloop
  endfacet
  facet normal 1 0 0
    outer loop
      vertex 8 178.097 12.181
      vertex 8 141.903 12.181
      vertex 8 178.333 12.0056
    endloop
  endfacet
  facet normal 1 0 0
    outer loop
      vertex 8 141.667 12.0056
      vertex 8 178.333 12.0056
      vertex 8 141.903 12.181
    endloop
  endfacet
  facet normal 1 0 0
    outer loop
      vertex 8 178.333 12.0056
      vertex 8 141.667 12.0056
      vertex 8 178.586 11.8542
    endloop
  endfacet
  facet normal 1 0 0
    outer loop
      vertex 8 141.414 11.8542
      vertex 8 178.586 11.8542
      vertex 8 141.667 12.0056
    endloop
  endfacet
  facet normal 1 0 0
    outer loop
      vertex 8 178.586 11.8542
      vertex 8 141.414 11.8542
      vertex 8 178.852 11.7284
    endloop
  endfacet
  facet normal 1 0 0
    outer loop
      vertex 8 141.148 11.7284
      vertex 8 178.852 11.7284
      vertex 8 141.414 11.8542
    endloop
  endfacet
  facet normal 1 0 0
    outer loop
      vertex 8 178.852 11.7284
      vertex 8 141.148 11.7284
      vertex 8 179.129 11.6292
    endloop
  endfacet
  facet normal 1 0 0
    outer loop
      vertex 8 140.871 11.6292
      vertex 8 179.129 11.6292
      vertex 8 141.148 11.7284
    endloop
  endfacet
  facet normal 1 0 0
    outer loop
      vertex 8 140.585 11.5576
      vertex 8 179.129 11.6292
      vertex 8 140.871 11.6292
    endloop
  endfacet
  facet normal 1 0 0
    outer loop
      vertex 8 179.415 11.5576
      vertex 8 140.585 11.5576
      vertex 8 200 5.02452
    endloop
  endfacet
  facet normal 1 -0 0
    outer loop
      vertex 8 140.294 11.5144
      vertex 8 200 5.02452
      vertex 8 140.585 11.5576
    endloop
  endfacet
  facet normal 1 -0 0
    outer loop
      vertex 8 140 11.5
      vertex 8 200 5.02452
      vertex 8 140.294 11.5144
    endloop
  endfacet
  facet normal 1 0 0
    outer loop
      vertex 8 139.706 11.5144
      vertex 8 200 5.02452
      vertex 8 140 11.5
    endloop
  endfacet
  facet normal 1 -0 0
    outer loop
      vertex 8 103 14.5
      vertex 8 137.014 14.2059
      vertex 8 137 14.5
    endloop
  endfacet
  facet normal 1 0 0
    outer loop
      vertex 8 102.986 14.2059
      vertex 8 137.014 14.2059
      vertex 8 103 14.5
    endloop
  endfacet
  facet normal 1 0 0
    outer loop
      vertex 8 137.014 14.2059
      vertex 8 102.986 14.2059
      vertex 8 137.058 13.9147
    endloop
  endfacet
  facet normal 1 0 0
    outer loop
      vertex 8 102.942 13.9147
      vertex 8 137.058 13.9147
      vertex 8 102.986 14.2059
    endloop
  endfacet
  facet normal 1 0 0
    outer loop
      vertex 8 137.058 13.9147
      vertex 8 102.942 13.9147
      vertex 8 137.129 13.6291
    endloop
  endfacet
  facet normal 1 0 0
    outer loop
      vertex 8 102.871 13.6291
      vertex 8 137.129 13.6291
      vertex 8 102.942 13.9147
    endloop
  endfacet
  facet normal 1 0 0
    outer loop
      vertex 8 137.129 13.6291
      vertex 8 102.871 13.6291
      vertex 8 137.228 13.3519
    endloop
  endfacet
  facet normal 1 0 0
    outer loop
      vertex 8 102.772 13.3519
      vertex 8 137.228 13.3519
      vertex 8 102.871 13.6291
    endloop
  endfacet
  facet normal 1 0 0
    outer loop
      vertex 8 137.228 13.3519
      vertex 8 102.772 13.3519
      vertex 8 137.354 13.0858
    endloop
  endfacet
  facet normal 1 0 0
    outer loop
      vertex 8 102.646 13.0858
      vertex 8 137.354 13.0858
      vertex 8 102.772 13.3519
    endloop
  endfacet
  facet normal 1 0 0
    outer loop
      vertex 8 137.354 13.0858
      vertex 8 102.646 13.0858
      vertex 8 137.506 12.8333
    endloop
  endfacet
  facet normal 1 0 0
    outer loop
      vertex 8 102.494 12.8333
      vertex 8 137.506 12.8333
      vertex 8 102.646 13.0858
    endloop
  endfacet
  facet normal 1 0 0
    outer loop
      vertex 8 137.506 12.8333
      vertex 8 102.494 12.8333
      vertex 8 137.681 12.5968
    endloop
  endfacet
  facet normal 1 0 0
    outer loop
      vertex 8 102.319 12.5968
      vertex 8 137.681 12.5968
      vertex 8 102.494 12.8333
    endloop
  endfacet
  facet normal 1 0 0
    outer loop
      vertex 8 137.681 12.5968
      vertex 8 102.319 12.5968
      vertex 8 137.879 12.3787
    endloop
  endfacet
  facet normal 1 0 0
    outer loop
      vertex 8 102.121 12.3787
      vertex 8 137.879 12.3787
      vertex 8 102.319 12.5968
    endloop
  endfacet
  facet normal 1 0 0
    outer loop
      vertex 8 137.879 12.3787
      vertex 8 102.121 12.3787
      vertex 8 138.097 12.181
    endloop
  endfacet
  facet normal 1 0 0
    outer loop
      vertex 8 101.903 12.181
      vertex 8 138.097 12.181
      vertex 8 102.121 12.3787
    endloop
  endfacet
  facet normal 1 0 0
    outer loop
      vertex 8 138.097 12.181
      vertex 8 101.903 12.181
      vertex 8 138.333 12.0056
    endloop
  endfacet
  facet normal 1 0 0
    outer loop
      vertex 8 101.667 12.0056
      vertex 8 138.333 12.0056
      vertex 8 101.903 12.181
    endloop
  endfacet
  facet normal 1 0 0
    outer loop
      vertex 8 138.333 12.0056
      vertex 8 101.667 12.0056
      vertex 8 138.586 11.8542
    endloop
  endfacet
  facet normal 1 0 0
    outer loop
      vertex 8 101.414 11.8542
      vertex 8 138.586 11.8542
      vertex 8 101.667 12.0056
    endloop
  endfacet
  facet normal 1 0 0
    outer loop
      vertex 8 138.586 11.8542
      vertex 8 101.414 11.8542
      vertex 8 138.852 11.7284
    endloop
  endfacet
  facet normal 1 0 0
    outer loop
      vertex 8 101.148 11.7284
      vertex 8 138.852 11.7284
      vertex 8 101.414 11.8542
    endloop
  endfacet
  facet normal 1 0 0
    outer loop
      vertex 8 138.852 11.7284
      vertex 8 101.148 11.7284
      vertex 8 139.129 11.6292
    endloop
  endfacet
  facet normal 1 0 0
    outer loop
      vertex 8 100.871 11.6292
      vertex 8 139.129 11.6292
      vertex 8 101.148 11.7284
    endloop
  endfacet
  facet normal 1 0 0
    outer loop
      vertex 8 139.129 11.6292
      vertex 8 100.871 11.6292
      vertex 8 139.415 11.5576
    endloop
  endfacet
  facet normal 1 0 0
    outer loop
      vertex 8 100.585 11.5576
      vertex 8 139.415 11.5576
      vertex 8 100.871 11.6292
    endloop
  endfacet
  facet normal 1 0 0
    outer loop
      vertex 8 139.415 11.5576
      vertex 8 100.585 11.5576
      vertex 8 139.706 11.5144
    endloop
  endfacet
  facet normal 1 0 0
    outer loop
      vertex 8 100.294 11.5144
      vertex 8 139.706 11.5144
      vertex 8 100.585 11.5576
    endloop
  endfacet
  facet normal 1 0 0
    outer loop
      vertex 8 139.706 11.5144
      vertex 8 100.294 11.5144
      vertex 8 200 5.02452
    endloop
  endfacet
  facet normal 1 -0 0
    outer loop
      vertex 8 100 11.5
      vertex 8 200 5.02452
      vertex 8 100.294 11.5144
    endloop
  endfacet
  facet normal 1 0 0
    outer loop
      vertex 8 11.5812 5.02452
      vertex 8 100 11.5
      vertex 8 99.7059 11.5144
    endloop
  endfacet
  facet normal 1 -0 0
    outer loop
      vertex 8 63 14.5
      vertex 8 97.0144 14.2059
      vertex 8 97 14.5
    endloop
  endfacet
  facet normal 1 0 0
    outer loop
      vertex 8 62.9856 14.2059
      vertex 8 97.0144 14.2059
      vertex 8 63 14.5
    endloop
  endfacet
  facet normal 1 0 0
    outer loop
      vertex 8 97.0144 14.2059
      vertex 8 62.9856 14.2059
      vertex 8 97.0576 13.9147
    endloop
  endfacet
  facet normal 1 0 0
    outer loop
      vertex 8 62.9424 13.9147
      vertex 8 97.0576 13.9147
      vertex 8 62.9856 14.2059
    endloop
  endfacet
  facet normal 1 0 0
    outer loop
      vertex 8 97.0576 13.9147
      vertex 8 62.9424 13.9147
      vertex 8 97.1292 13.6291
    endloop
  endfacet
  facet normal 1 0 0
    outer loop
      vertex 8 62.8708 13.6291
      vertex 8 97.1292 13.6291
      vertex 8 62.9424 13.9147
    endloop
  endfacet
  facet normal 1 0 0
    outer loop
      vertex 8 97.1292 13.6291
      vertex 8 62.8708 13.6291
      vertex 8 97.2284 13.3519
    endloop
  endfacet
  facet normal 1 0 0
    outer loop
      vertex 8 62.7716 13.3519
      vertex 8 97.2284 13.3519
      vertex 8 62.8708 13.6291
    endloop
  endfacet
  facet normal 1 0 0
    outer loop
      vertex 8 97.2284 13.3519
      vertex 8 62.7716 13.3519
      vertex 8 97.3542 13.0858
    endloop
  endfacet
  facet normal 1 0 0
    outer loop
      vertex 8 62.6458 13.0858
      vertex 8 97.3542 13.0858
      vertex 8 62.7716 13.3519
    endloop
  endfacet
  facet normal 1 0 0
    outer loop
      vertex 8 97.3542 13.0858
      vertex 8 62.6458 13.0858
      vertex 8 97.5056 12.8333
    endloop
  endfacet
  facet normal 1 0 0
    outer loop
      vertex 8 62.4944 12.8333
      vertex 8 97.5056 12.8333
      vertex 8 62.6458 13.0858
    endloop
  endfacet
  facet normal 1 0 0
    outer loop
      vertex 8 97.5056 12.8333
      vertex 8 62.4944 12.8333
      vertex 8 97.681 12.5968
    endloop
  endfacet
  facet normal 1 0 0
    outer loop
      vertex 8 62.319 12.5968
      vertex 8 97.681 12.5968
      vertex 8 62.4944 12.8333
    endloop
  endfacet
  facet normal 1 0 0
    outer loop
      vertex 8 97.681 12.5968
      vertex 8 62.319 12.5968
      vertex 8 97.8787 12.3787
    endloop
  endfacet
  facet normal 1 0 0
    outer loop
      vertex 8 62.1213 12.3787
      vertex 8 97.8787 12.3787
      vertex 8 62.319 12.5968
    endloop
  endfacet
  facet normal 1 0 0
    outer loop
      vertex 8 97.8787 12.3787
      vertex 8 62.1213 12.3787
      vertex 8 98.0968 12.181
    endloop
  endfacet
  facet normal 1 0 0
    outer loop
      vertex 8 61.9032 12.181
      vertex 8 98.0968 12.181
      vertex 8 62.1213 12.3787
    endloop
  endfacet
  facet normal 1 0 0
    outer loop
      vertex 8 98.0968 12.181
      vertex 8 61.9032 12.181
      vertex 8 98.3333 12.0056
    endloop
  endfacet
  facet normal 1 0 0
    outer loop
      vertex 8 61.6667 12.0056
      vertex 8 98.3333 12.0056
      vertex 8 61.9032 12.181
    endloop
  endfacet
  facet normal 1 0 0
    outer loop
      vertex 8 98.3333 12.0056
      vertex 8 61.6667 12.0056
      vertex 8 98.5858 11.8542
    endloop
  endfacet
  facet normal 1 0 0
    outer loop
      vertex 8 61.4142 11.8542
      vertex 8 98.5858 11.8542
      vertex 8 61.6667 12.0056
    endloop
  endfacet
  facet normal 1 0 0
    outer loop
      vertex 8 98.5858 11.8542
      vertex 8 61.4142 11.8542
      vertex 8 98.852 11.7284
    endloop
  endfacet
  facet normal 1 0 0
    outer loop
      vertex 8 61.148 11.7284
      vertex 8 98.852 11.7284
      vertex 8 61.4142 11.8542
    endloop
  endfacet
  facet normal 1 0 0
    outer loop
      vertex 8 98.852 11.7284
      vertex 8 61.148 11.7284
      vertex 8 99.1291 11.6292
    endloop
  endfacet
  facet normal 1 0 0
    outer loop
      vertex 8 60.8709 11.6292
      vertex 8 99.1291 11.6292
      vertex 8 61.148 11.7284
    endloop
  endfacet
  facet normal 1 0 0
    outer loop
      vertex 8 99.1291 11.6292
      vertex 8 60.8709 11.6292
      vertex 8 99.4147 11.5576
    endloop
  endfacet
  facet normal 1 0 0
    outer loop
      vertex 8 60.5853 11.5576
      vertex 8 99.4147 11.5576
      vertex 8 60.8709 11.6292
    endloop
  endfacet
  facet normal 1 0 0
    outer loop
      vertex 8 99.4147 11.5576
      vertex 8 60.5853 11.5576
      vertex 8 99.7059 11.5144
    endloop
  endfacet
  facet normal 1 0 0
    outer loop
      vertex 8 60.2941 11.5144
      vertex 8 99.7059 11.5144
      vertex 8 60.5853 11.5576
    endloop
  endfacet
  facet normal 1 0 0
    outer loop
      vertex 8 11.5812 5.02452
      vertex 8 99.7059 11.5144
      vertex 8 60.2941 11.5144
    endloop
  endfacet
  facet normal 1 0 0
    outer loop
      vertex 8 11.5812 5.02452
      vertex 8 60.2941 11.5144
      vertex 8 60 11.5
    endloop
  endfacet
  facet normal 1 -0 0
    outer loop
      vertex 8 23 14.5
      vertex 8 57.0144 14.2059
      vertex 8 57 14.5
    endloop
  endfacet
  facet normal 1 0 0
    outer loop
      vertex 8 22.9856 14.2059
      vertex 8 57.0144 14.2059
      vertex 8 23 14.5
    endloop
  endfacet
  facet normal 1 0 0
    outer loop
      vertex 8 57.0144 14.2059
      vertex 8 22.9856 14.2059
      vertex 8 57.0576 13.9147
    endloop
  endfacet
  facet normal 1 0 0
    outer loop
      vertex 8 22.9424 13.9147
      vertex 8 57.0576 13.9147
      vertex 8 22.9856 14.2059
    endloop
  endfacet
  facet normal 1 0 0
    outer loop
      vertex 8 57.0576 13.9147
      vertex 8 22.9424 13.9147
      vertex 8 57.1292 13.6291
    endloop
  endfacet
  facet normal 1 0 0
    outer loop
      vertex 8 22.8708 13.6291
      vertex 8 57.1292 13.6291
      vertex 8 22.9424 13.9147
    endloop
  endfacet
  facet normal 1 0 0
    outer loop
      vertex 8 57.1292 13.6291
      vertex 8 22.8708 13.6291
      vertex 8 57.2284 13.3519
    endloop
  endfacet
  facet normal 1 0 0
    outer loop
      vertex 8 22.7716 13.3519
      vertex 8 57.2284 13.3519
      vertex 8 22.8708 13.6291
    endloop
  endfacet
  facet normal 1 0 0
    outer loop
      vertex 8 57.2284 13.3519
      vertex 8 22.7716 13.3519
      vertex 8 57.3542 13.0858
    endloop
  endfacet
  facet normal 1 0 0
    outer loop
      vertex 8 22.6458 13.0858
      vertex 8 57.3542 13.0858
      vertex 8 22.7716 13.3519
    endloop
  endfacet
  facet normal 1 0 0
    outer loop
      vertex 8 57.3542 13.0858
      vertex 8 22.6458 13.0858
      vertex 8 57.5056 12.8333
    endloop
  endfacet
  facet normal 1 0 0
    outer loop
      vertex 8 22.4944 12.8333
      vertex 8 57.5056 12.8333
      vertex 8 22.6458 13.0858
    endloop
  endfacet
  facet normal 1 0 0
    outer loop
      vertex 8 57.5056 12.8333
      vertex 8 22.4944 12.8333
      vertex 8 57.681 12.5968
    endloop
  endfacet
  facet normal 1 0 0
    outer loop
      vertex 8 22.319 12.5968
      vertex 8 57.681 12.5968
      vertex 8 22.4944 12.8333
    endloop
  endfacet
  facet normal 1 0 0
    outer loop
      vertex 8 57.681 12.5968
      vertex 8 22.319 12.5968
      vertex 8 57.8787 12.3787
    endloop
  endfacet
  facet normal 1 0 0
    outer loop
      vertex 8 22.1213 12.3787
      vertex 8 57.8787 12.3787
      vertex 8 22.319 12.5968
    endloop
  endfacet
  facet normal 1 0 0
    outer loop
      vertex 8 57.8787 12.3787
      vertex 8 22.1213 12.3787
      vertex 8 58.0968 12.181
    endloop
  endfacet
  facet normal 1 0 0
    outer loop
      vertex 8 21.9032 12.181
      vertex 8 58.0968 12.181
      vertex 8 22.1213 12.3787
    endloop
  endfacet
  facet normal 1 0 0
    outer loop
      vertex 8 58.0968 12.181
      vertex 8 21.9032 12.181
      vertex 8 58.3333 12.0056
    endloop
  endfacet
  facet normal 1 0 0
    outer loop
      vertex 8 21.6667 12.0056
      vertex 8 58.3333 12.0056
      vertex 8 21.9032 12.181
    endloop
  endfacet
  facet normal 1 0 0
    outer loop
      vertex 8 58.3333 12.0056
      vertex 8 21.6667 12.0056
      vertex 8 58.5858 11.8542
    endloop
  endfacet
  facet normal 1 0 0
    outer loop
      vertex 8 21.4142 11.8542
      vertex 8 58.5858 11.8542
      vertex 8 21.6667 12.0056
    endloop
  endfacet
  facet normal 1 0 0
    outer loop
      vertex 8 11.5812 5.02452
      vertex 8 58.5858 11.8542
      vertex 8 21.4142 11.8542
    endloop
  endfacet
  facet normal 1 0 0
    outer loop
      vertex 8 58.5858 11.8542
      vertex 8 11.5812 5.02452
      vertex 8 58.852 11.7284
    endloop
  endfacet
  facet normal 1 0 0
    outer loop
      vertex 8 58.852 11.7284
      vertex 8 11.5812 5.02452
      vertex 8 59.1291 11.6292
    endloop
  endfacet
  facet normal 1 0 0
    outer loop
      vertex 8 59.1291 11.6292
      vertex 8 11.5812 5.02452
      vertex 8 59.4147 11.5576
    endloop
  endfacet
  facet normal 1 0 0
    outer loop
      vertex 8 59.4147 11.5576
      vertex 8 11.5812 5.02452
      vertex 8 59.7059 11.5144
    endloop
  endfacet
  facet normal 1 0 0
    outer loop
      vertex 8 59.7059 11.5144
      vertex 8 11.5812 5.02452
      vertex 8 60 11.5
    endloop
  endfacet
  facet normal 1 0 0
    outer loop
      vertex 8 11.5812 5.02452
      vertex 8 21.4142 11.8542
      vertex 8 21.148 11.7284
    endloop
  endfacet
  facet normal 1 0 0
    outer loop
      vertex 8 11.5812 5.02452
      vertex 8 21.148 11.7284
      vertex 8 20.8709 11.6292
    endloop
  endfacet
  facet normal 1 0 0
    outer loop
      vertex 8 11.5812 5.02452
      vertex 8 20.8709 11.6292
      vertex 8 20.5853 11.5576
    endloop
  endfacet
  facet normal 1 0 0
    outer loop
      vertex 8 11.5812 5.02452
      vertex 8 20.5853 11.5576
      vertex 8 20.2941 11.5144
    endloop
  endfacet
  facet normal 1 0 0
    outer loop
      vertex 8 11.5812 5.02452
      vertex 8 20.2941 11.5144
      vertex 8 20 11.5
    endloop
  endfacet
  facet normal 1 0 0
    outer loop
      vertex 8 11.5812 5.02452
      vertex 8 17 14.5
      vertex 8 11.5812 24
    endloop
  endfacet
  facet normal 1 0 0
    outer loop
      vertex 8 17 14.5
      vertex 8 11.5812 5.02452
      vertex 8 17.0144 14.2059
    endloop
  endfacet
  facet normal 1 0 0
    outer loop
      vertex 8 17.0144 14.2059
      vertex 8 11.5812 5.02452
      vertex 8 17.0576 13.9147
    endloop
  endfacet
  facet normal 1 0 0
    outer loop
      vertex 8 17.0576 13.9147
      vertex 8 11.5812 5.02452
      vertex 8 17.1292 13.6291
    endloop
  endfacet
  facet normal 1 0 0
    outer loop
      vertex 8 17.1292 13.6291
      vertex 8 11.5812 5.02452
      vertex 8 17.2284 13.3519
    endloop
  endfacet
  facet normal 1 0 0
    outer loop
      vertex 8 100 11.5
      vertex 8 11.5812 5.02452
      vertex 8 200 5.02452
    endloop
  endfacet
  facet normal 1 0 0
    outer loop
      vertex 8 19.7059 11.5144
      vertex 8 11.5812 5.02452
      vertex 8 20 11.5
    endloop
  endfacet
  facet normal 1 0 0
    outer loop
      vertex 8 19.4147 11.5576
      vertex 8 11.5812 5.02452
      vertex 8 19.7059 11.5144
    endloop
  endfacet
  facet normal 1 0 0
    outer loop
      vertex 8 19.1291 11.6292
      vertex 8 11.5812 5.02452
      vertex 8 19.4147 11.5576
    endloop
  endfacet
  facet normal 1 0 0
    outer loop
      vertex 8 18.8519 11.7284
      vertex 8 11.5812 5.02452
      vertex 8 19.1291 11.6292
    endloop
  endfacet
  facet normal 1 0 0
    outer loop
      vertex 8 18.5858 11.8542
      vertex 8 11.5812 5.02452
      vertex 8 18.8519 11.7284
    endloop
  endfacet
  facet normal 1 0 0
    outer loop
      vertex 8 18.3333 12.0056
      vertex 8 11.5812 5.02452
      vertex 8 18.5858 11.8542
    endloop
  endfacet
  facet normal 1 0 0
    outer loop
      vertex 8 18.0968 12.181
      vertex 8 11.5812 5.02452
      vertex 8 18.3333 12.0056
    endloop
  endfacet
  facet normal 1 0 0
    outer loop
      vertex 8 17.8787 12.3787
      vertex 8 11.5812 5.02452
      vertex 8 18.0968 12.181
    endloop
  endfacet
  facet normal 1 0 0
    outer loop
      vertex 8 17.681 12.5968
      vertex 8 11.5812 5.02452
      vertex 8 17.8787 12.3787
    endloop
  endfacet
  facet normal 1 0 0
    outer loop
      vertex 8 17.5056 12.8333
      vertex 8 11.5812 5.02452
      vertex 8 17.681 12.5968
    endloop
  endfacet
  facet normal 1 0 0
    outer loop
      vertex 8 17.3542 13.0858
      vertex 8 11.5812 5.02452
      vertex 8 17.5056 12.8333
    endloop
  endfacet
  facet normal 1 0 0
    outer loop
      vertex 8 17.2284 13.3519
      vertex 8 11.5812 5.02452
      vertex 8 17.3542 13.0858
    endloop
  endfacet
  facet normal 1 -0 0
    outer loop
      vertex 8 0 24
      vertex 8 4.85607 5.02452
      vertex 8 4.85607 24
    endloop
  endfacet
  facet normal 1 0 0
    outer loop
      vertex 8 4.85607 5.02452
      vertex 8 0 24
      vertex 8 0 5.02452
    endloop
  endfacet
  facet normal 0.998793 0 0.0491243
    outer loop
      vertex 7.99518 200 24.098
      vertex 8 11.5812 24
      vertex 8 200 24
    endloop
  endfacet
  facet normal 0.998793 0 0.0491243
    outer loop
      vertex 8 11.5812 24
      vertex 7.99518 200 24.098
      vertex 7.99518 11.5691 24.098
    endloop
  endfacet
  facet normal 0.998793 -0 0.0491243
    outer loop
      vertex 7.99518 0 24.098
      vertex 8 4.85607 24
      vertex 7.99518 4.85945 24.098
    endloop
  endfacet
  facet normal 0.998793 0 0.0491243
    outer loop
      vertex 8 4.85607 24
      vertex 7.99518 0 24.098
      vertex 8 0 24
    endloop
  endfacet
  facet normal 0.989196 0 0.146597
    outer loop
      vertex 7.98079 200 24.1951
      vertex 7.99518 11.5691 24.098
      vertex 7.99518 200 24.098
    endloop
  endfacet
  facet normal 0.989196 0 0.146597
    outer loop
      vertex 7.99518 11.5691 24.098
      vertex 7.98079 200 24.1951
      vertex 7.98079 11.533 24.1951
    endloop
  endfacet
  facet normal 0.989196 -0 0.146597
    outer loop
      vertex 7.98079 0 24.1951
      vertex 7.99518 4.85945 24.098
      vertex 7.98079 4.86956 24.1951
    endloop
  endfacet
  facet normal 0.989196 0 0.146597
    outer loop
      vertex 7.99518 4.85945 24.098
      vertex 7.98079 0 24.1951
      vertex 7.99518 0 24.098
    endloop
  endfacet
  facet normal 0.970023 0 0.243015
    outer loop
      vertex 7.95694 200 24.2903
      vertex 7.98079 11.533 24.1951
      vertex 7.98079 200 24.1951
    endloop
  endfacet
  facet normal 0.970023 0 0.243015
    outer loop
      vertex 7.98079 11.533 24.1951
      vertex 7.95694 200 24.2903
      vertex 7.95694 11.4732 24.2903
    endloop
  endfacet
  facet normal 0.970023 -0 0.243015
    outer loop
      vertex 7.95694 0 24.2903
      vertex 7.98079 4.86956 24.1951
      vertex 7.95694 4.88631 24.2903
    endloop
  endfacet
  facet normal 0.970023 0 0.243015
    outer loop
      vertex 7.98079 4.86956 24.1951
      vertex 7.95694 0 24.2903
      vertex 7.98079 0 24.1951
    endloop
  endfacet
  facet normal 0.941516 0 0.336969
    outer loop
      vertex 7.92387 200 24.3827
      vertex 7.95694 11.4732 24.2903
      vertex 7.95694 200 24.2903
    endloop
  endfacet
  facet normal 0.941516 0 0.336969
    outer loop
      vertex 7.95694 11.4732 24.2903
      vertex 7.92387 200 24.3827
      vertex 7.92387 11.3903 24.3827
    endloop
  endfacet
  facet normal 0.941516 -0 0.336969
    outer loop
      vertex 7.92387 0 24.3827
      vertex 7.95694 4.88631 24.2903
      vertex 7.92387 4.90954 24.3827
    endloop
  endfacet
  facet normal 0.941516 0 0.336969
    outer loop
      vertex 7.95694 4.88631 24.2903
      vertex 7.92387 0 24.3827
      vertex 7.95694 0 24.2903
    endloop
  endfacet
  facet normal 0.904036 0 0.427455
    outer loop
      vertex 7.88193 200 24.4714
      vertex 7.92387 11.3903 24.3827
      vertex 7.92387 200 24.3827
    endloop
  endfacet
  facet normal 0.904036 0 0.427455
    outer loop
      vertex 7.92387 11.3903 24.3827
      vertex 7.88193 200 24.4714
      vertex 7.88193 11.285 24.4714
    endloop
  endfacet
  facet normal 0.904036 -0 0.427455
    outer loop
      vertex 7.88193 0 24.4714
      vertex 7.92387 4.90954 24.3827
      vertex 7.88193 4.939 24.4714
    endloop
  endfacet
  facet normal 0.904036 0 0.427455
    outer loop
      vertex 7.92387 4.90954 24.3827
      vertex 7.88193 0 24.4714
      vertex 7.92387 0 24.3827
    endloop
  endfacet
  facet normal 0.857762 0 0.514046
    outer loop
      vertex 7.83147 200 24.5556
      vertex 7.88193 11.285 24.4714
      vertex 7.88193 200 24.4714
    endloop
  endfacet
  facet normal 0.857762 0 0.514046
    outer loop
      vertex 7.88193 11.285 24.4714
      vertex 7.83147 200 24.5556
      vertex 7.83147 11.1584 24.5556
    endloop
  endfacet
  facet normal 0.857762 -0 0.514046
    outer loop
      vertex 7.83147 0 24.5556
      vertex 7.88193 4.939 24.4714
      vertex 7.83147 4.97445 24.5556
    endloop
  endfacet
  facet normal 0.857762 0 0.514046
    outer loop
      vertex 7.88193 4.939 24.4714
      vertex 7.83147 0 24.5556
      vertex 7.88193 0 24.4714
    endloop
  endfacet
  facet normal 0.80312 0 0.595817
    outer loop
      vertex 7.77301 200 24.6344
      vertex 7.83147 11.1584 24.5556
      vertex 7.83147 200 24.5556
    endloop
  endfacet
  facet normal 0.80312 0 0.595817
    outer loop
      vertex 7.83147 11.1584 24.5556
      vertex 7.77301 200 24.6344
      vertex 7.77301 11.0118 24.6344
    endloop
  endfacet
  facet normal 0.80312 -0 0.595817
    outer loop
      vertex 7.77301 0 24.6344
      vertex 7.83147 4.97445 24.5556
      vertex 7.77301 5.01551 24.6344
    endloop
  endfacet
  facet normal 0.80312 0 0.595817
    outer loop
      vertex 7.83147 4.97445 24.5556
      vertex 7.77301 0 24.6344
      vertex 7.83147 0 24.5556
    endloop
  endfacet
  facet normal 0.740908 0 0.671607
    outer loop
      vertex 7.70711 200 24.7071
      vertex 7.77301 11.0118 24.6344
      vertex 7.77301 200 24.6344
    endloop
  endfacet
  facet normal 0.740908 0 0.671607
    outer loop
      vertex 7.77301 11.0118 24.6344
      vertex 7.70711 200 24.7071
      vertex 7.70711 10.8465 24.7071
    endloop
  endfacet
  facet normal 0.740908 -0 0.671607
    outer loop
      vertex 7.70711 0 24.7071
      vertex 7.77301 5.01551 24.6344
      vertex 7.70711 5.06181 24.7071
    endloop
  endfacet
  facet normal 0.740908 0 0.671607
    outer loop
      vertex 7.77301 5.01551 24.6344
      vertex 7.70711 0 24.7071
      vertex 7.77301 0 24.6344
    endloop
  endfacet
  facet normal 0.671556 0 0.740954
    outer loop
      vertex 7.6344 200 24.773
      vertex 7.70711 10.8465 24.7071
      vertex 7.70711 200 24.7071
    endloop
  endfacet
  facet normal 0.671556 0 0.740954
    outer loop
      vertex 7.70711 10.8465 24.7071
      vertex 7.6344 200 24.773
      vertex 7.6344 10.6641 24.773
    endloop
  endfacet
  facet normal 0.671556 -0 0.740954
    outer loop
      vertex 7.6344 0 24.773
      vertex 7.70711 5.06181 24.7071
      vertex 7.6344 5.11288 24.773
    endloop
  endfacet
  facet normal 0.671556 0 0.740954
    outer loop
      vertex 7.70711 5.06181 24.7071
      vertex 7.6344 0 24.773
      vertex 7.70711 0 24.7071
    endloop
  endfacet
  facet normal 0.595934 0 0.803034
    outer loop
      vertex 7.55557 200 24.8315
      vertex 7.6344 10.6641 24.773
      vertex 7.6344 200 24.773
    endloop
  endfacet
  facet normal 0.595934 0 0.803034
    outer loop
      vertex 7.6344 10.6641 24.773
      vertex 7.55557 200 24.8315
      vertex 7.55557 10.4663 24.8315
    endloop
  endfacet
  facet normal 0.595934 -0 0.803034
    outer loop
      vertex 7.55557 0 24.8315
      vertex 7.6344 5.11288 24.773
      vertex 7.55557 5.16825 24.8315
    endloop
  endfacet
  facet normal 0.595934 0 0.803034
    outer loop
      vertex 7.6344 5.11288 24.773
      vertex 7.55557 0 24.8315
      vertex 7.6344 0 24.773
    endloop
  endfacet
  facet normal 0.513686 0 0.857978
    outer loop
      vertex 7.47139 200 24.8819
      vertex 7.55557 10.4663 24.8315
      vertex 7.55557 200 24.8315
    endloop
  endfacet
  facet normal 0.513686 0 0.857978
    outer loop
      vertex 7.55557 10.4663 24.8315
      vertex 7.47139 200 24.8819
      vertex 7.47139 10.2551 24.8819
    endloop
  endfacet
  facet normal 0.513686 -0 0.857978
    outer loop
      vertex 7.47139 0 24.8819
      vertex 7.55557 5.16825 24.8315
      vertex 7.47139 5.22738 24.8819
    endloop
  endfacet
  facet normal 0.513686 0 0.857978
    outer loop
      vertex 7.55557 5.16825 24.8315
      vertex 7.47139 0 24.8819
      vertex 7.55557 0 24.8315
    endloop
  endfacet
  facet normal 0.427955 0 0.9038
    outer loop
      vertex 7.38269 200 24.9239
      vertex 7.47139 10.2551 24.8819
      vertex 7.47139 200 24.8819
    endloop
  endfacet
  facet normal 0.427955 0 0.9038
    outer loop
      vertex 7.47139 10.2551 24.8819
      vertex 7.38269 200 24.9239
      vertex 7.38269 10.0326 24.9239
    endloop
  endfacet
  facet normal 0.427955 -0 0.9038
    outer loop
      vertex 7.38269 0 24.9239
      vertex 7.47139 5.22738 24.8819
      vertex 7.38269 5.28969 24.9239
    endloop
  endfacet
  facet normal 0.427955 0 0.9038
    outer loop
      vertex 7.47139 5.22738 24.8819
      vertex 7.38269 0 24.9239
      vertex 7.47139 0 24.8819
    endloop
  endfacet
  facet normal 0.336304 0 0.941753
    outer loop
      vertex 7.29028 200 24.9569
      vertex 7.38269 10.0326 24.9239
      vertex 7.38269 200 24.9239
    endloop
  endfacet
  facet normal 0.336304 0 0.941753
    outer loop
      vertex 7.38269 10.0326 24.9239
      vertex 7.29028 200 24.9569
      vertex 7.29028 9.80078 24.9569
    endloop
  endfacet
  facet normal 0.336304 -0 0.941753
    outer loop
      vertex 7.29028 0 24.9569
      vertex 7.38269 5.28969 24.9239
      vertex 7.29028 5.3546 24.9569
    endloop
  endfacet
  facet normal 0.336304 0 0.941753
    outer loop
      vertex 7.38269 5.28969 24.9239
      vertex 7.29028 0 24.9569
      vertex 7.38269 0 24.9239
    endloop
  endfacet
  facet normal 0.243494 0 0.969902
    outer loop
      vertex 7.19508 200 24.9808
      vertex 7.29028 9.80078 24.9569
      vertex 7.29028 200 24.9569
    endloop
  endfacet
  facet normal 0.243494 0 0.969902
    outer loop
      vertex 7.29028 9.80078 24.9569
      vertex 7.19508 200 24.9808
      vertex 7.19508 9.56195 24.9808
    endloop
  endfacet
  facet normal 0.243494 -0 0.969902
    outer loop
      vertex 7.19508 0 24.9808
      vertex 7.29028 5.3546 24.9569
      vertex 7.19508 5.42147 24.9808
    endloop
  endfacet
  facet normal 0.243494 0 0.969902
    outer loop
      vertex 7.29028 5.3546 24.9569
      vertex 7.19508 0 24.9808
      vertex 7.29028 0 24.9569
    endloop
  endfacet
  facet normal 0.146755 0 0.989173
    outer loop
      vertex 7.09802 200 24.9952
      vertex 7.19508 9.56195 24.9808
      vertex 7.19508 200 24.9808
    endloop
  endfacet
  facet normal 0.146755 0 0.989173
    outer loop
      vertex 7.19508 9.56195 24.9808
      vertex 7.09802 200 24.9952
      vertex 7.09802 9.31846 24.9952
    endloop
  endfacet
  facet normal 0.146755 -0 0.989173
    outer loop
      vertex 7.09802 0 24.9952
      vertex 7.19508 5.42147 24.9808
      vertex 7.09802 5.48965 24.9952
    endloop
  endfacet
  facet normal 0.146755 0 0.989173
    outer loop
      vertex 7.19508 5.42147 24.9808
      vertex 7.09802 0 24.9952
      vertex 7.19508 0 24.9808
    endloop
  endfacet
  facet normal 0.048911 0 0.998803
    outer loop
      vertex 7 200 25
      vertex 7.09802 9.31846 24.9952
      vertex 7.09802 200 24.9952
    endloop
  endfacet
  facet normal 0.048911 0 0.998803
    outer loop
      vertex 7.09802 9.31846 24.9952
      vertex 7 200 25
      vertex 7 9.07255 25
    endloop
  endfacet
  facet normal 0.048911 -0 0.998803
    outer loop
      vertex 7 0 25
      vertex 7.09802 5.48965 24.9952
      vertex 7 5.55851 25
    endloop
  endfacet
  facet normal 0.048911 0 0.998803
    outer loop
      vertex 7.09802 5.48965 24.9952
      vertex 7 0 25
      vertex 7.09802 0 24.9952
    endloop
  endfacet
  facet normal -0 0 1
    outer loop
      vertex 1 200 25
      vertex 7 9.07255 25
      vertex 7 200 25
    endloop
  endfacet
  facet normal 0 0 1
    outer loop
      vertex 1 0 25
      vertex 7 9.07255 25
      vertex 1 200 25
    endloop
  endfacet
  facet normal 0 0 1
    outer loop
      vertex 5.90567 6.32721 25
      vertex 7 0 25
      vertex 7 5.55851 25
    endloop
  endfacet
  facet normal 0 0 1
    outer loop
      vertex 5.90567 6.32721 25
      vertex 1 0 25
      vertex 7 0 25
    endloop
  endfacet
  facet normal 0 0 1
    outer loop
      vertex 7 9.07255 25
      vertex 1 0 25
      vertex 5.90567 6.32721 25
    endloop
  endfacet
  facet normal -0.04891 0 0.998803
    outer loop
      vertex 0.901978 200 24.9952
      vertex 1 0 25
      vertex 1 200 25
    endloop
  endfacet
  facet normal -0.04891 0 0.998803
    outer loop
      vertex 1 0 25
      vertex 0.901978 200 24.9952
      vertex 0.901978 0 24.9952
    endloop
  endfacet
  facet normal -0.146753 0 0.989173
    outer loop
      vertex 0.804916 200 24.9808
      vertex 0.901978 0 24.9952
      vertex 0.901978 200 24.9952
    endloop
  endfacet
  facet normal -0.146753 0 0.989173
    outer loop
      vertex 0.901978 0 24.9952
      vertex 0.804916 200 24.9808
      vertex 0.804916 0 24.9808
    endloop
  endfacet
  facet normal -0.243497 0 0.969902
    outer loop
      vertex 0.709717 200 24.9569
      vertex 0.804916 0 24.9808
      vertex 0.804916 200 24.9808
    endloop
  endfacet
  facet normal -0.243497 0 0.969902
    outer loop
      vertex 0.804916 0 24.9808
      vertex 0.709717 200 24.9569
      vertex 0.709717 0 24.9569
    endloop
  endfacet
  facet normal -0.336314 0 0.94175
    outer loop
      vertex 0.61731 200 24.9239
      vertex 0.709717 0 24.9569
      vertex 0.709717 200 24.9569
    endloop
  endfacet
  facet normal -0.336314 0 0.94175
    outer loop
      vertex 0.709717 0 24.9569
      vertex 0.61731 200 24.9239
      vertex 0.61731 0 24.9239
    endloop
  endfacet
  facet normal -0.427955 0 0.9038
    outer loop
      vertex 0.52861 200 24.8819
      vertex 0.61731 0 24.9239
      vertex 0.61731 200 24.9239
    endloop
  endfacet
  facet normal -0.427955 0 0.9038
    outer loop
      vertex 0.61731 0 24.9239
      vertex 0.52861 200 24.8819
      vertex 0.52861 0 24.8819
    endloop
  endfacet
  facet normal -0.513673 0 0.857986
    outer loop
      vertex 0.444427 200 24.8315
      vertex 0.52861 0 24.8819
      vertex 0.52861 200 24.8819
    endloop
  endfacet
  facet normal -0.513673 0 0.857986
    outer loop
      vertex 0.52861 0 24.8819
      vertex 0.444427 200 24.8315
      vertex 0.444427 0 24.8315
    endloop
  endfacet
  facet normal -0.595953 0 0.803019
    outer loop
      vertex 0.365601 200 24.773
      vertex 0.444427 0 24.8315
      vertex 0.444427 200 24.8315
    endloop
  endfacet
  facet normal -0.595953 0 0.803019
    outer loop
      vertex 0.444427 0 24.8315
      vertex 0.365601 200 24.773
      vertex 0.365601 0 24.773
    endloop
  endfacet
  facet normal -0.671561 0 0.740949
    outer loop
      vertex 0.292892 200 24.7071
      vertex 0.365601 0 24.773
      vertex 0.365601 200 24.773
    endloop
  endfacet
  facet normal -0.671561 0 0.740949
    outer loop
      vertex 0.365601 0 24.773
      vertex 0.292892 200 24.7071
      vertex 0.292892 0 24.7071
    endloop
  endfacet
  facet normal -0.740898 0 0.671618
    outer loop
      vertex 0.22699 0 24.6344
      vertex 0.292892 200 24.7071
      vertex 0.22699 200 24.6344
    endloop
  endfacet
  facet normal -0.740898 0 0.671618
    outer loop
      vertex 0.292892 200 24.7071
      vertex 0.22699 0 24.6344
      vertex 0.292892 0 24.7071
    endloop
  endfacet
  facet normal -0.803135 0 0.595798
    outer loop
      vertex 0.168533 0 24.5556
      vertex 0.22699 200 24.6344
      vertex 0.168533 200 24.5556
    endloop
  endfacet
  facet normal -0.803135 0 0.595798
    outer loop
      vertex 0.22699 200 24.6344
      vertex 0.168533 0 24.5556
      vertex 0.22699 0 24.6344
    endloop
  endfacet
  facet normal -0.857762 0 0.514046
    outer loop
      vertex 0.118073 0 24.4714
      vertex 0.168533 200 24.5556
      vertex 0.118073 200 24.4714
    endloop
  endfacet
  facet normal -0.857762 0 0.514046
    outer loop
      vertex 0.168533 200 24.5556
      vertex 0.118073 0 24.4714
      vertex 0.168533 0 24.5556
    endloop
  endfacet
  facet normal -0.904009 0 0.427513
    outer loop
      vertex 0.0761261 0 24.3827
      vertex 0.118073 200 24.4714
      vertex 0.0761261 200 24.3827
    endloop
  endfacet
  facet normal -0.904009 0 0.427513
    outer loop
      vertex 0.118073 200 24.4714
      vertex 0.0761261 0 24.3827
      vertex 0.118073 0 24.4714
    endloop
  endfacet
  facet normal -0.941529 0 0.336931
    outer loop
      vertex 0.0430603 0 24.2903
      vertex 0.0761261 200 24.3827
      vertex 0.0430603 200 24.2903
    endloop
  endfacet
  facet normal -0.941529 0 0.336931
    outer loop
      vertex 0.0761261 200 24.3827
      vertex 0.0430603 0 24.2903
      vertex 0.0761261 0 24.3827
    endloop
  endfacet
  facet normal -0.970024 0 0.24301
    outer loop
      vertex 0.0192108 0 24.1951
      vertex 0.0430603 200 24.2903
      vertex 0.0192108 200 24.1951
    endloop
  endfacet
  facet normal -0.970024 0 0.24301
    outer loop
      vertex 0.0430603 200 24.2903
      vertex 0.0192108 0 24.1951
      vertex 0.0430603 0 24.2903
    endloop
  endfacet
  facet normal -0.989198 0 0.146587
    outer loop
      vertex 0.00482178 0 24.098
      vertex 0.0192108 200 24.1951
      vertex 0.00482178 200 24.098
    endloop
  endfacet
  facet normal -0.989198 0 0.146587
    outer loop
      vertex 0.0192108 200 24.1951
      vertex 0.00482178 0 24.098
      vertex 0.0192108 0 24.1951
    endloop
  endfacet
  facet normal -0.998792 0 0.0491424
    outer loop
      vertex 0 0 24
      vertex 0.00482178 200 24.098
      vertex 0 200 24
    endloop
  endfacet
  facet normal -0.998792 0 0.0491424
    outer loop
      vertex 0.00482178 200 24.098
      vertex 0 0 24
      vertex 0.00482178 0 24.098
    endloop
  endfacet
  facet normal -1 0 0
    outer loop
      vertex 0 0 1
      vertex 0 200 24
      vertex 0 200 1
    endloop
  endfacet
  facet normal -1 -0 0
    outer loop
      vertex 0 200 24
      vertex 0 0 1
      vertex 0 0 24
    endloop
  endfacet
  facet normal -0.998792 0 -0.0491314
    outer loop
      vertex 0.00482178 0 0.901978
      vertex 0 200 1
      vertex 0.00482178 200 0.901978
    endloop
  endfacet
  facet normal -0.998792 -0 -0.0491314
    outer loop
      vertex 0 200 1
      vertex 0.00482178 0 0.901978
      vertex 0 0 1
    endloop
  endfacet
  facet normal -0.989189 0 -0.146643
    outer loop
      vertex 0.0192108 0 0.804916
      vertex 0.00482178 200 0.901978
      vertex 0.0192108 200 0.804916
    endloop
  endfacet
  facet normal -0.989189 -0 -0.146643
    outer loop
      vertex 0.00482178 200 0.901978
      vertex 0.0192108 0 0.804916
      vertex 0.00482178 0 0.901978
    endloop
  endfacet
  facet normal -0.970023 0 -0.243013
    outer loop
      vertex 0.0430603 0 0.709717
      vertex 0.0192108 200 0.804916
      vertex 0.0430603 200 0.709717
    endloop
  endfacet
  facet normal -0.970023 -0 -0.243013
    outer loop
      vertex 0.0192108 200 0.804916
      vertex 0.0430603 0 0.709717
      vertex 0.0192108 0 0.804916
    endloop
  endfacet
  facet normal -0.941537 0 -0.336908
    outer loop
      vertex 0.0761261 0 0.61731
      vertex 0.0430603 200 0.709717
      vertex 0.0761261 200 0.61731
    endloop
  endfacet
  facet normal -0.941537 -0 -0.336908
    outer loop
      vertex 0.0430603 200 0.709717
      vertex 0.0761261 0 0.61731
      vertex 0.0430603 0 0.709717
    endloop
  endfacet
  facet normal -0.904009 0 -0.427513
    outer loop
      vertex 0.118073 0 0.52861
      vertex 0.0761261 200 0.61731
      vertex 0.118073 200 0.52861
    endloop
  endfacet
  facet normal -0.904009 -0 -0.427513
    outer loop
      vertex 0.0761261 200 0.61731
      vertex 0.118073 0 0.52861
      vertex 0.0761261 0 0.61731
    endloop
  endfacet
  facet normal -0.857717 0 -0.514123
    outer loop
      vertex 0.168533 0 0.444427
      vertex 0.118073 200 0.52861
      vertex 0.168533 200 0.444427
    endloop
  endfacet
  facet normal -0.857717 -0 -0.514123
    outer loop
      vertex 0.118073 200 0.52861
      vertex 0.168533 0 0.444427
      vertex 0.118073 0 0.52861
    endloop
  endfacet
  facet normal -0.803229 0 -0.595671
    outer loop
      vertex 0.22699 0 0.365601
      vertex 0.168533 200 0.444427
      vertex 0.22699 200 0.365601
    endloop
  endfacet
  facet normal -0.803229 -0 -0.595671
    outer loop
      vertex 0.168533 200 0.444427
      vertex 0.22699 0 0.365601
      vertex 0.168533 0 0.444427
    endloop
  endfacet
  facet normal -0.740939 0 -0.671572
    outer loop
      vertex 0.292892 0 0.292892
      vertex 0.22699 200 0.365601
      vertex 0.292892 200 0.292892
    endloop
  endfacet
  facet normal -0.740939 -0 -0.671572
    outer loop
      vertex 0.22699 200 0.365601
      vertex 0.292892 0 0.292892
      vertex 0.22699 0 0.365601
    endloop
  endfacet
  facet normal -0.671572 0 -0.740939
    outer loop
      vertex 0.292892 0 0.292892
      vertex 0.365601 200 0.22699
      vertex 0.365601 0 0.22699
    endloop
  endfacet
  facet normal -0.671572 0 -0.740939
    outer loop
      vertex 0.365601 200 0.22699
      vertex 0.292892 0 0.292892
      vertex 0.292892 200 0.292892
    endloop
  endfacet
  facet normal -0.595671 0 -0.803229
    outer loop
      vertex 0.365601 0 0.22699
      vertex 0.444427 200 0.168533
      vertex 0.444427 0 0.168533
    endloop
  endfacet
  facet normal -0.595671 0 -0.803229
    outer loop
      vertex 0.444427 200 0.168533
      vertex 0.365601 0 0.22699
      vertex 0.365601 200 0.22699
    endloop
  endfacet
  facet normal -0.514123 0 -0.857717
    outer loop
      vertex 0.444427 0 0.168533
      vertex 0.52861 200 0.118073
      vertex 0.52861 0 0.118073
    endloop
  endfacet
  facet normal -0.514123 0 -0.857717
    outer loop
      vertex 0.52861 200 0.118073
      vertex 0.444427 0 0.168533
      vertex 0.444427 200 0.168533
    endloop
  endfacet
  facet normal -0.427513 0 -0.904009
    outer loop
      vertex 0.52861 0 0.118073
      vertex 0.61731 200 0.0761261
      vertex 0.61731 0 0.0761261
    endloop
  endfacet
  facet normal -0.427513 0 -0.904009
    outer loop
      vertex 0.61731 200 0.0761261
      vertex 0.52861 0 0.118073
      vertex 0.52861 200 0.118073
    endloop
  endfacet
  facet normal -0.336908 0 -0.941537
    outer loop
      vertex 0.61731 0 0.0761261
      vertex 0.709717 200 0.0430603
      vertex 0.709717 0 0.0430603
    endloop
  endfacet
  facet normal -0.336908 0 -0.941537
    outer loop
      vertex 0.709717 200 0.0430603
      vertex 0.61731 0 0.0761261
      vertex 0.61731 200 0.0761261
    endloop
  endfacet
  facet normal -0.243013 0 -0.970023
    outer loop
      vertex 0.709717 0 0.0430603
      vertex 0.804916 200 0.0192108
      vertex 0.804916 0 0.0192108
    endloop
  endfacet
  facet normal -0.243013 0 -0.970023
    outer loop
      vertex 0.804916 200 0.0192108
      vertex 0.709717 0 0.0430603
      vertex 0.709717 200 0.0430603
    endloop
  endfacet
  facet normal -0.146643 0 -0.989189
    outer loop
      vertex 0.804916 0 0.0192108
      vertex 0.901978 200 0.00482178
      vertex 0.901978 0 0.00482178
    endloop
  endfacet
  facet normal -0.146643 0 -0.989189
    outer loop
      vertex 0.901978 200 0.00482178
      vertex 0.804916 0 0.0192108
      vertex 0.804916 200 0.0192108
    endloop
  endfacet
  facet normal -0.0491314 0 -0.998792
    outer loop
      vertex 0.901978 0 0.00482178
      vertex 1 200 0
      vertex 1 0 0
    endloop
  endfacet
  facet normal -0.0491314 0 -0.998792
    outer loop
      vertex 1 200 0
      vertex 0.901978 0 0.00482178
      vertex 0.901978 200 0.00482178
    endloop
  endfacet
  facet normal 0.0491424 0 -0.998792
    outer loop
      vertex 40 0 0
      vertex 40.098 200 0.00482178
      vertex 40.098 0 0.00482178
    endloop
  endfacet
  facet normal 0.0491424 0 -0.998792
    outer loop
      vertex 40.098 200 0.00482178
      vertex 40 0 0
      vertex 40 200 0
    endloop
  endfacet
  facet normal 0 -0.941488 -0.337047
    outer loop
      vertex 4.8 22.8708 15.3709
      vertex 8 22.7716 15.648
      vertex 4.8 22.7716 15.648
    endloop
  endfacet
  facet normal 0 -0.941488 -0.337047
    outer loop
      vertex 8 22.7716 15.648
      vertex 4.8 22.8708 15.3709
      vertex 8 22.8708 15.3709
    endloop
  endfacet
  facet normal 0 -0.0475651 -0.998868
    outer loop
      vertex 4.8 20 18.85
      vertex 8 20.0147 18.8493
      vertex 8 20 18.85
    endloop
  endfacet
  facet normal -0 -0.0475651 -0.998868
    outer loop
      vertex 8 20.0147 18.8493
      vertex 4.8 20 18.85
      vertex 4.8 20.0147 18.8493
    endloop
  endfacet
  facet normal 0 -0.969982 -0.243175
    outer loop
      vertex 4.8 22.9424 15.0853
      vertex 8 22.8708 15.3709
      vertex 4.8 22.8708 15.3709
    endloop
  endfacet
  facet normal 0 -0.969982 -0.243175
    outer loop
      vertex 8 22.8708 15.3709
      vertex 4.8 22.9424 15.0853
      vertex 8 22.9424 15.0853
    endloop
  endfacet
  facet normal 0 -0.146746 0.989174
    outer loop
      vertex 4.8 20.5853 11.5576
      vertex 8 20.2941 11.5144
      vertex 8 20.5853 11.5576
    endloop
  endfacet
  facet normal 0 -0.146746 0.989174
    outer loop
      vertex 8 20.2941 11.5144
      vertex 4.8 20.5853 11.5576
      vertex 4.8 20.2941 11.5144
    endloop
  endfacet
  facet normal 0 -0.337047 0.941488
    outer loop
      vertex 4.8 21.148 11.7284
      vertex 8 20.8709 11.6292
      vertex 8 21.148 11.7284
    endloop
  endfacet
  facet normal 0 -0.337047 0.941488
    outer loop
      vertex 8 20.8709 11.6292
      vertex 4.8 21.148 11.7284
      vertex 4.8 20.8709 11.6292
    endloop
  endfacet
  facet normal 0 0.803208 -0.595699
    outer loop
      vertex 8 17.5056 16.1667
      vertex 4.8 17.681 16.4032
      vertex 8 17.681 16.4032
    endloop
  endfacet
  facet normal 0 0.803208 -0.595699
    outer loop
      vertex 4.8 17.681 16.4032
      vertex 8 17.5056 16.1667
      vertex 4.8 17.5056 16.1667
    endloop
  endfacet
  facet normal 0 0.428086 -0.903738
    outer loop
      vertex 4.8 19.9293 18.8323
      vertex 8 19.9426 18.8386
      vertex 8 19.9293 18.8323
    endloop
  endfacet
  facet normal 0 0.428086 -0.903738
    outer loop
      vertex 8 19.9426 18.8386
      vertex 4.8 19.9293 18.8323
      vertex 4.8 19.9426 18.8386
    endloop
  endfacet
  facet normal 0 -0.998803 -0.0489044
    outer loop
      vertex 4.8 23 14.5
      vertex 8 22.9856 14.7941
      vertex 4.8 22.9856 14.7941
    endloop
  endfacet
  facet normal 0 -0.998803 -0.0489044
    outer loop
      vertex 8 22.9856 14.7941
      vertex 4.8 23 14.5
      vertex 8 23 14.5
    endloop
  endfacet
  facet normal 0 0.941488 -0.337047
    outer loop
      vertex 8 17.1292 15.3709
      vertex 4.8 17.2284 15.648
      vertex 8 17.2284 15.648
    endloop
  endfacet
  facet normal 0 0.941488 -0.337047
    outer loop
      vertex 4.8 17.2284 15.648
      vertex 8 17.1292 15.3709
      vertex 4.8 17.1292 15.3709
    endloop
  endfacet
  facet normal 0 0.904063 0.4274
    outer loop
      vertex 8 17.3542 13.0858
      vertex 4.8 17.2284 13.3519
      vertex 8 17.2284 13.3519
    endloop
  endfacet
  facet normal 0 0.904063 0.4274
    outer loop
      vertex 4.8 17.2284 13.3519
      vertex 8 17.3542 13.0858
      vertex 4.8 17.3542 13.0858
    endloop
  endfacet
  facet normal -0 0.243175 0.969982
    outer loop
      vertex 4.8 19.4147 11.5576
      vertex 8 19.1291 11.6292
      vertex 8 19.4147 11.5576
    endloop
  endfacet
  facet normal 0 0.243175 0.969982
    outer loop
      vertex 8 19.1291 11.6292
      vertex 4.8 19.4147 11.5576
      vertex 4.8 19.1291 11.6292
    endloop
  endfacet
  facet normal -0 0.595699 0.803208
    outer loop
      vertex 4.8 18.3333 12.0056
      vertex 8 18.0968 12.181
      vertex 8 18.3333 12.0056
    endloop
  endfacet
  facet normal 0 0.595699 0.803208
    outer loop
      vertex 8 18.0968 12.181
      vertex 4.8 18.3333 12.0056
      vertex 4.8 18.0968 12.181
    endloop
  endfacet
  facet normal 0 -0.857643 -0.514246
    outer loop
      vertex 4.8 22.6458 15.9142
      vertex 8 22.4944 16.1667
      vertex 4.8 22.4944 16.1667
    endloop
  endfacet
  facet normal 0 -0.857643 -0.514246
    outer loop
      vertex 8 22.4944 16.1667
      vertex 4.8 22.6458 15.9142
      vertex 8 22.6458 15.9142
    endloop
  endfacet
  facet normal -0 0.0489044 0.998803
    outer loop
      vertex 4.8 20 11.5
      vertex 8 19.7059 11.5144
      vertex 8 20 11.5
    endloop
  endfacet
  facet normal 0 0.0489044 0.998803
    outer loop
      vertex 8 19.7059 11.5144
      vertex 4.8 20 11.5
      vertex 4.8 19.7059 11.5144
    endloop
  endfacet
  facet normal 0 -0.941527 0.336939
    outer loop
      vertex 4.8 22.7716 13.3519
      vertex 8 22.8708 13.6291
      vertex 4.8 22.8708 13.6291
    endloop
  endfacet
  facet normal 0 -0.941527 0.336939
    outer loop
      vertex 8 22.8708 13.6291
      vertex 4.8 22.7716 13.3519
      vertex 8 22.7716 13.3519
    endloop
  endfacet
  facet normal 0 -0.672335 -0.740247
    outer loop
      vertex 4.8 20.0952 18.816
      vertex 8 20.1061 18.8061
      vertex 8 20.0952 18.816
    endloop
  endfacet
  facet normal -0 -0.672335 -0.740247
    outer loop
      vertex 8 20.1061 18.8061
      vertex 4.8 20.0952 18.816
      vertex 4.8 20.1061 18.8061
    endloop
  endfacet
  facet normal 0 0.969982 0.243175
    outer loop
      vertex 8 17.1292 13.6291
      vertex 4.8 17.0576 13.9147
      vertex 8 17.0576 13.9147
    endloop
  endfacet
  facet normal 0 0.969982 0.243175
    outer loop
      vertex 4.8 17.0576 13.9147
      vertex 8 17.1292 13.6291
      vertex 4.8 17.1292 13.6291
    endloop
  endfacet
  facet normal 0 -0.740908 0.671607
    outer loop
      vertex 4.8 22.1213 12.3787
      vertex 8 22.319 12.5968
      vertex 4.8 22.319 12.5968
    endloop
  endfacet
  facet normal 0 -0.740908 0.671607
    outer loop
      vertex 8 22.319 12.5968
      vertex 4.8 22.1213 12.3787
      vertex 8 22.1213 12.3787
    endloop
  endfacet
  facet normal 0 0.941527 0.336939
    outer loop
      vertex 8 17.2284 13.3519
      vertex 4.8 17.1292 13.6291
      vertex 8 17.1292 13.6291
    endloop
  endfacet
  facet normal 0 0.941527 0.336939
    outer loop
      vertex 4.8 17.1292 13.6291
      vertex 8 17.2284 13.3519
      vertex 4.8 17.2284 13.3519
    endloop
  endfacet
  facet normal 0 -0.332465 -0.943116
    outer loop
      vertex 4.8 20.0435 18.8435
      vertex 8 20.0574 18.8386
      vertex 8 20.0435 18.8435
    endloop
  endfacet
  facet normal -0 -0.332465 -0.943116
    outer loop
      vertex 8 20.0574 18.8386
      vertex 4.8 20.0435 18.8435
      vertex 4.8 20.0574 18.8386
    endloop
  endfacet
  facet normal 0 0.904125 -0.427269
    outer loop
      vertex 8 17.2284 15.648
      vertex 4.8 17.3542 15.9142
      vertex 8 17.3542 15.9142
    endloop
  endfacet
  facet normal 0 0.904125 -0.427269
    outer loop
      vertex 4.8 17.3542 15.9142
      vertex 8 17.2284 15.648
      vertex 4.8 17.2284 15.648
    endloop
  endfacet
  facet normal 0 -0.803208 -0.595699
    outer loop
      vertex 4.8 22.4944 16.1667
      vertex 8 22.319 16.4032
      vertex 4.8 22.319 16.4032
    endloop
  endfacet
  facet normal 0 -0.803208 -0.595699
    outer loop
      vertex 8 22.319 16.4032
      vertex 4.8 22.4944 16.1667
      vertex 8 22.4944 16.1667
    endloop
  endfacet
  facet normal 0 0.857643 0.514246
    outer loop
      vertex 8 17.5056 12.8333
      vertex 4.8 17.3542 13.0858
      vertex 8 17.3542 13.0858
    endloop
  endfacet
  facet normal 0 0.857643 0.514246
    outer loop
      vertex 4.8 17.3542 13.0858
      vertex 8 17.5056 12.8333
      vertex 4.8 17.5056 12.8333
    endloop
  endfacet
  facet normal -0 0.146746 0.989174
    outer loop
      vertex 4.8 19.7059 11.5144
      vertex 8 19.4147 11.5576
      vertex 8 19.7059 11.5144
    endloop
  endfacet
  facet normal 0 0.146746 0.989174
    outer loop
      vertex 8 19.4147 11.5576
      vertex 4.8 19.7059 11.5144
      vertex 4.8 19.4147 11.5576
    endloop
  endfacet
  facet normal 0 0.740908 0.671607
    outer loop
      vertex 8 17.8787 12.3787
      vertex 4.8 17.681 12.5968
      vertex 8 17.681 12.5968
    endloop
  endfacet
  facet normal 0 0.740908 0.671607
    outer loop
      vertex 4.8 17.681 12.5968
      vertex 8 17.8787 12.3787
      vertex 4.8 17.8787 12.3787
    endloop
  endfacet
  facet normal 0 0.969982 -0.243175
    outer loop
      vertex 8 17.0576 15.0853
      vertex 4.8 17.1292 15.3709
      vertex 8 17.1292 15.3709
    endloop
  endfacet
  facet normal 0 0.969982 -0.243175
    outer loop
      vertex 4.8 17.1292 15.3709
      vertex 8 17.0576 15.0853
      vertex 4.8 17.0576 15.0853
    endloop
  endfacet
  facet normal -0 0.671607 0.740908
    outer loop
      vertex 4.8 18.0968 12.181
      vertex 8 17.8787 12.3787
      vertex 8 18.0968 12.181
    endloop
  endfacet
  facet normal 0 0.671607 0.740908
    outer loop
      vertex 8 17.8787 12.3787
      vertex 4.8 18.0968 12.181
      vertex 4.8 17.8787 12.3787
    endloop
  endfacet
  facet normal 0 -0.514246 0.857643
    outer loop
      vertex 4.8 21.6667 12.0056
      vertex 8 21.4142 11.8542
      vertex 8 21.6667 12.0056
    endloop
  endfacet
  facet normal 0 -0.514246 0.857643
    outer loop
      vertex 8 21.4142 11.8542
      vertex 4.8 21.6667 12.0056
      vertex 4.8 21.4142 11.8542
    endloop
  endfacet
  facet normal 1 0 0
    outer loop
      vertex 4.8 22.9856 14.7941
      vertex 4.8 22.9856 14.2059
      vertex 4.8 23 14.5
    endloop
  endfacet
  facet normal 1 0 0
    outer loop
      vertex 4.8 22.9424 15.0853
      vertex 4.8 22.9856 14.2059
      vertex 4.8 22.9856 14.7941
    endloop
  endfacet
  facet normal 1 0 0
    outer loop
      vertex 4.8 22.9424 15.0853
      vertex 4.8 22.9424 13.9147
      vertex 4.8 22.9856 14.2059
    endloop
  endfacet
  facet normal 1 0 0
    outer loop
      vertex 4.8 22.8708 15.3709
      vertex 4.8 22.9424 13.9147
      vertex 4.8 22.9424 15.0853
    endloop
  endfacet
  facet normal 1 0 0
    outer loop
      vertex 4.8 22.8708 15.3709
      vertex 4.8 22.8708 13.6291
      vertex 4.8 22.9424 13.9147
    endloop
  endfacet
  facet normal 1 0 0
    outer loop
      vertex 4.8 22.7716 15.648
      vertex 4.8 22.8708 13.6291
      vertex 4.8 22.8708 15.3709
    endloop
  endfacet
  facet normal 1 0 0
    outer loop
      vertex 4.8 22.7716 15.648
      vertex 4.8 22.7716 13.3519
      vertex 4.8 22.8708 13.6291
    endloop
  endfacet
  facet normal 1 0 0
    outer loop
      vertex 4.8 22.6458 15.9142
      vertex 4.8 22.7716 13.3519
      vertex 4.8 22.7716 15.648
    endloop
  endfacet
  facet normal 1 0 0
    outer loop
      vertex 4.8 22.6458 15.9142
      vertex 4.8 22.6458 13.0858
      vertex 4.8 22.7716 13.3519
    endloop
  endfacet
  facet normal 1 0 0
    outer loop
      vertex 4.8 22.4944 16.1667
      vertex 4.8 22.6458 13.0858
      vertex 4.8 22.6458 15.9142
    endloop
  endfacet
  facet normal 1 0 0
    outer loop
      vertex 4.8 22.4944 16.1667
      vertex 4.8 22.4944 12.8333
      vertex 4.8 22.6458 13.0858
    endloop
  endfacet
  facet normal 1 0 0
    outer loop
      vertex 4.8 22.319 16.4032
      vertex 4.8 22.4944 12.8333
      vertex 4.8 22.4944 16.1667
    endloop
  endfacet
  facet normal 1 0 0
    outer loop
      vertex 4.8 22.319 16.4032
      vertex 4.8 22.319 12.5968
      vertex 4.8 22.4944 12.8333
    endloop
  endfacet
  facet normal 1 0 0
    outer loop
      vertex 4.8 22.1213 16.6213
      vertex 4.8 22.319 12.5968
      vertex 4.8 22.319 16.4032
    endloop
  endfacet
  facet normal 1 0 0
    outer loop
      vertex 4.8 22.1213 16.6213
      vertex 4.8 22.1213 12.3787
      vertex 4.8 22.319 12.5968
    endloop
  endfacet
  facet normal 1 0 0
    outer loop
      vertex 4.8 22.1213 16.6213
      vertex 4.8 21.9032 12.181
      vertex 4.8 22.1213 12.3787
    endloop
  endfacet
  facet normal 1 0 0
    outer loop
      vertex 4.8 22.1213 16.6213
      vertex 4.8 21.6667 12.0056
      vertex 4.8 21.9032 12.181
    endloop
  endfacet
  facet normal 1 0 0
    outer loop
      vertex 4.8 22.1213 16.6213
      vertex 4.8 21.4142 11.8542
      vertex 4.8 21.6667 12.0056
    endloop
  endfacet
  facet normal 1 0 0
    outer loop
      vertex 4.8 22.1213 16.6213
      vertex 4.8 21.148 11.7284
      vertex 4.8 21.4142 11.8542
    endloop
  endfacet
  facet normal 1 0 0
    outer loop
      vertex 4.8 22.1213 16.6213
      vertex 4.8 20.8709 11.6292
      vertex 4.8 21.148 11.7284
    endloop
  endfacet
  facet normal 1 0 0
    outer loop
      vertex 4.8 22.1213 16.6213
      vertex 4.8 20.5853 11.5576
      vertex 4.8 20.8709 11.6292
    endloop
  endfacet
  facet normal 1 0 0
    outer loop
      vertex 4.8 22.1213 16.6213
      vertex 4.8 20.2941 11.5144
      vertex 4.8 20.5853 11.5576
    endloop
  endfacet
  facet normal 1 0 0
    outer loop
      vertex 4.8 17.8787 16.6213
      vertex 4.8 22.1213 16.6213
      vertex 4.8 20.1061 18.8061
    endloop
  endfacet
  facet normal 1 0 0
    outer loop
      vertex 4.8 19.8939 18.8061
      vertex 4.8 20.1061 18.8061
      vertex 4.8 20.0952 18.816
    endloop
  endfacet
  facet normal 1 0 0
    outer loop
      vertex 4.8 19.8939 18.8061
      vertex 4.8 20.0952 18.816
      vertex 4.8 20.0833 18.8247
    endloop
  endfacet
  facet normal 1 0 0
    outer loop
      vertex 4.8 19.8939 18.8061
      vertex 4.8 20.0833 18.8247
      vertex 4.8 20.0707 18.8323
    endloop
  endfacet
  facet normal 1 0 0
    outer loop
      vertex 4.8 19.8939 18.8061
      vertex 4.8 20.0707 18.8323
      vertex 4.8 20.0574 18.8386
    endloop
  endfacet
  facet normal 1 0 0
    outer loop
      vertex 4.8 19.8939 18.8061
      vertex 4.8 20.0574 18.8386
      vertex 4.8 20.0435 18.8435
    endloop
  endfacet
  facet normal 1 0 0
    outer loop
      vertex 4.8 19.8939 18.8061
      vertex 4.8 20.0435 18.8435
      vertex 4.8 20.0293 18.8471
    endloop
  endfacet
  facet normal 1 0 0
    outer loop
      vertex 4.8 19.8939 18.8061
      vertex 4.8 20.0293 18.8471
      vertex 4.8 20.0147 18.8493
    endloop
  endfacet
  facet normal 1 0 0
    outer loop
      vertex 4.8 19.8939 18.8061
      vertex 4.8 20.0147 18.8493
      vertex 4.8 20 18.85
    endloop
  endfacet
  facet normal 1 0 0
    outer loop
      vertex 4.8 22.1213 16.6213
      vertex 4.8 17.8787 16.6213
      vertex 4.8 20.2941 11.5144
    endloop
  endfacet
  facet normal 1 0 0
    outer loop
      vertex 4.8 19.8939 18.8061
      vertex 4.8 20 18.85
      vertex 4.8 19.9853 18.8493
    endloop
  endfacet
  facet normal 1 0 0
    outer loop
      vertex 4.8 19.8939 18.8061
      vertex 4.8 19.9853 18.8493
      vertex 4.8 19.9707 18.8471
    endloop
  endfacet
  facet normal 1 0 0
    outer loop
      vertex 4.8 19.8939 18.8061
      vertex 4.8 19.9707 18.8471
      vertex 4.8 19.9565 18.8435
    endloop
  endfacet
  facet normal 1 0 0
    outer loop
      vertex 4.8 19.8939 18.8061
      vertex 4.8 19.9565 18.8435
      vertex 4.8 19.9426 18.8386
    endloop
  endfacet
  facet normal 1 0 0
    outer loop
      vertex 4.8 19.8939 18.8061
      vertex 4.8 19.9426 18.8386
      vertex 4.8 19.9293 18.8323
    endloop
  endfacet
  facet normal 1 0 0
    outer loop
      vertex 4.8 19.8939 18.8061
      vertex 4.8 19.9293 18.8323
      vertex 4.8 19.9167 18.8247
    endloop
  endfacet
  facet normal 1 0 0
    outer loop
      vertex 4.8 19.8939 18.8061
      vertex 4.8 19.9167 18.8247
      vertex 4.8 19.9048 18.816
    endloop
  endfacet
  facet normal 1 0 0
    outer loop
      vertex 4.8 20.1061 18.8061
      vertex 4.8 19.8939 18.8061
      vertex 4.8 17.8787 16.6213
    endloop
  endfacet
  facet normal 1 0 0
    outer loop
      vertex 4.8 20.2941 11.5144
      vertex 4.8 17.8787 16.6213
      vertex 4.8 20 11.5
    endloop
  endfacet
  facet normal 1 0 0
    outer loop
      vertex 4.8 20 11.5
      vertex 4.8 17.8787 16.6213
      vertex 4.8 19.7059 11.5144
    endloop
  endfacet
  facet normal 1 0 0
    outer loop
      vertex 4.8 19.7059 11.5144
      vertex 4.8 17.8787 16.6213
      vertex 4.8 19.4147 11.5576
    endloop
  endfacet
  facet normal 1 0 0
    outer loop
      vertex 4.8 19.4147 11.5576
      vertex 4.8 17.8787 16.6213
      vertex 4.8 19.1291 11.6292
    endloop
  endfacet
  facet normal 1 0 0
    outer loop
      vertex 4.8 19.1291 11.6292
      vertex 4.8 17.8787 16.6213
      vertex 4.8 18.8519 11.7284
    endloop
  endfacet
  facet normal 1 0 0
    outer loop
      vertex 4.8 18.8519 11.7284
      vertex 4.8 17.8787 16.6213
      vertex 4.8 18.5858 11.8542
    endloop
  endfacet
  facet normal 1 0 0
    outer loop
      vertex 4.8 18.5858 11.8542
      vertex 4.8 17.8787 16.6213
      vertex 4.8 18.3333 12.0056
    endloop
  endfacet
  facet normal 1 0 0
    outer loop
      vertex 4.8 18.3333 12.0056
      vertex 4.8 17.8787 16.6213
      vertex 4.8 18.0968 12.181
    endloop
  endfacet
  facet normal 1 0 0
    outer loop
      vertex 4.8 17.8787 16.6213
      vertex 4.8 17.8787 12.3787
      vertex 4.8 18.0968 12.181
    endloop
  endfacet
  facet normal 1 -0 0
    outer loop
      vertex 4.8 17.681 16.4032
      vertex 4.8 17.8787 12.3787
      vertex 4.8 17.8787 16.6213
    endloop
  endfacet
  facet normal 1 0 0
    outer loop
      vertex 4.8 17.681 16.4032
      vertex 4.8 17.681 12.5968
      vertex 4.8 17.8787 12.3787
    endloop
  endfacet
  facet normal 1 -0 0
    outer loop
      vertex 4.8 17.5056 16.1667
      vertex 4.8 17.681 12.5968
      vertex 4.8 17.681 16.4032
    endloop
  endfacet
  facet normal 1 0 0
    outer loop
      vertex 4.8 17.5056 16.1667
      vertex 4.8 17.5056 12.8333
      vertex 4.8 17.681 12.5968
    endloop
  endfacet
  facet normal 1 -0 0
    outer loop
      vertex 4.8 17.3542 15.9142
      vertex 4.8 17.5056 12.8333
      vertex 4.8 17.5056 16.1667
    endloop
  endfacet
  facet normal 1 0 0
    outer loop
      vertex 4.8 17.3542 15.9142
      vertex 4.8 17.3542 13.0858
      vertex 4.8 17.5056 12.8333
    endloop
  endfacet
  facet normal 1 -0 0
    outer loop
      vertex 4.8 17.2284 15.648
      vertex 4.8 17.3542 13.0858
      vertex 4.8 17.3542 15.9142
    endloop
  endfacet
  facet normal 1 0 0
    outer loop
      vertex 4.8 17.2284 15.648
      vertex 4.8 17.2284 13.3519
      vertex 4.8 17.3542 13.0858
    endloop
  endfacet
  facet normal 1 -0 0
    outer loop
      vertex 4.8 17.1292 15.3709
      vertex 4.8 17.2284 13.3519
      vertex 4.8 17.2284 15.648
    endloop
  endfacet
  facet normal 1 0 0
    outer loop
      vertex 4.8 17.1292 15.3709
      vertex 4.8 17.1292 13.6291
      vertex 4.8 17.2284 13.3519
    endloop
  endfacet
  facet normal 1 -0 0
    outer loop
      vertex 4.8 17.0576 15.0853
      vertex 4.8 17.1292 13.6291
      vertex 4.8 17.1292 15.3709
    endloop
  endfacet
  facet normal 1 0 0
    outer loop
      vertex 4.8 17.0576 15.0853
      vertex 4.8 17.0576 13.9147
      vertex 4.8 17.1292 13.6291
    endloop
  endfacet
  facet normal 1 -0 0
    outer loop
      vertex 4.8 17.0144 14.7941
      vertex 4.8 17.0576 13.9147
      vertex 4.8 17.0576 15.0853
    endloop
  endfacet
  facet normal 1 0 0
    outer loop
      vertex 4.8 17.0144 14.7941
      vertex 4.8 17.0144 14.2059
      vertex 4.8 17.0576 13.9147
    endloop
  endfacet
  facet normal 1 0 -0
    outer loop
      vertex 4.8 17.0144 14.2059
      vertex 4.8 17.0144 14.7941
      vertex 4.8 17 14.5
    endloop
  endfacet
  facet normal 0 -0.428086 -0.903738
    outer loop
      vertex 4.8 20.0574 18.8386
      vertex 8 20.0707 18.8323
      vertex 8 20.0574 18.8386
    endloop
  endfacet
  facet normal -0 -0.428086 -0.903738
    outer loop
      vertex 8 20.0707 18.8323
      vertex 4.8 20.0574 18.8386
      vertex 4.8 20.0707 18.8323
    endloop
  endfacet
  facet normal 0 -0.516493 -0.856291
    outer loop
      vertex 4.8 20.0707 18.8323
      vertex 8 20.0833 18.8247
      vertex 8 20.0707 18.8323
    endloop
  endfacet
  facet normal -0 -0.516493 -0.856291
    outer loop
      vertex 8 20.0833 18.8247
      vertex 4.8 20.0707 18.8323
      vertex 4.8 20.0833 18.8247
    endloop
  endfacet
  facet normal 0 -0.0489044 0.998803
    outer loop
      vertex 4.8 20.2941 11.5144
      vertex 8 20 11.5
      vertex 8 20.2941 11.5144
    endloop
  endfacet
  facet normal 0 -0.0489044 0.998803
    outer loop
      vertex 8 20 11.5
      vertex 4.8 20.2941 11.5144
      vertex 4.8 20 11.5
    endloop
  endfacet
  facet normal 0 -0.803208 0.595699
    outer loop
      vertex 4.8 22.319 12.5968
      vertex 8 22.4944 12.8333
      vertex 4.8 22.4944 12.8333
    endloop
  endfacet
  facet normal 0 -0.803208 0.595699
    outer loop
      vertex 8 22.4944 12.8333
      vertex 4.8 22.319 12.5968
      vertex 8 22.319 12.5968
    endloop
  endfacet
  facet normal 0 -0.998803 0.0489044
    outer loop
      vertex 4.8 22.9856 14.2059
      vertex 8 23 14.5
      vertex 4.8 23 14.5
    endloop
  endfacet
  facet normal 0 -0.998803 0.0489044
    outer loop
      vertex 8 23 14.5
      vertex 4.8 22.9856 14.2059
      vertex 8 22.9856 14.2059
    endloop
  endfacet
  facet normal 0 0.245747 -0.969334
    outer loop
      vertex 4.8 19.9565 18.8435
      vertex 8 19.9707 18.8471
      vertex 8 19.9565 18.8435
    endloop
  endfacet
  facet normal 0 0.245747 -0.969334
    outer loop
      vertex 8 19.9707 18.8471
      vertex 4.8 19.9565 18.8435
      vertex 4.8 19.9707 18.8471
    endloop
  endfacet
  facet normal 0 0.590187 -0.807267
    outer loop
      vertex 4.8 19.9048 18.816
      vertex 8 19.9167 18.8247
      vertex 8 19.9048 18.816
    endloop
  endfacet
  facet normal 0 0.590187 -0.807267
    outer loop
      vertex 8 19.9167 18.8247
      vertex 4.8 19.9048 18.816
      vertex 4.8 19.9167 18.8247
    endloop
  endfacet
  facet normal 0 -0.740908 -0.671607
    outer loop
      vertex 4.8 22.319 16.4032
      vertex 8 22.1213 16.6213
      vertex 4.8 22.1213 16.6213
    endloop
  endfacet
  facet normal 0 -0.740908 -0.671607
    outer loop
      vertex 8 22.1213 16.6213
      vertex 4.8 22.319 16.4032
      vertex 8 22.319 16.4032
    endloop
  endfacet
  facet normal 0 0.735061 -0.678001
    outer loop
      vertex 8 17.8787 16.6213
      vertex 4.8 19.8939 18.8061
      vertex 8 19.8939 18.8061
    endloop
  endfacet
  facet normal 0 0.735061 -0.678001
    outer loop
      vertex 4.8 19.8939 18.8061
      vertex 8 17.8787 16.6213
      vertex 4.8 17.8787 16.6213
    endloop
  endfacet
  facet normal 0 0.989174 -0.146746
    outer loop
      vertex 8 17.0144 14.7941
      vertex 4.8 17.0576 15.0853
      vertex 8 17.0576 15.0853
    endloop
  endfacet
  facet normal 0 0.989174 -0.146746
    outer loop
      vertex 4.8 17.0576 15.0853
      vertex 8 17.0144 14.7941
      vertex 4.8 17.0144 14.7941
    endloop
  endfacet
  facet normal 0 -0.671607 0.740908
    outer loop
      vertex 4.8 22.1213 12.3787
      vertex 8 21.9032 12.181
      vertex 8 22.1213 12.3787
    endloop
  endfacet
  facet normal 0 -0.671607 0.740908
    outer loop
      vertex 8 21.9032 12.181
      vertex 4.8 22.1213 12.3787
      vertex 4.8 21.9032 12.181
    endloop
  endfacet
  facet normal 0 -0.989174 -0.146746
    outer loop
      vertex 4.8 22.9856 14.7941
      vertex 8 22.9424 15.0853
      vertex 4.8 22.9424 15.0853
    endloop
  endfacet
  facet normal 0 -0.989174 -0.146746
    outer loop
      vertex 8 22.9424 15.0853
      vertex 4.8 22.9856 14.7941
      vertex 8 22.9856 14.7941
    endloop
  endfacet
  facet normal 0 -0.243175 0.969982
    outer loop
      vertex 4.8 20.8709 11.6292
      vertex 8 20.5853 11.5576
      vertex 8 20.8709 11.6292
    endloop
  endfacet
  facet normal 0 -0.243175 0.969982
    outer loop
      vertex 8 20.5853 11.5576
      vertex 4.8 20.8709 11.6292
      vertex 4.8 20.5853 11.5576
    endloop
  endfacet
  facet normal -0 0.336939 0.941527
    outer loop
      vertex 4.8 19.1291 11.6292
      vertex 8 18.8519 11.7284
      vertex 8 19.1291 11.6292
    endloop
  endfacet
  facet normal 0 0.336939 0.941527
    outer loop
      vertex 8 18.8519 11.7284
      vertex 4.8 19.1291 11.6292
      vertex 4.8 18.8519 11.7284
    endloop
  endfacet
  facet normal 0 -0.857643 0.514246
    outer loop
      vertex 4.8 22.4944 12.8333
      vertex 8 22.6458 13.0858
      vertex 4.8 22.6458 13.0858
    endloop
  endfacet
  facet normal 0 -0.857643 0.514246
    outer loop
      vertex 8 22.6458 13.0858
      vertex 4.8 22.4944 12.8333
      vertex 8 22.4944 12.8333
    endloop
  endfacet
  facet normal 0 -0.427269 0.904125
    outer loop
      vertex 4.8 21.4142 11.8542
      vertex 8 21.148 11.7284
      vertex 8 21.4142 11.8542
    endloop
  endfacet
  facet normal 0 -0.427269 0.904125
    outer loop
      vertex 8 21.148 11.7284
      vertex 4.8 21.4142 11.8542
      vertex 4.8 21.148 11.7284
    endloop
  endfacet
  facet normal 0 -0.904063 0.4274
    outer loop
      vertex 4.8 22.6458 13.0858
      vertex 8 22.7716 13.3519
      vertex 4.8 22.7716 13.3519
    endloop
  endfacet
  facet normal 0 -0.904063 0.4274
    outer loop
      vertex 8 22.7716 13.3519
      vertex 4.8 22.6458 13.0858
      vertex 8 22.6458 13.0858
    endloop
  endfacet
  facet normal 0 0.998803 -0.0489044
    outer loop
      vertex 8 17 14.5
      vertex 4.8 17.0144 14.7941
      vertex 8 17.0144 14.7941
    endloop
  endfacet
  facet normal 0 0.998803 -0.0489044
    outer loop
      vertex 4.8 17.0144 14.7941
      vertex 8 17 14.5
      vertex 4.8 17 14.5
    endloop
  endfacet
  facet normal 0 -0.735061 -0.678001
    outer loop
      vertex 4.8 22.1213 16.6213
      vertex 8 20.1061 18.8061
      vertex 4.8 20.1061 18.8061
    endloop
  endfacet
  facet normal 0 -0.735061 -0.678001
    outer loop
      vertex 8 20.1061 18.8061
      vertex 4.8 22.1213 16.6213
      vertex 8 22.1213 16.6213
    endloop
  endfacet
  facet normal -0 0.514246 0.857643
    outer loop
      vertex 4.8 18.5858 11.8542
      vertex 8 18.3333 12.0056
      vertex 8 18.5858 11.8542
    endloop
  endfacet
  facet normal 0 0.514246 0.857643
    outer loop
      vertex 8 18.3333 12.0056
      vertex 4.8 18.5858 11.8542
      vertex 4.8 18.3333 12.0056
    endloop
  endfacet
  facet normal 0 -0.590187 -0.807267
    outer loop
      vertex 4.8 20.0833 18.8247
      vertex 8 20.0952 18.816
      vertex 8 20.0833 18.8247
    endloop
  endfacet
  facet normal -0 -0.590187 -0.807267
    outer loop
      vertex 8 20.0952 18.816
      vertex 4.8 20.0833 18.8247
      vertex 4.8 20.0952 18.816
    endloop
  endfacet
  facet normal 0 0.332465 -0.943116
    outer loop
      vertex 4.8 19.9426 18.8386
      vertex 8 19.9565 18.8435
      vertex 8 19.9426 18.8386
    endloop
  endfacet
  facet normal 0 0.332465 -0.943116
    outer loop
      vertex 8 19.9565 18.8435
      vertex 4.8 19.9426 18.8386
      vertex 4.8 19.9565 18.8435
    endloop
  endfacet
  facet normal 0 0.0475651 -0.998868
    outer loop
      vertex 4.8 19.9853 18.8493
      vertex 8 20 18.85
      vertex 8 19.9853 18.8493
    endloop
  endfacet
  facet normal 0 0.0475651 -0.998868
    outer loop
      vertex 8 20 18.85
      vertex 4.8 19.9853 18.8493
      vertex 4.8 20 18.85
    endloop
  endfacet
  facet normal 0 -0.904125 -0.427269
    outer loop
      vertex 4.8 22.7716 15.648
      vertex 8 22.6458 15.9142
      vertex 4.8 22.6458 15.9142
    endloop
  endfacet
  facet normal 0 -0.904125 -0.427269
    outer loop
      vertex 8 22.6458 15.9142
      vertex 4.8 22.7716 15.648
      vertex 8 22.7716 15.648
    endloop
  endfacet
  facet normal 0 0.998803 0.0489044
    outer loop
      vertex 8 17.0144 14.2059
      vertex 4.8 17 14.5
      vertex 8 17 14.5
    endloop
  endfacet
  facet normal 0 0.998803 0.0489044
    outer loop
      vertex 4.8 17 14.5
      vertex 8 17.0144 14.2059
      vertex 4.8 17.0144 14.2059
    endloop
  endfacet
  facet normal -0 0.4274 0.904063
    outer loop
      vertex 4.8 18.8519 11.7284
      vertex 8 18.5858 11.8542
      vertex 8 18.8519 11.7284
    endloop
  endfacet
  facet normal 0 0.4274 0.904063
    outer loop
      vertex 8 18.5858 11.8542
      vertex 4.8 18.8519 11.7284
      vertex 4.8 18.5858 11.8542
    endloop
  endfacet
  facet normal 0 0.989174 0.146746
    outer loop
      vertex 8 17.0576 13.9147
      vertex 4.8 17.0144 14.2059
      vertex 8 17.0144 14.2059
    endloop
  endfacet
  facet normal 0 0.989174 0.146746
    outer loop
      vertex 4.8 17.0144 14.2059
      vertex 8 17.0576 13.9147
      vertex 4.8 17.0576 13.9147
    endloop
  endfacet
  facet normal 0 0.857643 -0.514246
    outer loop
      vertex 8 17.3542 15.9142
      vertex 4.8 17.5056 16.1667
      vertex 8 17.5056 16.1667
    endloop
  endfacet
  facet normal 0 0.857643 -0.514246
    outer loop
      vertex 4.8 17.5056 16.1667
      vertex 8 17.3542 15.9142
      vertex 4.8 17.3542 15.9142
    endloop
  endfacet
  facet normal 0 -0.245747 -0.969334
    outer loop
      vertex 4.8 20.0293 18.8471
      vertex 8 20.0435 18.8435
      vertex 8 20.0293 18.8471
    endloop
  endfacet
  facet normal -0 -0.245747 -0.969334
    outer loop
      vertex 8 20.0435 18.8435
      vertex 4.8 20.0293 18.8471
      vertex 4.8 20.0435 18.8435
    endloop
  endfacet
  facet normal 0 -0.149003 -0.988837
    outer loop
      vertex 4.8 20.0147 18.8493
      vertex 8 20.0293 18.8471
      vertex 8 20.0147 18.8493
    endloop
  endfacet
  facet normal -0 -0.149003 -0.988837
    outer loop
      vertex 8 20.0293 18.8471
      vertex 4.8 20.0147 18.8493
      vertex 4.8 20.0293 18.8471
    endloop
  endfacet
  facet normal 0 0.803208 0.595699
    outer loop
      vertex 8 17.681 12.5968
      vertex 4.8 17.5056 12.8333
      vertex 8 17.5056 12.8333
    endloop
  endfacet
  facet normal 0 0.803208 0.595699
    outer loop
      vertex 4.8 17.5056 12.8333
      vertex 8 17.681 12.5968
      vertex 4.8 17.681 12.5968
    endloop
  endfacet
  facet normal 0 -0.595699 0.803208
    outer loop
      vertex 4.8 21.9032 12.181
      vertex 8 21.6667 12.0056
      vertex 8 21.9032 12.181
    endloop
  endfacet
  facet normal 0 -0.595699 0.803208
    outer loop
      vertex 8 21.6667 12.0056
      vertex 4.8 21.9032 12.181
      vertex 4.8 21.6667 12.0056
    endloop
  endfacet
  facet normal 0 0.740908 -0.671607
    outer loop
      vertex 8 17.681 16.4032
      vertex 4.8 17.8787 16.6213
      vertex 8 17.8787 16.6213
    endloop
  endfacet
  facet normal 0 0.740908 -0.671607
    outer loop
      vertex 4.8 17.8787 16.6213
      vertex 8 17.681 16.4032
      vertex 4.8 17.681 16.4032
    endloop
  endfacet
  facet normal 0 0.149003 -0.988837
    outer loop
      vertex 4.8 19.9707 18.8471
      vertex 8 19.9853 18.8493
      vertex 8 19.9707 18.8471
    endloop
  endfacet
  facet normal 0 0.149003 -0.988837
    outer loop
      vertex 8 19.9853 18.8493
      vertex 4.8 19.9707 18.8471
      vertex 4.8 19.9853 18.8493
    endloop
  endfacet
  facet normal 0 -0.989174 0.146746
    outer loop
      vertex 4.8 22.9424 13.9147
      vertex 8 22.9856 14.2059
      vertex 4.8 22.9856 14.2059
    endloop
  endfacet
  facet normal 0 -0.989174 0.146746
    outer loop
      vertex 8 22.9856 14.2059
      vertex 4.8 22.9424 13.9147
      vertex 8 22.9424 13.9147
    endloop
  endfacet
  facet normal 0 0.516493 -0.856291
    outer loop
      vertex 4.8 19.9167 18.8247
      vertex 8 19.9293 18.8323
      vertex 8 19.9167 18.8247
    endloop
  endfacet
  facet normal 0 0.516493 -0.856291
    outer loop
      vertex 8 19.9293 18.8323
      vertex 4.8 19.9167 18.8247
      vertex 4.8 19.9293 18.8323
    endloop
  endfacet
  facet normal 0 0.672335 -0.740247
    outer loop
      vertex 4.8 19.8939 18.8061
      vertex 8 19.9048 18.816
      vertex 8 19.8939 18.8061
    endloop
  endfacet
  facet normal 0 0.672335 -0.740247
    outer loop
      vertex 8 19.9048 18.816
      vertex 4.8 19.8939 18.8061
      vertex 4.8 19.9048 18.816
    endloop
  endfacet
  facet normal 0 -0.969982 0.243175
    outer loop
      vertex 4.8 22.8708 13.6291
      vertex 8 22.9424 13.9147
      vertex 4.8 22.9424 13.9147
    endloop
  endfacet
  facet normal 0 -0.969982 0.243175
    outer loop
      vertex 8 22.9424 13.9147
      vertex 4.8 22.8708 13.6291
      vertex 8 22.8708 13.6291
    endloop
  endfacet
  facet normal 0 -0.941488 -0.337047
    outer loop
      vertex 4.8 62.8708 15.3709
      vertex 8 62.7716 15.648
      vertex 4.8 62.7716 15.648
    endloop
  endfacet
  facet normal 0 -0.941488 -0.337047
    outer loop
      vertex 8 62.7716 15.648
      vertex 4.8 62.8708 15.3709
      vertex 8 62.8708 15.3709
    endloop
  endfacet
  facet normal 0 -0.0475651 -0.998868
    outer loop
      vertex 4.8 60 18.85
      vertex 8 60.0147 18.8493
      vertex 8 60 18.85
    endloop
  endfacet
  facet normal -0 -0.0475651 -0.998868
    outer loop
      vertex 8 60.0147 18.8493
      vertex 4.8 60 18.85
      vertex 4.8 60.0147 18.8493
    endloop
  endfacet
  facet normal 0 -0.969982 -0.243175
    outer loop
      vertex 4.8 62.9424 15.0853
      vertex 8 62.8708 15.3709
      vertex 4.8 62.8708 15.3709
    endloop
  endfacet
  facet normal 0 -0.969982 -0.243175
    outer loop
      vertex 8 62.8708 15.3709
      vertex 4.8 62.9424 15.0853
      vertex 8 62.9424 15.0853
    endloop
  endfacet
  facet normal 0 -0.146746 0.989174
    outer loop
      vertex 4.8 60.5853 11.5576
      vertex 8 60.2941 11.5144
      vertex 8 60.5853 11.5576
    endloop
  endfacet
  facet normal 0 -0.146746 0.989174
    outer loop
      vertex 8 60.2941 11.5144
      vertex 4.8 60.5853 11.5576
      vertex 4.8 60.2941 11.5144
    endloop
  endfacet
  facet normal 0 -0.337047 0.941488
    outer loop
      vertex 4.8 61.148 11.7284
      vertex 8 60.8709 11.6292
      vertex 8 61.148 11.7284
    endloop
  endfacet
  facet normal 0 -0.337047 0.941488
    outer loop
      vertex 8 60.8709 11.6292
      vertex 4.8 61.148 11.7284
      vertex 4.8 60.8709 11.6292
    endloop
  endfacet
  facet normal 0 0.803208 -0.595699
    outer loop
      vertex 8 57.5056 16.1667
      vertex 4.8 57.681 16.4032
      vertex 8 57.681 16.4032
    endloop
  endfacet
  facet normal 0 0.803208 -0.595699
    outer loop
      vertex 4.8 57.681 16.4032
      vertex 8 57.5056 16.1667
      vertex 4.8 57.5056 16.1667
    endloop
  endfacet
  facet normal 0 0.428086 -0.903738
    outer loop
      vertex 4.8 59.9293 18.8323
      vertex 8 59.9426 18.8386
      vertex 8 59.9293 18.8323
    endloop
  endfacet
  facet normal 0 0.428086 -0.903738
    outer loop
      vertex 8 59.9426 18.8386
      vertex 4.8 59.9293 18.8323
      vertex 4.8 59.9426 18.8386
    endloop
  endfacet
  facet normal 0 -0.998803 -0.0489044
    outer loop
      vertex 4.8 63 14.5
      vertex 8 62.9856 14.7941
      vertex 4.8 62.9856 14.7941
    endloop
  endfacet
  facet normal 0 -0.998803 -0.0489044
    outer loop
      vertex 8 62.9856 14.7941
      vertex 4.8 63 14.5
      vertex 8 63 14.5
    endloop
  endfacet
  facet normal 0 0.672335 -0.740247
    outer loop
      vertex 4.8 59.8939 18.8061
      vertex 8 59.9048 18.816
      vertex 8 59.8939 18.8061
    endloop
  endfacet
  facet normal 0 0.672335 -0.740247
    outer loop
      vertex 8 59.9048 18.816
      vertex 4.8 59.8939 18.8061
      vertex 4.8 59.9048 18.816
    endloop
  endfacet
  facet normal 0 0.941488 -0.337047
    outer loop
      vertex 8 57.1292 15.3709
      vertex 4.8 57.2284 15.648
      vertex 8 57.2284 15.648
    endloop
  endfacet
  facet normal 0 0.941488 -0.337047
    outer loop
      vertex 4.8 57.2284 15.648
      vertex 8 57.1292 15.3709
      vertex 4.8 57.1292 15.3709
    endloop
  endfacet
  facet normal 0 0.904063 0.4274
    outer loop
      vertex 8 57.3542 13.0858
      vertex 4.8 57.2284 13.3519
      vertex 8 57.2284 13.3519
    endloop
  endfacet
  facet normal 0 0.904063 0.4274
    outer loop
      vertex 4.8 57.2284 13.3519
      vertex 8 57.3542 13.0858
      vertex 4.8 57.3542 13.0858
    endloop
  endfacet
  facet normal -0 0.243175 0.969982
    outer loop
      vertex 4.8 59.4147 11.5576
      vertex 8 59.1291 11.6292
      vertex 8 59.4147 11.5576
    endloop
  endfacet
  facet normal 0 0.243175 0.969982
    outer loop
      vertex 8 59.1291 11.6292
      vertex 4.8 59.4147 11.5576
      vertex 4.8 59.1291 11.6292
    endloop
  endfacet
  facet normal -0 0.595699 0.803208
    outer loop
      vertex 4.8 58.3333 12.0056
      vertex 8 58.0968 12.181
      vertex 8 58.3333 12.0056
    endloop
  endfacet
  facet normal 0 0.595699 0.803208
    outer loop
      vertex 8 58.0968 12.181
      vertex 4.8 58.3333 12.0056
      vertex 4.8 58.0968 12.181
    endloop
  endfacet
  facet normal 0 -0.857643 -0.514246
    outer loop
      vertex 4.8 62.6458 15.9142
      vertex 8 62.4944 16.1667
      vertex 4.8 62.4944 16.1667
    endloop
  endfacet
  facet normal 0 -0.857643 -0.514246
    outer loop
      vertex 8 62.4944 16.1667
      vertex 4.8 62.6458 15.9142
      vertex 8 62.6458 15.9142
    endloop
  endfacet
  facet normal -0 0.0489044 0.998803
    outer loop
      vertex 4.8 60 11.5
      vertex 8 59.7059 11.5144
      vertex 8 60 11.5
    endloop
  endfacet
  facet normal 0 0.0489044 0.998803
    outer loop
      vertex 8 59.7059 11.5144
      vertex 4.8 60 11.5
      vertex 4.8 59.7059 11.5144
    endloop
  endfacet
  facet normal 0 -0.941527 0.336939
    outer loop
      vertex 4.8 62.7716 13.3519
      vertex 8 62.8708 13.6291
      vertex 4.8 62.8708 13.6291
    endloop
  endfacet
  facet normal 0 -0.941527 0.336939
    outer loop
      vertex 8 62.8708 13.6291
      vertex 4.8 62.7716 13.3519
      vertex 8 62.7716 13.3519
    endloop
  endfacet
  facet normal 0 -0.672335 -0.740247
    outer loop
      vertex 4.8 60.0952 18.816
      vertex 8 60.1061 18.8061
      vertex 8 60.0952 18.816
    endloop
  endfacet
  facet normal -0 -0.672335 -0.740247
    outer loop
      vertex 8 60.1061 18.8061
      vertex 4.8 60.0952 18.816
      vertex 4.8 60.1061 18.8061
    endloop
  endfacet
  facet normal 0 0.969982 0.243175
    outer loop
      vertex 8 57.1292 13.6291
      vertex 4.8 57.0576 13.9147
      vertex 8 57.0576 13.9147
    endloop
  endfacet
  facet normal 0 0.969982 0.243175
    outer loop
      vertex 4.8 57.0576 13.9147
      vertex 8 57.1292 13.6291
      vertex 4.8 57.1292 13.6291
    endloop
  endfacet
  facet normal 0 -0.740908 0.671607
    outer loop
      vertex 4.8 62.1213 12.3787
      vertex 8 62.319 12.5968
      vertex 4.8 62.319 12.5968
    endloop
  endfacet
  facet normal 0 -0.740908 0.671607
    outer loop
      vertex 8 62.319 12.5968
      vertex 4.8 62.1213 12.3787
      vertex 8 62.1213 12.3787
    endloop
  endfacet
  facet normal 0 0.941527 0.336939
    outer loop
      vertex 8 57.2284 13.3519
      vertex 4.8 57.1292 13.6291
      vertex 8 57.1292 13.6291
    endloop
  endfacet
  facet normal 0 0.941527 0.336939
    outer loop
      vertex 4.8 57.1292 13.6291
      vertex 8 57.2284 13.3519
      vertex 4.8 57.2284 13.3519
    endloop
  endfacet
  facet normal 0 -0.332465 -0.943116
    outer loop
      vertex 4.8 60.0435 18.8435
      vertex 8 60.0574 18.8386
      vertex 8 60.0435 18.8435
    endloop
  endfacet
  facet normal -0 -0.332465 -0.943116
    outer loop
      vertex 8 60.0574 18.8386
      vertex 4.8 60.0435 18.8435
      vertex 4.8 60.0574 18.8386
    endloop
  endfacet
  facet normal 0 0.904125 -0.427269
    outer loop
      vertex 8 57.2284 15.648
      vertex 4.8 57.3542 15.9142
      vertex 8 57.3542 15.9142
    endloop
  endfacet
  facet normal 0 0.904125 -0.427269
    outer loop
      vertex 4.8 57.3542 15.9142
      vertex 8 57.2284 15.648
      vertex 4.8 57.2284 15.648
    endloop
  endfacet
  facet normal 0 -0.803208 -0.595699
    outer loop
      vertex 4.8 62.4944 16.1667
      vertex 8 62.319 16.4032
      vertex 4.8 62.319 16.4032
    endloop
  endfacet
  facet normal 0 -0.803208 -0.595699
    outer loop
      vertex 8 62.319 16.4032
      vertex 4.8 62.4944 16.1667
      vertex 8 62.4944 16.1667
    endloop
  endfacet
  facet normal 0 0.857643 0.514246
    outer loop
      vertex 8 57.5056 12.8333
      vertex 4.8 57.3542 13.0858
      vertex 8 57.3542 13.0858
    endloop
  endfacet
  facet normal 0 0.857643 0.514246
    outer loop
      vertex 4.8 57.3542 13.0858
      vertex 8 57.5056 12.8333
      vertex 4.8 57.5056 12.8333
    endloop
  endfacet
  facet normal -0 0.146746 0.989174
    outer loop
      vertex 4.8 59.7059 11.5144
      vertex 8 59.4147 11.5576
      vertex 8 59.7059 11.5144
    endloop
  endfacet
  facet normal 0 0.146746 0.989174
    outer loop
      vertex 8 59.4147 11.5576
      vertex 4.8 59.7059 11.5144
      vertex 4.8 59.4147 11.5576
    endloop
  endfacet
  facet normal 0 0.740908 0.671607
    outer loop
      vertex 8 57.8787 12.3787
      vertex 4.8 57.681 12.5968
      vertex 8 57.681 12.5968
    endloop
  endfacet
  facet normal 0 0.740908 0.671607
    outer loop
      vertex 4.8 57.681 12.5968
      vertex 8 57.8787 12.3787
      vertex 4.8 57.8787 12.3787
    endloop
  endfacet
  facet normal 0 0.989174 0.146746
    outer loop
      vertex 8 57.0576 13.9147
      vertex 4.8 57.0144 14.2059
      vertex 8 57.0144 14.2059
    endloop
  endfacet
  facet normal 0 0.989174 0.146746
    outer loop
      vertex 4.8 57.0144 14.2059
      vertex 8 57.0576 13.9147
      vertex 4.8 57.0576 13.9147
    endloop
  endfacet
  facet normal 0 0.969982 -0.243175
    outer loop
      vertex 8 57.0576 15.0853
      vertex 4.8 57.1292 15.3709
      vertex 8 57.1292 15.3709
    endloop
  endfacet
  facet normal 0 0.969982 -0.243175
    outer loop
      vertex 4.8 57.1292 15.3709
      vertex 8 57.0576 15.0853
      vertex 4.8 57.0576 15.0853
    endloop
  endfacet
  facet normal -0 0.671607 0.740908
    outer loop
      vertex 4.8 58.0968 12.181
      vertex 8 57.8787 12.3787
      vertex 8 58.0968 12.181
    endloop
  endfacet
  facet normal 0 0.671607 0.740908
    outer loop
      vertex 8 57.8787 12.3787
      vertex 4.8 58.0968 12.181
      vertex 4.8 57.8787 12.3787
    endloop
  endfacet
  facet normal 0 -0.514246 0.857643
    outer loop
      vertex 4.8 61.6667 12.0056
      vertex 8 61.4142 11.8542
      vertex 8 61.6667 12.0056
    endloop
  endfacet
  facet normal 0 -0.514246 0.857643
    outer loop
      vertex 8 61.4142 11.8542
      vertex 4.8 61.6667 12.0056
      vertex 4.8 61.4142 11.8542
    endloop
  endfacet
  facet normal 1 0 0
    outer loop
      vertex 4.8 62.9856 14.7941
      vertex 4.8 62.9856 14.2059
      vertex 4.8 63 14.5
    endloop
  endfacet
  facet normal 1 0 0
    outer loop
      vertex 4.8 62.9424 15.0853
      vertex 4.8 62.9856 14.2059
      vertex 4.8 62.9856 14.7941
    endloop
  endfacet
  facet normal 1 0 0
    outer loop
      vertex 4.8 62.9424 15.0853
      vertex 4.8 62.9424 13.9147
      vertex 4.8 62.9856 14.2059
    endloop
  endfacet
  facet normal 1 0 0
    outer loop
      vertex 4.8 62.8708 15.3709
      vertex 4.8 62.9424 13.9147
      vertex 4.8 62.9424 15.0853
    endloop
  endfacet
  facet normal 1 0 0
    outer loop
      vertex 4.8 62.8708 15.3709
      vertex 4.8 62.8708 13.6291
      vertex 4.8 62.9424 13.9147
    endloop
  endfacet
  facet normal 1 0 0
    outer loop
      vertex 4.8 62.7716 15.648
      vertex 4.8 62.8708 13.6291
      vertex 4.8 62.8708 15.3709
    endloop
  endfacet
  facet normal 1 0 0
    outer loop
      vertex 4.8 62.7716 15.648
      vertex 4.8 62.7716 13.3519
      vertex 4.8 62.8708 13.6291
    endloop
  endfacet
  facet normal 1 0 0
    outer loop
      vertex 4.8 62.6458 15.9142
      vertex 4.8 62.7716 13.3519
      vertex 4.8 62.7716 15.648
    endloop
  endfacet
  facet normal 1 0 0
    outer loop
      vertex 4.8 62.6458 15.9142
      vertex 4.8 62.6458 13.0858
      vertex 4.8 62.7716 13.3519
    endloop
  endfacet
  facet normal 1 0 0
    outer loop
      vertex 4.8 62.4944 16.1667
      vertex 4.8 62.6458 13.0858
      vertex 4.8 62.6458 15.9142
    endloop
  endfacet
  facet normal 1 0 0
    outer loop
      vertex 4.8 62.4944 16.1667
      vertex 4.8 62.4944 12.8333
      vertex 4.8 62.6458 13.0858
    endloop
  endfacet
  facet normal 1 0 0
    outer loop
      vertex 4.8 62.319 16.4032
      vertex 4.8 62.4944 12.8333
      vertex 4.8 62.4944 16.1667
    endloop
  endfacet
  facet normal 1 0 0
    outer loop
      vertex 4.8 62.319 16.4032
      vertex 4.8 62.319 12.5968
      vertex 4.8 62.4944 12.8333
    endloop
  endfacet
  facet normal 1 0 0
    outer loop
      vertex 4.8 62.1213 16.6213
      vertex 4.8 62.319 12.5968
      vertex 4.8 62.319 16.4032
    endloop
  endfacet
  facet normal 1 0 0
    outer loop
      vertex 4.8 62.1213 16.6213
      vertex 4.8 62.1213 12.3787
      vertex 4.8 62.319 12.5968
    endloop
  endfacet
  facet normal 1 0 0
    outer loop
      vertex 4.8 62.1213 16.6213
      vertex 4.8 61.9032 12.181
      vertex 4.8 62.1213 12.3787
    endloop
  endfacet
  facet normal 1 0 0
    outer loop
      vertex 4.8 62.1213 16.6213
      vertex 4.8 61.6667 12.0056
      vertex 4.8 61.9032 12.181
    endloop
  endfacet
  facet normal 1 0 0
    outer loop
      vertex 4.8 62.1213 16.6213
      vertex 4.8 61.4142 11.8542
      vertex 4.8 61.6667 12.0056
    endloop
  endfacet
  facet normal 1 0 0
    outer loop
      vertex 4.8 62.1213 16.6213
      vertex 4.8 61.148 11.7284
      vertex 4.8 61.4142 11.8542
    endloop
  endfacet
  facet normal 1 0 0
    outer loop
      vertex 4.8 62.1213 16.6213
      vertex 4.8 60.8709 11.6292
      vertex 4.8 61.148 11.7284
    endloop
  endfacet
  facet normal 1 0 0
    outer loop
      vertex 4.8 62.1213 16.6213
      vertex 4.8 60.5853 11.5576
      vertex 4.8 60.8709 11.6292
    endloop
  endfacet
  facet normal 1 0 0
    outer loop
      vertex 4.8 62.1213 16.6213
      vertex 4.8 60.2941 11.5144
      vertex 4.8 60.5853 11.5576
    endloop
  endfacet
  facet normal 1 0 0
    outer loop
      vertex 4.8 57.8787 16.6213
      vertex 4.8 62.1213 16.6213
      vertex 4.8 60.1061 18.8061
    endloop
  endfacet
  facet normal 1 0 0
    outer loop
      vertex 4.8 59.8939 18.8061
      vertex 4.8 60.1061 18.8061
      vertex 4.8 60.0952 18.816
    endloop
  endfacet
  facet normal 1 0 0
    outer loop
      vertex 4.8 59.8939 18.8061
      vertex 4.8 60.0952 18.816
      vertex 4.8 60.0833 18.8247
    endloop
  endfacet
  facet normal 1 0 0
    outer loop
      vertex 4.8 59.8939 18.8061
      vertex 4.8 60.0833 18.8247
      vertex 4.8 60.0707 18.8323
    endloop
  endfacet
  facet normal 1 0 0
    outer loop
      vertex 4.8 59.8939 18.8061
      vertex 4.8 60.0707 18.8323
      vertex 4.8 60.0574 18.8386
    endloop
  endfacet
  facet normal 1 0 0
    outer loop
      vertex 4.8 59.8939 18.8061
      vertex 4.8 60.0574 18.8386
      vertex 4.8 60.0435 18.8435
    endloop
  endfacet
  facet normal 1 0 0
    outer loop
      vertex 4.8 59.8939 18.8061
      vertex 4.8 60.0435 18.8435
      vertex 4.8 60.0293 18.8471
    endloop
  endfacet
  facet normal 1 0 0
    outer loop
      vertex 4.8 59.8939 18.8061
      vertex 4.8 60.0293 18.8471
      vertex 4.8 60.0147 18.8493
    endloop
  endfacet
  facet normal 1 0 0
    outer loop
      vertex 4.8 59.8939 18.8061
      vertex 4.8 60.0147 18.8493
      vertex 4.8 60 18.85
    endloop
  endfacet
  facet normal 1 0 0
    outer loop
      vertex 4.8 62.1213 16.6213
      vertex 4.8 57.8787 16.6213
      vertex 4.8 60.2941 11.5144
    endloop
  endfacet
  facet normal 1 0 0
    outer loop
      vertex 4.8 59.8939 18.8061
      vertex 4.8 60 18.85
      vertex 4.8 59.9853 18.8493
    endloop
  endfacet
  facet normal 1 0 0
    outer loop
      vertex 4.8 59.8939 18.8061
      vertex 4.8 59.9853 18.8493
      vertex 4.8 59.9707 18.8471
    endloop
  endfacet
  facet normal 1 0 0
    outer loop
      vertex 4.8 59.8939 18.8061
      vertex 4.8 59.9707 18.8471
      vertex 4.8 59.9565 18.8435
    endloop
  endfacet
  facet normal 1 0 0
    outer loop
      vertex 4.8 59.8939 18.8061
      vertex 4.8 59.9565 18.8435
      vertex 4.8 59.9426 18.8386
    endloop
  endfacet
  facet normal 1 0 0
    outer loop
      vertex 4.8 59.8939 18.8061
      vertex 4.8 59.9426 18.8386
      vertex 4.8 59.9293 18.8323
    endloop
  endfacet
  facet normal 1 0 0
    outer loop
      vertex 4.8 59.8939 18.8061
      vertex 4.8 59.9293 18.8323
      vertex 4.8 59.9167 18.8247
    endloop
  endfacet
  facet normal 1 0 0
    outer loop
      vertex 4.8 59.8939 18.8061
      vertex 4.8 59.9167 18.8247
      vertex 4.8 59.9048 18.816
    endloop
  endfacet
  facet normal 1 0 0
    outer loop
      vertex 4.8 60.1061 18.8061
      vertex 4.8 59.8939 18.8061
      vertex 4.8 57.8787 16.6213
    endloop
  endfacet
  facet normal 1 0 0
    outer loop
      vertex 4.8 60.2941 11.5144
      vertex 4.8 57.8787 16.6213
      vertex 4.8 60 11.5
    endloop
  endfacet
  facet normal 1 0 0
    outer loop
      vertex 4.8 60 11.5
      vertex 4.8 57.8787 16.6213
      vertex 4.8 59.7059 11.5144
    endloop
  endfacet
  facet normal 1 0 0
    outer loop
      vertex 4.8 59.7059 11.5144
      vertex 4.8 57.8787 16.6213
      vertex 4.8 59.4147 11.5576
    endloop
  endfacet
  facet normal 1 0 0
    outer loop
      vertex 4.8 59.4147 11.5576
      vertex 4.8 57.8787 16.6213
      vertex 4.8 59.1291 11.6292
    endloop
  endfacet
  facet normal 1 0 0
    outer loop
      vertex 4.8 59.1291 11.6292
      vertex 4.8 57.8787 16.6213
      vertex 4.8 58.852 11.7284
    endloop
  endfacet
  facet normal 1 0 0
    outer loop
      vertex 4.8 58.852 11.7284
      vertex 4.8 57.8787 16.6213
      vertex 4.8 58.5858 11.8542
    endloop
  endfacet
  facet normal 1 0 0
    outer loop
      vertex 4.8 58.5858 11.8542
      vertex 4.8 57.8787 16.6213
      vertex 4.8 58.3333 12.0056
    endloop
  endfacet
  facet normal 1 0 0
    outer loop
      vertex 4.8 58.3333 12.0056
      vertex 4.8 57.8787 16.6213
      vertex 4.8 58.0968 12.181
    endloop
  endfacet
  facet normal 1 0 0
    outer loop
      vertex 4.8 57.8787 16.6213
      vertex 4.8 57.8787 12.3787
      vertex 4.8 58.0968 12.181
    endloop
  endfacet
  facet normal 1 -0 0
    outer loop
      vertex 4.8 57.681 16.4032
      vertex 4.8 57.8787 12.3787
      vertex 4.8 57.8787 16.6213
    endloop
  endfacet
  facet normal 1 0 0
    outer loop
      vertex 4.8 57.681 16.4032
      vertex 4.8 57.681 12.5968
      vertex 4.8 57.8787 12.3787
    endloop
  endfacet
  facet normal 1 -0 0
    outer loop
      vertex 4.8 57.5056 16.1667
      vertex 4.8 57.681 12.5968
      vertex 4.8 57.681 16.4032
    endloop
  endfacet
  facet normal 1 0 0
    outer loop
      vertex 4.8 57.5056 16.1667
      vertex 4.8 57.5056 12.8333
      vertex 4.8 57.681 12.5968
    endloop
  endfacet
  facet normal 1 -0 0
    outer loop
      vertex 4.8 57.3542 15.9142
      vertex 4.8 57.5056 12.8333
      vertex 4.8 57.5056 16.1667
    endloop
  endfacet
  facet normal 1 0 0
    outer loop
      vertex 4.8 57.3542 15.9142
      vertex 4.8 57.3542 13.0858
      vertex 4.8 57.5056 12.8333
    endloop
  endfacet
  facet normal 1 -0 0
    outer loop
      vertex 4.8 57.2284 15.648
      vertex 4.8 57.3542 13.0858
      vertex 4.8 57.3542 15.9142
    endloop
  endfacet
  facet normal 1 0 0
    outer loop
      vertex 4.8 57.2284 15.648
      vertex 4.8 57.2284 13.3519
      vertex 4.8 57.3542 13.0858
    endloop
  endfacet
  facet normal 1 -0 0
    outer loop
      vertex 4.8 57.1292 15.3709
      vertex 4.8 57.2284 13.3519
      vertex 4.8 57.2284 15.648
    endloop
  endfacet
  facet normal 1 0 0
    outer loop
      vertex 4.8 57.1292 15.3709
      vertex 4.8 57.1292 13.6291
      vertex 4.8 57.2284 13.3519
    endloop
  endfacet
  facet normal 1 -0 0
    outer loop
      vertex 4.8 57.0576 15.0853
      vertex 4.8 57.1292 13.6291
      vertex 4.8 57.1292 15.3709
    endloop
  endfacet
  facet normal 1 0 0
    outer loop
      vertex 4.8 57.0576 15.0853
      vertex 4.8 57.0576 13.9147
      vertex 4.8 57.1292 13.6291
    endloop
  endfacet
  facet normal 1 -0 0
    outer loop
      vertex 4.8 57.0144 14.7941
      vertex 4.8 57.0576 13.9147
      vertex 4.8 57.0576 15.0853
    endloop
  endfacet
  facet normal 1 0 0
    outer loop
      vertex 4.8 57.0144 14.7941
      vertex 4.8 57.0144 14.2059
      vertex 4.8 57.0576 13.9147
    endloop
  endfacet
  facet normal 1 0 -0
    outer loop
      vertex 4.8 57.0144 14.2059
      vertex 4.8 57.0144 14.7941
      vertex 4.8 57 14.5
    endloop
  endfacet
  facet normal 0 -0.428086 -0.903738
    outer loop
      vertex 4.8 60.0574 18.8386
      vertex 8 60.0707 18.8323
      vertex 8 60.0574 18.8386
    endloop
  endfacet
  facet normal -0 -0.428086 -0.903738
    outer loop
      vertex 8 60.0707 18.8323
      vertex 4.8 60.0574 18.8386
      vertex 4.8 60.0707 18.8323
    endloop
  endfacet
  facet normal 0 -0.516493 -0.856291
    outer loop
      vertex 4.8 60.0707 18.8323
      vertex 8 60.0833 18.8247
      vertex 8 60.0707 18.8323
    endloop
  endfacet
  facet normal -0 -0.516493 -0.856291
    outer loop
      vertex 8 60.0833 18.8247
      vertex 4.8 60.0707 18.8323
      vertex 4.8 60.0833 18.8247
    endloop
  endfacet
  facet normal 0 -0.0489044 0.998803
    outer loop
      vertex 4.8 60.2941 11.5144
      vertex 8 60 11.5
      vertex 8 60.2941 11.5144
    endloop
  endfacet
  facet normal 0 -0.0489044 0.998803
    outer loop
      vertex 8 60 11.5
      vertex 4.8 60.2941 11.5144
      vertex 4.8 60 11.5
    endloop
  endfacet
  facet normal 0 -0.803208 0.595699
    outer loop
      vertex 4.8 62.319 12.5968
      vertex 8 62.4944 12.8333
      vertex 4.8 62.4944 12.8333
    endloop
  endfacet
  facet normal 0 -0.803208 0.595699
    outer loop
      vertex 8 62.4944 12.8333
      vertex 4.8 62.319 12.5968
      vertex 8 62.319 12.5968
    endloop
  endfacet
  facet normal 0 -0.998803 0.0489044
    outer loop
      vertex 4.8 62.9856 14.2059
      vertex 8 63 14.5
      vertex 4.8 63 14.5
    endloop
  endfacet
  facet normal 0 -0.998803 0.0489044
    outer loop
      vertex 8 63 14.5
      vertex 4.8 62.9856 14.2059
      vertex 8 62.9856 14.2059
    endloop
  endfacet
  facet normal 0 0.245747 -0.969334
    outer loop
      vertex 4.8 59.9565 18.8435
      vertex 8 59.9707 18.8471
      vertex 8 59.9565 18.8435
    endloop
  endfacet
  facet normal 0 0.245747 -0.969334
    outer loop
      vertex 8 59.9707 18.8471
      vertex 4.8 59.9565 18.8435
      vertex 4.8 59.9707 18.8471
    endloop
  endfacet
  facet normal 0 0.590187 -0.807267
    outer loop
      vertex 4.8 59.9048 18.816
      vertex 8 59.9167 18.8247
      vertex 8 59.9048 18.816
    endloop
  endfacet
  facet normal 0 0.590187 -0.807267
    outer loop
      vertex 8 59.9167 18.8247
      vertex 4.8 59.9048 18.816
      vertex 4.8 59.9167 18.8247
    endloop
  endfacet
  facet normal 0 -0.740908 -0.671607
    outer loop
      vertex 4.8 62.319 16.4032
      vertex 8 62.1213 16.6213
      vertex 4.8 62.1213 16.6213
    endloop
  endfacet
  facet normal 0 -0.740908 -0.671607
    outer loop
      vertex 8 62.1213 16.6213
      vertex 4.8 62.319 16.4032
      vertex 8 62.319 16.4032
    endloop
  endfacet
  facet normal 0 0.735061 -0.678001
    outer loop
      vertex 8 57.8787 16.6213
      vertex 4.8 59.8939 18.8061
      vertex 8 59.8939 18.8061
    endloop
  endfacet
  facet normal 0 0.735061 -0.678001
    outer loop
      vertex 4.8 59.8939 18.8061
      vertex 8 57.8787 16.6213
      vertex 4.8 57.8787 16.6213
    endloop
  endfacet
  facet normal 0 0.989174 -0.146746
    outer loop
      vertex 8 57.0144 14.7941
      vertex 4.8 57.0576 15.0853
      vertex 8 57.0576 15.0853
    endloop
  endfacet
  facet normal 0 0.989174 -0.146746
    outer loop
      vertex 4.8 57.0576 15.0853
      vertex 8 57.0144 14.7941
      vertex 4.8 57.0144 14.7941
    endloop
  endfacet
  facet normal 0 -0.671607 0.740908
    outer loop
      vertex 4.8 62.1213 12.3787
      vertex 8 61.9032 12.181
      vertex 8 62.1213 12.3787
    endloop
  endfacet
  facet normal 0 -0.671607 0.740908
    outer loop
      vertex 8 61.9032 12.181
      vertex 4.8 62.1213 12.3787
      vertex 4.8 61.9032 12.181
    endloop
  endfacet
  facet normal 0 -0.989174 -0.146746
    outer loop
      vertex 4.8 62.9856 14.7941
      vertex 8 62.9424 15.0853
      vertex 4.8 62.9424 15.0853
    endloop
  endfacet
  facet normal 0 -0.989174 -0.146746
    outer loop
      vertex 8 62.9424 15.0853
      vertex 4.8 62.9856 14.7941
      vertex 8 62.9856 14.7941
    endloop
  endfacet
  facet normal 0 -0.243175 0.969982
    outer loop
      vertex 4.8 60.8709 11.6292
      vertex 8 60.5853 11.5576
      vertex 8 60.8709 11.6292
    endloop
  endfacet
  facet normal 0 -0.243175 0.969982
    outer loop
      vertex 8 60.5853 11.5576
      vertex 4.8 60.8709 11.6292
      vertex 4.8 60.5853 11.5576
    endloop
  endfacet
  facet normal -0 0.337047 0.941488
    outer loop
      vertex 4.8 59.1291 11.6292
      vertex 8 58.852 11.7284
      vertex 8 59.1291 11.6292
    endloop
  endfacet
  facet normal 0 0.337047 0.941488
    outer loop
      vertex 8 58.852 11.7284
      vertex 4.8 59.1291 11.6292
      vertex 4.8 58.852 11.7284
    endloop
  endfacet
  facet normal 0 -0.857643 0.514246
    outer loop
      vertex 4.8 62.4944 12.8333
      vertex 8 62.6458 13.0858
      vertex 4.8 62.6458 13.0858
    endloop
  endfacet
  facet normal 0 -0.857643 0.514246
    outer loop
      vertex 8 62.6458 13.0858
      vertex 4.8 62.4944 12.8333
      vertex 8 62.4944 12.8333
    endloop
  endfacet
  facet normal 0 -0.427269 0.904125
    outer loop
      vertex 4.8 61.4142 11.8542
      vertex 8 61.148 11.7284
      vertex 8 61.4142 11.8542
    endloop
  endfacet
  facet normal 0 -0.427269 0.904125
    outer loop
      vertex 8 61.148 11.7284
      vertex 4.8 61.4142 11.8542
      vertex 4.8 61.148 11.7284
    endloop
  endfacet
  facet normal 0 -0.904063 0.4274
    outer loop
      vertex 4.8 62.6458 13.0858
      vertex 8 62.7716 13.3519
      vertex 4.8 62.7716 13.3519
    endloop
  endfacet
  facet normal 0 -0.904063 0.4274
    outer loop
      vertex 8 62.7716 13.3519
      vertex 4.8 62.6458 13.0858
      vertex 8 62.6458 13.0858
    endloop
  endfacet
  facet normal 0 0.998803 -0.0489044
    outer loop
      vertex 8 57 14.5
      vertex 4.8 57.0144 14.7941
      vertex 8 57.0144 14.7941
    endloop
  endfacet
  facet normal 0 0.998803 -0.0489044
    outer loop
      vertex 4.8 57.0144 14.7941
      vertex 8 57 14.5
      vertex 4.8 57 14.5
    endloop
  endfacet
  facet normal 0 -0.735061 -0.678001
    outer loop
      vertex 4.8 62.1213 16.6213
      vertex 8 60.1061 18.8061
      vertex 4.8 60.1061 18.8061
    endloop
  endfacet
  facet normal 0 -0.735061 -0.678001
    outer loop
      vertex 8 60.1061 18.8061
      vertex 4.8 62.1213 16.6213
      vertex 8 62.1213 16.6213
    endloop
  endfacet
  facet normal -0 0.514246 0.857643
    outer loop
      vertex 4.8 58.5858 11.8542
      vertex 8 58.3333 12.0056
      vertex 8 58.5858 11.8542
    endloop
  endfacet
  facet normal 0 0.514246 0.857643
    outer loop
      vertex 8 58.3333 12.0056
      vertex 4.8 58.5858 11.8542
      vertex 4.8 58.3333 12.0056
    endloop
  endfacet
  facet normal 0 -0.590187 -0.807267
    outer loop
      vertex 4.8 60.0833 18.8247
      vertex 8 60.0952 18.816
      vertex 8 60.0833 18.8247
    endloop
  endfacet
  facet normal -0 -0.590187 -0.807267
    outer loop
      vertex 8 60.0952 18.816
      vertex 4.8 60.0833 18.8247
      vertex 4.8 60.0952 18.816
    endloop
  endfacet
  facet normal 0 0.332465 -0.943116
    outer loop
      vertex 4.8 59.9426 18.8386
      vertex 8 59.9565 18.8435
      vertex 8 59.9426 18.8386
    endloop
  endfacet
  facet normal 0 0.332465 -0.943116
    outer loop
      vertex 8 59.9565 18.8435
      vertex 4.8 59.9426 18.8386
      vertex 4.8 59.9565 18.8435
    endloop
  endfacet
  facet normal 0 0.0475651 -0.998868
    outer loop
      vertex 4.8 59.9853 18.8493
      vertex 8 60 18.85
      vertex 8 59.9853 18.8493
    endloop
  endfacet
  facet normal 0 0.0475651 -0.998868
    outer loop
      vertex 8 60 18.85
      vertex 4.8 59.9853 18.8493
      vertex 4.8 60 18.85
    endloop
  endfacet
  facet normal 0 -0.904125 -0.427269
    outer loop
      vertex 4.8 62.7716 15.648
      vertex 8 62.6458 15.9142
      vertex 4.8 62.6458 15.9142
    endloop
  endfacet
  facet normal 0 -0.904125 -0.427269
    outer loop
      vertex 8 62.6458 15.9142
      vertex 4.8 62.7716 15.648
      vertex 8 62.7716 15.648
    endloop
  endfacet
  facet normal 0 0.998803 0.0489044
    outer loop
      vertex 8 57.0144 14.2059
      vertex 4.8 57 14.5
      vertex 8 57 14.5
    endloop
  endfacet
  facet normal 0 0.998803 0.0489044
    outer loop
      vertex 4.8 57 14.5
      vertex 8 57.0144 14.2059
      vertex 4.8 57.0144 14.2059
    endloop
  endfacet
  facet normal -0 0.427269 0.904125
    outer loop
      vertex 4.8 58.852 11.7284
      vertex 8 58.5858 11.8542
      vertex 8 58.852 11.7284
    endloop
  endfacet
  facet normal 0 0.427269 0.904125
    outer loop
      vertex 8 58.5858 11.8542
      vertex 4.8 58.852 11.7284
      vertex 4.8 58.5858 11.8542
    endloop
  endfacet
  facet normal 0 0.857643 -0.514246
    outer loop
      vertex 8 57.3542 15.9142
      vertex 4.8 57.5056 16.1667
      vertex 8 57.5056 16.1667
    endloop
  endfacet
  facet normal 0 0.857643 -0.514246
    outer loop
      vertex 4.8 57.5056 16.1667
      vertex 8 57.3542 15.9142
      vertex 4.8 57.3542 15.9142
    endloop
  endfacet
  facet normal 0 -0.245747 -0.969334
    outer loop
      vertex 4.8 60.0293 18.8471
      vertex 8 60.0435 18.8435
      vertex 8 60.0293 18.8471
    endloop
  endfacet
  facet normal -0 -0.245747 -0.969334
    outer loop
      vertex 8 60.0435 18.8435
      vertex 4.8 60.0293 18.8471
      vertex 4.8 60.0435 18.8435
    endloop
  endfacet
  facet normal 0 -0.149003 -0.988837
    outer loop
      vertex 4.8 60.0147 18.8493
      vertex 8 60.0293 18.8471
      vertex 8 60.0147 18.8493
    endloop
  endfacet
  facet normal -0 -0.149003 -0.988837
    outer loop
      vertex 8 60.0293 18.8471
      vertex 4.8 60.0147 18.8493
      vertex 4.8 60.0293 18.8471
    endloop
  endfacet
  facet normal 0 0.803208 0.595699
    outer loop
      vertex 8 57.681 12.5968
      vertex 4.8 57.5056 12.8333
      vertex 8 57.5056 12.8333
    endloop
  endfacet
  facet normal 0 0.803208 0.595699
    outer loop
      vertex 4.8 57.5056 12.8333
      vertex 8 57.681 12.5968
      vertex 4.8 57.681 12.5968
    endloop
  endfacet
  facet normal 0 -0.595699 0.803208
    outer loop
      vertex 4.8 61.9032 12.181
      vertex 8 61.6667 12.0056
      vertex 8 61.9032 12.181
    endloop
  endfacet
  facet normal 0 -0.595699 0.803208
    outer loop
      vertex 8 61.6667 12.0056
      vertex 4.8 61.9032 12.181
      vertex 4.8 61.6667 12.0056
    endloop
  endfacet
  facet normal 0 0.516493 -0.856291
    outer loop
      vertex 4.8 59.9167 18.8247
      vertex 8 59.9293 18.8323
      vertex 8 59.9167 18.8247
    endloop
  endfacet
  facet normal 0 0.516493 -0.856291
    outer loop
      vertex 8 59.9293 18.8323
      vertex 4.8 59.9167 18.8247
      vertex 4.8 59.9293 18.8323
    endloop
  endfacet
  facet normal 0 0.740908 -0.671607
    outer loop
      vertex 8 57.681 16.4032
      vertex 4.8 57.8787 16.6213
      vertex 8 57.8787 16.6213
    endloop
  endfacet
  facet normal 0 0.740908 -0.671607
    outer loop
      vertex 4.8 57.8787 16.6213
      vertex 8 57.681 16.4032
      vertex 4.8 57.681 16.4032
    endloop
  endfacet
  facet normal 0 0.149003 -0.988837
    outer loop
      vertex 4.8 59.9707 18.8471
      vertex 8 59.9853 18.8493
      vertex 8 59.9707 18.8471
    endloop
  endfacet
  facet normal 0 0.149003 -0.988837
    outer loop
      vertex 8 59.9853 18.8493
      vertex 4.8 59.9707 18.8471
      vertex 4.8 59.9853 18.8493
    endloop
  endfacet
  facet normal 0 -0.989174 0.146746
    outer loop
      vertex 4.8 62.9424 13.9147
      vertex 8 62.9856 14.2059
      vertex 4.8 62.9856 14.2059
    endloop
  endfacet
  facet normal 0 -0.989174 0.146746
    outer loop
      vertex 8 62.9856 14.2059
      vertex 4.8 62.9424 13.9147
      vertex 8 62.9424 13.9147
    endloop
  endfacet
  facet normal 0 -0.969982 0.243175
    outer loop
      vertex 4.8 62.8708 13.6291
      vertex 8 62.9424 13.9147
      vertex 4.8 62.9424 13.9147
    endloop
  endfacet
  facet normal 0 -0.969982 0.243175
    outer loop
      vertex 8 62.9424 13.9147
      vertex 4.8 62.8708 13.6291
      vertex 8 62.8708 13.6291
    endloop
  endfacet
  facet normal 0 -0.941703 -0.336444
    outer loop
      vertex 4.8 102.871 15.3709
      vertex 8 102.772 15.648
      vertex 4.8 102.772 15.648
    endloop
  endfacet
  facet normal 0 -0.941703 -0.336444
    outer loop
      vertex 8 102.772 15.648
      vertex 4.8 102.871 15.3709
      vertex 8 102.871 15.3709
    endloop
  endfacet
  facet normal 0 -0.0466159 -0.998913
    outer loop
      vertex 4.8 100 18.85
      vertex 8 100.015 18.8493
      vertex 8 100 18.85
    endloop
  endfacet
  facet normal -0 -0.0466159 -0.998913
    outer loop
      vertex 8 100.015 18.8493
      vertex 4.8 100 18.85
      vertex 4.8 100.015 18.8493
    endloop
  endfacet
  facet normal 0 -0.970461 -0.241256
    outer loop
      vertex 4.8 102.942 15.0853
      vertex 8 102.871 15.3709
      vertex 4.8 102.871 15.3709
    endloop
  endfacet
  facet normal 0 -0.970461 -0.241256
    outer loop
      vertex 8 102.871 15.3709
      vertex 4.8 102.942 15.0853
      vertex 8 102.942 15.0853
    endloop
  endfacet
  facet normal 0 -0.146844 0.98916
    outer loop
      vertex 4.8 100.585 11.5576
      vertex 8 100.294 11.5144
      vertex 8 100.585 11.5576
    endloop
  endfacet
  facet normal 0 -0.146844 0.98916
    outer loop
      vertex 8 100.294 11.5144
      vertex 4.8 100.585 11.5576
      vertex 4.8 100.294 11.5144
    endloop
  endfacet
  facet normal 0 -0.337154 0.941449
    outer loop
      vertex 4.8 101.148 11.7284
      vertex 8 100.871 11.6292
      vertex 8 101.148 11.7284
    endloop
  endfacet
  facet normal 0 -0.337154 0.941449
    outer loop
      vertex 8 100.871 11.6292
      vertex 4.8 101.148 11.7284
      vertex 4.8 100.871 11.6292
    endloop
  endfacet
  facet normal 0 0.803208 -0.595699
    outer loop
      vertex 8 97.5056 16.1667
      vertex 4.8 97.681 16.4032
      vertex 8 97.681 16.4032
    endloop
  endfacet
  facet normal 0 0.803208 -0.595699
    outer loop
      vertex 4.8 97.681 16.4032
      vertex 8 97.5056 16.1667
      vertex 4.8 97.5056 16.1667
    endloop
  endfacet
  facet normal 0 0.428086 -0.903738
    outer loop
      vertex 4.8 99.9293 18.8323
      vertex 8 99.9426 18.8386
      vertex 8 99.9293 18.8323
    endloop
  endfacet
  facet normal 0 0.428086 -0.903738
    outer loop
      vertex 8 99.9426 18.8386
      vertex 4.8 99.9293 18.8323
      vertex 4.8 99.9426 18.8386
    endloop
  endfacet
  facet normal 0 -0.998869 -0.047549
    outer loop
      vertex 4.8 103 14.5
      vertex 8 102.986 14.7941
      vertex 4.8 102.986 14.7941
    endloop
  endfacet
  facet normal 0 -0.998869 -0.047549
    outer loop
      vertex 8 102.986 14.7941
      vertex 4.8 103 14.5
      vertex 8 103 14.5
    endloop
  endfacet
  facet normal 0 0.672335 -0.740247
    outer loop
      vertex 4.8 99.8939 18.8061
      vertex 8 99.9048 18.816
      vertex 8 99.8939 18.8061
    endloop
  endfacet
  facet normal 0 0.672335 -0.740247
    outer loop
      vertex 8 99.9048 18.816
      vertex 4.8 99.8939 18.8061
      vertex 4.8 99.9048 18.816
    endloop
  endfacet
  facet normal 0 0.941488 -0.337047
    outer loop
      vertex 8 97.1292 15.3709
      vertex 4.8 97.2284 15.648
      vertex 8 97.2284 15.648
    endloop
  endfacet
  facet normal 0 0.941488 -0.337047
    outer loop
      vertex 4.8 97.2284 15.648
      vertex 8 97.1292 15.3709
      vertex 4.8 97.1292 15.3709
    endloop
  endfacet
  facet normal 0 0.904063 0.4274
    outer loop
      vertex 8 97.3542 13.0858
      vertex 4.8 97.2284 13.3519
      vertex 8 97.2284 13.3519
    endloop
  endfacet
  facet normal 0 0.904063 0.4274
    outer loop
      vertex 4.8 97.2284 13.3519
      vertex 8 97.3542 13.0858
      vertex 4.8 97.3542 13.0858
    endloop
  endfacet
  facet normal -0 0.243175 0.969982
    outer loop
      vertex 4.8 99.4147 11.5576
      vertex 8 99.1291 11.6292
      vertex 8 99.4147 11.5576
    endloop
  endfacet
  facet normal 0 0.243175 0.969982
    outer loop
      vertex 8 99.1291 11.6292
      vertex 4.8 99.4147 11.5576
      vertex 4.8 99.1291 11.6292
    endloop
  endfacet
  facet normal -0 0.595699 0.803208
    outer loop
      vertex 4.8 98.3333 12.0056
      vertex 8 98.0968 12.181
      vertex 8 98.3333 12.0056
    endloop
  endfacet
  facet normal 0 0.595699 0.803208
    outer loop
      vertex 8 98.0968 12.181
      vertex 4.8 98.3333 12.0056
      vertex 4.8 98.0968 12.181
    endloop
  endfacet
  facet normal 0 -0.856744 -0.515743
    outer loop
      vertex 4.8 102.646 15.9142
      vertex 8 102.494 16.1667
      vertex 4.8 102.494 16.1667
    endloop
  endfacet
  facet normal 0 -0.856744 -0.515743
    outer loop
      vertex 8 102.494 16.1667
      vertex 4.8 102.646 15.9142
      vertex 8 102.646 15.9142
    endloop
  endfacet
  facet normal -0 0.0489044 0.998803
    outer loop
      vertex 4.8 100 11.5
      vertex 8 99.7059 11.5144
      vertex 8 100 11.5
    endloop
  endfacet
  facet normal 0 0.0489044 0.998803
    outer loop
      vertex 8 99.7059 11.5144
      vertex 4.8 100 11.5
      vertex 4.8 99.7059 11.5144
    endloop
  endfacet
  facet normal 0 -0.941742 0.336336
    outer loop
      vertex 4.8 102.772 13.3519
      vertex 8 102.871 13.6291
      vertex 4.8 102.871 13.6291
    endloop
  endfacet
  facet normal 0 -0.941742 0.336336
    outer loop
      vertex 8 102.871 13.6291
      vertex 4.8 102.772 13.3519
      vertex 8 102.772 13.3519
    endloop
  endfacet
  facet normal 0 -0.668965 -0.743294
    outer loop
      vertex 4.8 100.095 18.816
      vertex 8 100.106 18.8061
      vertex 8 100.095 18.816
    endloop
  endfacet
  facet normal -0 -0.668965 -0.743294
    outer loop
      vertex 8 100.106 18.8061
      vertex 4.8 100.095 18.816
      vertex 4.8 100.106 18.8061
    endloop
  endfacet
  facet normal 0 0.969982 0.243175
    outer loop
      vertex 8 97.1292 13.6291
      vertex 4.8 97.0576 13.9147
      vertex 8 97.0576 13.9147
    endloop
  endfacet
  facet normal 0 0.969982 0.243175
    outer loop
      vertex 4.8 97.0576 13.9147
      vertex 8 97.1292 13.6291
      vertex 4.8 97.1292 13.6291
    endloop
  endfacet
  facet normal 0 -0.740401 0.672166
    outer loop
      vertex 4.8 102.121 12.3787
      vertex 8 102.319 12.5968
      vertex 4.8 102.319 12.5968
    endloop
  endfacet
  facet normal 0 -0.740401 0.672166
    outer loop
      vertex 8 102.319 12.5968
      vertex 4.8 102.121 12.3787
      vertex 8 102.121 12.3787
    endloop
  endfacet
  facet normal 0 0.941527 0.336939
    outer loop
      vertex 8 97.2284 13.3519
      vertex 4.8 97.1292 13.6291
      vertex 8 97.1292 13.6291
    endloop
  endfacet
  facet normal 0 0.941527 0.336939
    outer loop
      vertex 4.8 97.1292 13.6291
      vertex 8 97.2284 13.3519
      vertex 4.8 97.2284 13.3519
    endloop
  endfacet
  facet normal 0 -0.352701 -0.935736
    outer loop
      vertex 4.8 100.044 18.8435
      vertex 8 100.057 18.8386
      vertex 8 100.044 18.8435
    endloop
  endfacet
  facet normal -0 -0.352701 -0.935736
    outer loop
      vertex 8 100.057 18.8386
      vertex 4.8 100.044 18.8435
      vertex 4.8 100.057 18.8386
    endloop
  endfacet
  facet normal 0 0.904125 -0.427269
    outer loop
      vertex 8 97.2284 15.648
      vertex 4.8 97.3542 15.9142
      vertex 8 97.3542 15.9142
    endloop
  endfacet
  facet normal 0 0.904125 -0.427269
    outer loop
      vertex 4.8 97.3542 15.9142
      vertex 8 97.2284 15.648
      vertex 4.8 97.2284 15.648
    endloop
  endfacet
  facet normal 0 -0.803858 -0.594821
    outer loop
      vertex 4.8 102.494 16.1667
      vertex 8 102.319 16.4032
      vertex 4.8 102.319 16.4032
    endloop
  endfacet
  facet normal 0 -0.803858 -0.594821
    outer loop
      vertex 8 102.319 16.4032
      vertex 4.8 102.494 16.1667
      vertex 8 102.494 16.1667
    endloop
  endfacet
  facet normal 0 0.857643 0.514246
    outer loop
      vertex 8 97.5056 12.8333
      vertex 4.8 97.3542 13.0858
      vertex 8 97.3542 13.0858
    endloop
  endfacet
  facet normal 0 0.857643 0.514246
    outer loop
      vertex 4.8 97.3542 13.0858
      vertex 8 97.5056 12.8333
      vertex 4.8 97.5056 12.8333
    endloop
  endfacet
  facet normal -0 0.146746 0.989174
    outer loop
      vertex 4.8 99.7059 11.5144
      vertex 8 99.4147 11.5576
      vertex 8 99.7059 11.5144
    endloop
  endfacet
  facet normal 0 0.146746 0.989174
    outer loop
      vertex 8 99.4147 11.5576
      vertex 4.8 99.7059 11.5144
      vertex 4.8 99.4147 11.5576
    endloop
  endfacet
  facet normal 0 0.740908 0.671607
    outer loop
      vertex 8 97.8787 12.3787
      vertex 4.8 97.681 12.5968
      vertex 8 97.681 12.5968
    endloop
  endfacet
  facet normal 0 0.740908 0.671607
    outer loop
      vertex 4.8 97.681 12.5968
      vertex 8 97.8787 12.3787
      vertex 4.8 97.8787 12.3787
    endloop
  endfacet
  facet normal 0 0.989174 0.146746
    outer loop
      vertex 8 97.0576 13.9147
      vertex 4.8 97.0144 14.2059
      vertex 8 97.0144 14.2059
    endloop
  endfacet
  facet normal 0 0.989174 0.146746
    outer loop
      vertex 4.8 97.0144 14.2059
      vertex 8 97.0576 13.9147
      vertex 4.8 97.0576 13.9147
    endloop
  endfacet
  facet normal 0 0.969982 -0.243175
    outer loop
      vertex 8 97.0576 15.0853
      vertex 4.8 97.1292 15.3709
      vertex 8 97.1292 15.3709
    endloop
  endfacet
  facet normal 0 0.969982 -0.243175
    outer loop
      vertex 4.8 97.1292 15.3709
      vertex 8 97.0576 15.0853
      vertex 4.8 97.0576 15.0853
    endloop
  endfacet
  facet normal -0 0.671607 0.740908
    outer loop
      vertex 4.8 98.0968 12.181
      vertex 8 97.8787 12.3787
      vertex 8 98.0968 12.181
    endloop
  endfacet
  facet normal 0 0.671607 0.740908
    outer loop
      vertex 8 97.8787 12.3787
      vertex 4.8 98.0968 12.181
      vertex 4.8 97.8787 12.3787
    endloop
  endfacet
  facet normal 0 -0.513498 0.858091
    outer loop
      vertex 4.8 101.667 12.0056
      vertex 8 101.414 11.8542
      vertex 8 101.667 12.0056
    endloop
  endfacet
  facet normal 0 -0.513498 0.858091
    outer loop
      vertex 8 101.414 11.8542
      vertex 4.8 101.667 12.0056
      vertex 4.8 101.414 11.8542
    endloop
  endfacet
  facet normal 1 0 0
    outer loop
      vertex 4.8 102.986 14.7941
      vertex 4.8 102.986 14.2059
      vertex 4.8 103 14.5
    endloop
  endfacet
  facet normal 1 0 0
    outer loop
      vertex 4.8 102.942 15.0853
      vertex 4.8 102.986 14.2059
      vertex 4.8 102.986 14.7941
    endloop
  endfacet
  facet normal 1 0 0
    outer loop
      vertex 4.8 102.942 15.0853
      vertex 4.8 102.942 13.9147
      vertex 4.8 102.986 14.2059
    endloop
  endfacet
  facet normal 1 0 0
    outer loop
      vertex 4.8 102.871 15.3709
      vertex 4.8 102.942 13.9147
      vertex 4.8 102.942 15.0853
    endloop
  endfacet
  facet normal 1 0 0
    outer loop
      vertex 4.8 102.871 15.3709
      vertex 4.8 102.871 13.6291
      vertex 4.8 102.942 13.9147
    endloop
  endfacet
  facet normal 1 0 0
    outer loop
      vertex 4.8 102.772 15.648
      vertex 4.8 102.871 13.6291
      vertex 4.8 102.871 15.3709
    endloop
  endfacet
  facet normal 1 0 0
    outer loop
      vertex 4.8 102.772 15.648
      vertex 4.8 102.772 13.3519
      vertex 4.8 102.871 13.6291
    endloop
  endfacet
  facet normal 1 0 0
    outer loop
      vertex 4.8 102.646 15.9142
      vertex 4.8 102.772 13.3519
      vertex 4.8 102.772 15.648
    endloop
  endfacet
  facet normal 1 0 0
    outer loop
      vertex 4.8 102.646 15.9142
      vertex 4.8 102.646 13.0858
      vertex 4.8 102.772 13.3519
    endloop
  endfacet
  facet normal 1 0 0
    outer loop
      vertex 4.8 102.494 16.1667
      vertex 4.8 102.646 13.0858
      vertex 4.8 102.646 15.9142
    endloop
  endfacet
  facet normal 1 0 0
    outer loop
      vertex 4.8 102.494 16.1667
      vertex 4.8 102.494 12.8333
      vertex 4.8 102.646 13.0858
    endloop
  endfacet
  facet normal 1 0 0
    outer loop
      vertex 4.8 102.319 16.4032
      vertex 4.8 102.494 12.8333
      vertex 4.8 102.494 16.1667
    endloop
  endfacet
  facet normal 1 0 0
    outer loop
      vertex 4.8 102.319 16.4032
      vertex 4.8 102.319 12.5968
      vertex 4.8 102.494 12.8333
    endloop
  endfacet
  facet normal 1 0 0
    outer loop
      vertex 4.8 102.121 16.6213
      vertex 4.8 102.319 12.5968
      vertex 4.8 102.319 16.4032
    endloop
  endfacet
  facet normal 1 0 0
    outer loop
      vertex 4.8 102.121 16.6213
      vertex 4.8 102.121 12.3787
      vertex 4.8 102.319 12.5968
    endloop
  endfacet
  facet normal 1 0 0
    outer loop
      vertex 4.8 102.121 16.6213
      vertex 4.8 101.903 12.181
      vertex 4.8 102.121 12.3787
    endloop
  endfacet
  facet normal 1 0 0
    outer loop
      vertex 4.8 102.121 16.6213
      vertex 4.8 101.667 12.0056
      vertex 4.8 101.903 12.181
    endloop
  endfacet
  facet normal 1 0 0
    outer loop
      vertex 4.8 102.121 16.6213
      vertex 4.8 101.414 11.8542
      vertex 4.8 101.667 12.0056
    endloop
  endfacet
  facet normal 1 0 0
    outer loop
      vertex 4.8 102.121 16.6213
      vertex 4.8 101.148 11.7284
      vertex 4.8 101.414 11.8542
    endloop
  endfacet
  facet normal 1 0 0
    outer loop
      vertex 4.8 102.121 16.6213
      vertex 4.8 100.871 11.6292
      vertex 4.8 101.148 11.7284
    endloop
  endfacet
  facet normal 1 0 0
    outer loop
      vertex 4.8 102.121 16.6213
      vertex 4.8 100.585 11.5576
      vertex 4.8 100.871 11.6292
    endloop
  endfacet
  facet normal 1 0 0
    outer loop
      vertex 4.8 102.121 16.6213
      vertex 4.8 100.294 11.5144
      vertex 4.8 100.585 11.5576
    endloop
  endfacet
  facet normal 1 0 0
    outer loop
      vertex 4.8 97.8787 16.6213
      vertex 4.8 102.121 16.6213
      vertex 4.8 100.106 18.8061
    endloop
  endfacet
  facet normal 1 0 0
    outer loop
      vertex 4.8 99.8939 18.8061
      vertex 4.8 100.106 18.8061
      vertex 4.8 100.095 18.816
    endloop
  endfacet
  facet normal 1 0 0
    outer loop
      vertex 4.8 99.8939 18.8061
      vertex 4.8 100.095 18.816
      vertex 4.8 100.083 18.8247
    endloop
  endfacet
  facet normal 1 0 0
    outer loop
      vertex 4.8 99.8939 18.8061
      vertex 4.8 100.083 18.8247
      vertex 4.8 100.071 18.8323
    endloop
  endfacet
  facet normal 1 0 0
    outer loop
      vertex 4.8 99.8939 18.8061
      vertex 4.8 100.071 18.8323
      vertex 4.8 100.057 18.8386
    endloop
  endfacet
  facet normal 1 0 0
    outer loop
      vertex 4.8 99.8939 18.8061
      vertex 4.8 100.057 18.8386
      vertex 4.8 100.044 18.8435
    endloop
  endfacet
  facet normal 1 0 0
    outer loop
      vertex 4.8 99.8939 18.8061
      vertex 4.8 100.044 18.8435
      vertex 4.8 100.029 18.8471
    endloop
  endfacet
  facet normal 1 0 0
    outer loop
      vertex 4.8 99.8939 18.8061
      vertex 4.8 100.029 18.8471
      vertex 4.8 100.015 18.8493
    endloop
  endfacet
  facet normal 1 0 0
    outer loop
      vertex 4.8 99.8939 18.8061
      vertex 4.8 100.015 18.8493
      vertex 4.8 100 18.85
    endloop
  endfacet
  facet normal 1 0 0
    outer loop
      vertex 4.8 102.121 16.6213
      vertex 4.8 97.8787 16.6213
      vertex 4.8 100.294 11.5144
    endloop
  endfacet
  facet normal 1 0 0
    outer loop
      vertex 4.8 99.8939 18.8061
      vertex 4.8 100 18.85
      vertex 4.8 99.9853 18.8493
    endloop
  endfacet
  facet normal 1 0 0
    outer loop
      vertex 4.8 99.8939 18.8061
      vertex 4.8 99.9853 18.8493
      vertex 4.8 99.9707 18.8471
    endloop
  endfacet
  facet normal 1 0 0
    outer loop
      vertex 4.8 99.8939 18.8061
      vertex 4.8 99.9707 18.8471
      vertex 4.8 99.9565 18.8435
    endloop
  endfacet
  facet normal 1 0 0
    outer loop
      vertex 4.8 99.8939 18.8061
      vertex 4.8 99.9565 18.8435
      vertex 4.8 99.9426 18.8386
    endloop
  endfacet
  facet normal 1 0 0
    outer loop
      vertex 4.8 99.8939 18.8061
      vertex 4.8 99.9426 18.8386
      vertex 4.8 99.9293 18.8323
    endloop
  endfacet
  facet normal 1 0 0
    outer loop
      vertex 4.8 99.8939 18.8061
      vertex 4.8 99.9293 18.8323
      vertex 4.8 99.9167 18.8247
    endloop
  endfacet
  facet normal 1 0 0
    outer loop
      vertex 4.8 99.8939 18.8061
      vertex 4.8 99.9167 18.8247
      vertex 4.8 99.9048 18.816
    endloop
  endfacet
  facet normal 1 0 0
    outer loop
      vertex 4.8 100.106 18.8061
      vertex 4.8 99.8939 18.8061
      vertex 4.8 97.8787 16.6213
    endloop
  endfacet
  facet normal 1 0 0
    outer loop
      vertex 4.8 100.294 11.5144
      vertex 4.8 97.8787 16.6213
      vertex 4.8 100 11.5
    endloop
  endfacet
  facet normal 1 0 0
    outer loop
      vertex 4.8 100 11.5
      vertex 4.8 97.8787 16.6213
      vertex 4.8 99.7059 11.5144
    endloop
  endfacet
  facet normal 1 0 0
    outer loop
      vertex 4.8 99.7059 11.5144
      vertex 4.8 97.8787 16.6213
      vertex 4.8 99.4147 11.5576
    endloop
  endfacet
  facet normal 1 0 0
    outer loop
      vertex 4.8 99.4147 11.5576
      vertex 4.8 97.8787 16.6213
      vertex 4.8 99.1291 11.6292
    endloop
  endfacet
  facet normal 1 0 0
    outer loop
      vertex 4.8 99.1291 11.6292
      vertex 4.8 97.8787 16.6213
      vertex 4.8 98.852 11.7284
    endloop
  endfacet
  facet normal 1 0 0
    outer loop
      vertex 4.8 98.852 11.7284
      vertex 4.8 97.8787 16.6213
      vertex 4.8 98.5858 11.8542
    endloop
  endfacet
  facet normal 1 0 0
    outer loop
      vertex 4.8 98.5858 11.8542
      vertex 4.8 97.8787 16.6213
      vertex 4.8 98.3333 12.0056
    endloop
  endfacet
  facet normal 1 0 0
    outer loop
      vertex 4.8 98.3333 12.0056
      vertex 4.8 97.8787 16.6213
      vertex 4.8 98.0968 12.181
    endloop
  endfacet
  facet normal 1 0 0
    outer loop
      vertex 4.8 97.8787 16.6213
      vertex 4.8 97.8787 12.3787
      vertex 4.8 98.0968 12.181
    endloop
  endfacet
  facet normal 1 -0 0
    outer loop
      vertex 4.8 97.681 16.4032
      vertex 4.8 97.8787 12.3787
      vertex 4.8 97.8787 16.6213
    endloop
  endfacet
  facet normal 1 0 0
    outer loop
      vertex 4.8 97.681 16.4032
      vertex 4.8 97.681 12.5968
      vertex 4.8 97.8787 12.3787
    endloop
  endfacet
  facet normal 1 -0 0
    outer loop
      vertex 4.8 97.5056 16.1667
      vertex 4.8 97.681 12.5968
      vertex 4.8 97.681 16.4032
    endloop
  endfacet
  facet normal 1 0 0
    outer loop
      vertex 4.8 97.5056 16.1667
      vertex 4.8 97.5056 12.8333
      vertex 4.8 97.681 12.5968
    endloop
  endfacet
  facet normal 1 -0 0
    outer loop
      vertex 4.8 97.3542 15.9142
      vertex 4.8 97.5056 12.8333
      vertex 4.8 97.5056 16.1667
    endloop
  endfacet
  facet normal 1 0 0
    outer loop
      vertex 4.8 97.3542 15.9142
      vertex 4.8 97.3542 13.0858
      vertex 4.8 97.5056 12.8333
    endloop
  endfacet
  facet normal 1 -0 0
    outer loop
      vertex 4.8 97.2284 15.648
      vertex 4.8 97.3542 13.0858
      vertex 4.8 97.3542 15.9142
    endloop
  endfacet
  facet normal 1 0 0
    outer loop
      vertex 4.8 97.2284 15.648
      vertex 4.8 97.2284 13.3519
      vertex 4.8 97.3542 13.0858
    endloop
  endfacet
  facet normal 1 -0 0
    outer loop
      vertex 4.8 97.1292 15.3709
      vertex 4.8 97.2284 13.3519
      vertex 4.8 97.2284 15.648
    endloop
  endfacet
  facet normal 1 0 0
    outer loop
      vertex 4.8 97.1292 15.3709
      vertex 4.8 97.1292 13.6291
      vertex 4.8 97.2284 13.3519
    endloop
  endfacet
  facet normal 1 -0 0
    outer loop
      vertex 4.8 97.0576 15.0853
      vertex 4.8 97.1292 13.6291
      vertex 4.8 97.1292 15.3709
    endloop
  endfacet
  facet normal 1 0 0
    outer loop
      vertex 4.8 97.0576 15.0853
      vertex 4.8 97.0576 13.9147
      vertex 4.8 97.1292 13.6291
    endloop
  endfacet
  facet normal 1 -0 0
    outer loop
      vertex 4.8 97.0144 14.7941
      vertex 4.8 97.0576 13.9147
      vertex 4.8 97.0576 15.0853
    endloop
  endfacet
  facet normal 1 0 0
    outer loop
      vertex 4.8 97.0144 14.7941
      vertex 4.8 97.0144 14.2059
      vertex 4.8 97.0576 13.9147
    endloop
  endfacet
  facet normal 1 0 -0
    outer loop
      vertex 4.8 97.0144 14.2059
      vertex 4.8 97.0144 14.7941
      vertex 4.8 97 14.5
    endloop
  endfacet
  facet normal 0 -0.410365 -0.911922
    outer loop
      vertex 4.8 100.057 18.8386
      vertex 8 100.071 18.8323
      vertex 8 100.057 18.8386
    endloop
  endfacet
  facet normal -0 -0.410365 -0.911922
    outer loop
      vertex 8 100.071 18.8323
      vertex 4.8 100.057 18.8386
      vertex 4.8 100.071 18.8323
    endloop
  endfacet
  facet normal 0 -0.535052 -0.844819
    outer loop
      vertex 4.8 100.071 18.8323
      vertex 8 100.083 18.8247
      vertex 8 100.071 18.8323
    endloop
  endfacet
  facet normal -0 -0.535052 -0.844819
    outer loop
      vertex 8 100.083 18.8247
      vertex 4.8 100.071 18.8323
      vertex 4.8 100.083 18.8247
    endloop
  endfacet
  facet normal 0 -0.0489209 0.998803
    outer loop
      vertex 4.8 100.294 11.5144
      vertex 8 100 11.5
      vertex 8 100.294 11.5144
    endloop
  endfacet
  facet normal 0 -0.0489209 0.998803
    outer loop
      vertex 8 100 11.5
      vertex 4.8 100.294 11.5144
      vertex 4.8 100 11.5
    endloop
  endfacet
  facet normal 0 -0.803858 0.594821
    outer loop
      vertex 4.8 102.319 12.5968
      vertex 8 102.494 12.8333
      vertex 4.8 102.494 12.8333
    endloop
  endfacet
  facet normal 0 -0.803858 0.594821
    outer loop
      vertex 8 102.494 12.8333
      vertex 4.8 102.319 12.5968
      vertex 8 102.319 12.5968
    endloop
  endfacet
  facet normal 0 -0.998869 0.047549
    outer loop
      vertex 4.8 102.986 14.2059
      vertex 8 103 14.5
      vertex 4.8 103 14.5
    endloop
  endfacet
  facet normal 0 -0.998869 0.047549
    outer loop
      vertex 8 103 14.5
      vertex 4.8 102.986 14.2059
      vertex 8 102.986 14.2059
    endloop
  endfacet
  facet normal 0 0.245747 -0.969334
    outer loop
      vertex 4.8 99.9565 18.8435
      vertex 8 99.9707 18.8471
      vertex 8 99.9565 18.8435
    endloop
  endfacet
  facet normal 0 0.245747 -0.969334
    outer loop
      vertex 8 99.9707 18.8471
      vertex 4.8 99.9565 18.8435
      vertex 4.8 99.9707 18.8471
    endloop
  endfacet
  facet normal 0 0.590187 -0.807267
    outer loop
      vertex 4.8 99.9048 18.816
      vertex 8 99.9167 18.8247
      vertex 8 99.9048 18.816
    endloop
  endfacet
  facet normal 0 0.590187 -0.807267
    outer loop
      vertex 8 99.9167 18.8247
      vertex 4.8 99.9048 18.816
      vertex 4.8 99.9167 18.8247
    endloop
  endfacet
  facet normal 0 -0.740401 -0.672166
    outer loop
      vertex 4.8 102.319 16.4032
      vertex 8 102.121 16.6213
      vertex 4.8 102.121 16.6213
    endloop
  endfacet
  facet normal 0 -0.740401 -0.672166
    outer loop
      vertex 8 102.121 16.6213
      vertex 4.8 102.319 16.4032
      vertex 8 102.319 16.4032
    endloop
  endfacet
  facet normal 0 0.735061 -0.678001
    outer loop
      vertex 8 97.8787 16.6213
      vertex 4.8 99.8939 18.8061
      vertex 8 99.8939 18.8061
    endloop
  endfacet
  facet normal 0 0.735061 -0.678001
    outer loop
      vertex 4.8 99.8939 18.8061
      vertex 8 97.8787 16.6213
      vertex 4.8 97.8787 16.6213
    endloop
  endfacet
  facet normal 0 0.989174 -0.146746
    outer loop
      vertex 8 97.0144 14.7941
      vertex 4.8 97.0576 15.0853
      vertex 8 97.0576 15.0853
    endloop
  endfacet
  facet normal 0 0.989174 -0.146746
    outer loop
      vertex 4.8 97.0576 15.0853
      vertex 8 97.0144 14.7941
      vertex 4.8 97.0144 14.7941
    endloop
  endfacet
  facet normal 0 -0.671776 0.740754
    outer loop
      vertex 4.8 102.121 12.3787
      vertex 8 101.903 12.181
      vertex 8 102.121 12.3787
    endloop
  endfacet
  facet normal 0 -0.671776 0.740754
    outer loop
      vertex 8 101.903 12.181
      vertex 4.8 102.121 12.3787
      vertex 4.8 101.903 12.181
    endloop
  endfacet
  facet normal 0 -0.988776 -0.149403
    outer loop
      vertex 4.8 102.986 14.7941
      vertex 8 102.942 15.0853
      vertex 4.8 102.942 15.0853
    endloop
  endfacet
  facet normal 0 -0.988776 -0.149403
    outer loop
      vertex 8 102.942 15.0853
      vertex 4.8 102.986 14.7941
      vertex 8 102.986 14.7941
    endloop
  endfacet
  facet normal 0 -0.242855 0.970063
    outer loop
      vertex 4.8 100.871 11.6292
      vertex 8 100.585 11.5576
      vertex 8 100.871 11.6292
    endloop
  endfacet
  facet normal 0 -0.242855 0.970063
    outer loop
      vertex 8 100.585 11.5576
      vertex 4.8 100.871 11.6292
      vertex 4.8 100.585 11.5576
    endloop
  endfacet
  facet normal -0 0.337047 0.941488
    outer loop
      vertex 4.8 99.1291 11.6292
      vertex 8 98.852 11.7284
      vertex 8 99.1291 11.6292
    endloop
  endfacet
  facet normal 0 0.337047 0.941488
    outer loop
      vertex 8 98.852 11.7284
      vertex 4.8 99.1291 11.6292
      vertex 4.8 98.852 11.7284
    endloop
  endfacet
  facet normal 0 -0.856744 0.515743
    outer loop
      vertex 4.8 102.494 12.8333
      vertex 8 102.646 13.0858
      vertex 4.8 102.646 13.0858
    endloop
  endfacet
  facet normal 0 -0.856744 0.515743
    outer loop
      vertex 8 102.646 13.0858
      vertex 4.8 102.494 12.8333
      vertex 8 102.494 12.8333
    endloop
  endfacet
  facet normal 0 -0.427531 0.904001
    outer loop
      vertex 4.8 101.414 11.8542
      vertex 8 101.148 11.7284
      vertex 8 101.414 11.8542
    endloop
  endfacet
  facet normal 0 -0.427531 0.904001
    outer loop
      vertex 8 101.148 11.7284
      vertex 4.8 101.414 11.8542
      vertex 4.8 101.148 11.7284
    endloop
  endfacet
  facet normal 0 -0.9038 0.427955
    outer loop
      vertex 4.8 102.646 13.0858
      vertex 8 102.772 13.3519
      vertex 4.8 102.772 13.3519
    endloop
  endfacet
  facet normal 0 -0.9038 0.427955
    outer loop
      vertex 8 102.772 13.3519
      vertex 4.8 102.646 13.0858
      vertex 8 102.646 13.0858
    endloop
  endfacet
  facet normal 0 0.998803 -0.0489044
    outer loop
      vertex 8 97 14.5
      vertex 4.8 97.0144 14.7941
      vertex 8 97.0144 14.7941
    endloop
  endfacet
  facet normal 0 0.998803 -0.0489044
    outer loop
      vertex 4.8 97.0144 14.7941
      vertex 8 97 14.5
      vertex 4.8 97 14.5
    endloop
  endfacet
  facet normal 0 -0.735095 -0.677964
    outer loop
      vertex 4.8 102.121 16.6213
      vertex 8 100.106 18.8061
      vertex 4.8 100.106 18.8061
    endloop
  endfacet
  facet normal 0 -0.735095 -0.677964
    outer loop
      vertex 8 100.106 18.8061
      vertex 4.8 102.121 16.6213
      vertex 8 102.121 16.6213
    endloop
  endfacet
  facet normal -0 0.514246 0.857643
    outer loop
      vertex 4.8 98.5858 11.8542
      vertex 8 98.3333 12.0056
      vertex 8 98.5858 11.8542
    endloop
  endfacet
  facet normal 0 0.514246 0.857643
    outer loop
      vertex 8 98.3333 12.0056
      vertex 4.8 98.5858 11.8542
      vertex 4.8 98.3333 12.0056
    endloop
  endfacet
  facet normal 0 -0.586968 -0.80961
    outer loop
      vertex 4.8 100.083 18.8247
      vertex 8 100.095 18.816
      vertex 8 100.083 18.8247
    endloop
  endfacet
  facet normal -0 -0.586968 -0.80961
    outer loop
      vertex 8 100.095 18.816
      vertex 4.8 100.083 18.8247
      vertex 4.8 100.095 18.816
    endloop
  endfacet
  facet normal 0 0.332465 -0.943116
    outer loop
      vertex 4.8 99.9426 18.8386
      vertex 8 99.9565 18.8435
      vertex 8 99.9426 18.8386
    endloop
  endfacet
  facet normal 0 0.332465 -0.943116
    outer loop
      vertex 8 99.9565 18.8435
      vertex 4.8 99.9426 18.8386
      vertex 4.8 99.9565 18.8435
    endloop
  endfacet
  facet normal 0 0.0475651 -0.998868
    outer loop
      vertex 4.8 99.9853 18.8493
      vertex 8 100 18.85
      vertex 8 99.9853 18.8493
    endloop
  endfacet
  facet normal 0 0.0475651 -0.998868
    outer loop
      vertex 8 100 18.85
      vertex 4.8 99.9853 18.8493
      vertex 4.8 100 18.85
    endloop
  endfacet
  facet normal -0 0.427269 0.904125
    outer loop
      vertex 4.8 98.852 11.7284
      vertex 8 98.5858 11.8542
      vertex 8 98.852 11.7284
    endloop
  endfacet
  facet normal 0 0.427269 0.904125
    outer loop
      vertex 8 98.5858 11.8542
      vertex 4.8 98.852 11.7284
      vertex 4.8 98.5858 11.8542
    endloop
  endfacet
  facet normal 0 -0.903862 -0.427824
    outer loop
      vertex 4.8 102.772 15.648
      vertex 8 102.646 15.9142
      vertex 4.8 102.646 15.9142
    endloop
  endfacet
  facet normal 0 -0.903862 -0.427824
    outer loop
      vertex 8 102.646 15.9142
      vertex 4.8 102.772 15.648
      vertex 8 102.772 15.648
    endloop
  endfacet
  facet normal 0 0.998803 0.0489044
    outer loop
      vertex 8 97.0144 14.2059
      vertex 4.8 97 14.5
      vertex 8 97 14.5
    endloop
  endfacet
  facet normal 0 0.998803 0.0489044
    outer loop
      vertex 4.8 97 14.5
      vertex 8 97.0144 14.2059
      vertex 4.8 97.0144 14.2059
    endloop
  endfacet
  facet normal 0 0.857643 -0.514246
    outer loop
      vertex 8 97.3542 15.9142
      vertex 4.8 97.5056 16.1667
      vertex 8 97.5056 16.1667
    endloop
  endfacet
  facet normal 0 0.857643 -0.514246
    outer loop
      vertex 4.8 97.5056 16.1667
      vertex 8 97.3542 15.9142
      vertex 4.8 97.3542 15.9142
    endloop
  endfacet
  facet normal 0 -0.233373 -0.972387
    outer loop
      vertex 4.8 100.029 18.8471
      vertex 8 100.044 18.8435
      vertex 8 100.029 18.8471
    endloop
  endfacet
  facet normal -0 -0.233373 -0.972387
    outer loop
      vertex 8 100.044 18.8435
      vertex 4.8 100.029 18.8471
      vertex 4.8 100.044 18.8435
    endloop
  endfacet
  facet normal 0 -0.155238 -0.987877
    outer loop
      vertex 4.8 100.015 18.8493
      vertex 8 100.029 18.8471
      vertex 8 100.015 18.8493
    endloop
  endfacet
  facet normal -0 -0.155238 -0.987877
    outer loop
      vertex 8 100.029 18.8471
      vertex 4.8 100.015 18.8493
      vertex 4.8 100.029 18.8471
    endloop
  endfacet
  facet normal 0 0.803208 0.595699
    outer loop
      vertex 8 97.681 12.5968
      vertex 4.8 97.5056 12.8333
      vertex 8 97.5056 12.8333
    endloop
  endfacet
  facet normal 0 0.803208 0.595699
    outer loop
      vertex 4.8 97.5056 12.8333
      vertex 8 97.681 12.5968
      vertex 4.8 97.681 12.5968
    endloop
  endfacet
  facet normal 0 -0.596512 0.802604
    outer loop
      vertex 4.8 101.903 12.181
      vertex 8 101.667 12.0056
      vertex 8 101.903 12.181
    endloop
  endfacet
  facet normal 0 -0.596512 0.802604
    outer loop
      vertex 8 101.667 12.0056
      vertex 4.8 101.903 12.181
      vertex 4.8 101.667 12.0056
    endloop
  endfacet
  facet normal 0 0.740908 -0.671607
    outer loop
      vertex 8 97.681 16.4032
      vertex 4.8 97.8787 16.6213
      vertex 8 97.8787 16.6213
    endloop
  endfacet
  facet normal 0 0.740908 -0.671607
    outer loop
      vertex 4.8 97.8787 16.6213
      vertex 8 97.681 16.4032
      vertex 4.8 97.681 16.4032
    endloop
  endfacet
  facet normal 0 0.149003 -0.988837
    outer loop
      vertex 4.8 99.9707 18.8471
      vertex 8 99.9853 18.8493
      vertex 8 99.9707 18.8471
    endloop
  endfacet
  facet normal 0 0.149003 -0.988837
    outer loop
      vertex 8 99.9853 18.8493
      vertex 4.8 99.9707 18.8471
      vertex 4.8 99.9853 18.8493
    endloop
  endfacet
  facet normal 0 -0.988776 0.149403
    outer loop
      vertex 4.8 102.942 13.9147
      vertex 8 102.986 14.2059
      vertex 4.8 102.986 14.2059
    endloop
  endfacet
  facet normal 0 -0.988776 0.149403
    outer loop
      vertex 8 102.986 14.2059
      vertex 4.8 102.942 13.9147
      vertex 8 102.942 13.9147
    endloop
  endfacet
  facet normal 0 0.516493 -0.856291
    outer loop
      vertex 4.8 99.9167 18.8247
      vertex 8 99.9293 18.8323
      vertex 8 99.9167 18.8247
    endloop
  endfacet
  facet normal 0 0.516493 -0.856291
    outer loop
      vertex 8 99.9293 18.8323
      vertex 4.8 99.9167 18.8247
      vertex 4.8 99.9293 18.8323
    endloop
  endfacet
  facet normal 0 -0.970461 0.241256
    outer loop
      vertex 4.8 102.871 13.6291
      vertex 8 102.942 13.9147
      vertex 4.8 102.942 13.9147
    endloop
  endfacet
  facet normal 0 -0.970461 0.241256
    outer loop
      vertex 8 102.942 13.9147
      vertex 4.8 102.871 13.6291
      vertex 8 102.871 13.6291
    endloop
  endfacet
  facet normal 0 -0.941703 -0.336444
    outer loop
      vertex 4.8 142.871 15.3709
      vertex 8 142.772 15.648
      vertex 4.8 142.772 15.648
    endloop
  endfacet
  facet normal 0 -0.941703 -0.336444
    outer loop
      vertex 8 142.772 15.648
      vertex 4.8 142.871 15.3709
      vertex 8 142.871 15.3709
    endloop
  endfacet
  facet normal 0 -0.0466159 -0.998913
    outer loop
      vertex 4.8 140 18.85
      vertex 8 140.015 18.8493
      vertex 8 140 18.85
    endloop
  endfacet
  facet normal -0 -0.0466159 -0.998913
    outer loop
      vertex 8 140.015 18.8493
      vertex 4.8 140 18.85
      vertex 4.8 140.015 18.8493
    endloop
  endfacet
  facet normal 0 -0.970461 -0.241256
    outer loop
      vertex 4.8 142.942 15.0853
      vertex 8 142.871 15.3709
      vertex 4.8 142.871 15.3709
    endloop
  endfacet
  facet normal 0 -0.970461 -0.241256
    outer loop
      vertex 8 142.871 15.3709
      vertex 4.8 142.942 15.0853
      vertex 8 142.942 15.0853
    endloop
  endfacet
  facet normal 0 -0.146844 0.98916
    outer loop
      vertex 4.8 140.585 11.5576
      vertex 8 140.294 11.5144
      vertex 8 140.585 11.5576
    endloop
  endfacet
  facet normal 0 -0.146844 0.98916
    outer loop
      vertex 8 140.294 11.5144
      vertex 4.8 140.585 11.5576
      vertex 4.8 140.294 11.5144
    endloop
  endfacet
  facet normal 0 -0.337154 0.941449
    outer loop
      vertex 4.8 141.148 11.7284
      vertex 8 140.871 11.6292
      vertex 8 141.148 11.7284
    endloop
  endfacet
  facet normal 0 -0.337154 0.941449
    outer loop
      vertex 8 140.871 11.6292
      vertex 4.8 141.148 11.7284
      vertex 4.8 140.871 11.6292
    endloop
  endfacet
  facet normal 0 0.803858 -0.594821
    outer loop
      vertex 8 137.506 16.1667
      vertex 4.8 137.681 16.4032
      vertex 8 137.681 16.4032
    endloop
  endfacet
  facet normal 0 0.803858 -0.594821
    outer loop
      vertex 4.8 137.681 16.4032
      vertex 8 137.506 16.1667
      vertex 4.8 137.506 16.1667
    endloop
  endfacet
  facet normal 0 0.410365 -0.911922
    outer loop
      vertex 4.8 139.929 18.8323
      vertex 8 139.943 18.8386
      vertex 8 139.929 18.8323
    endloop
  endfacet
  facet normal 0 0.410365 -0.911922
    outer loop
      vertex 8 139.943 18.8386
      vertex 4.8 139.929 18.8323
      vertex 4.8 139.943 18.8386
    endloop
  endfacet
  facet normal 0 -0.998869 -0.047549
    outer loop
      vertex 4.8 143 14.5
      vertex 8 142.986 14.7941
      vertex 4.8 142.986 14.7941
    endloop
  endfacet
  facet normal 0 -0.998869 -0.047549
    outer loop
      vertex 8 142.986 14.7941
      vertex 4.8 143 14.5
      vertex 8 143 14.5
    endloop
  endfacet
  facet normal 0 0.668965 -0.743294
    outer loop
      vertex 4.8 139.894 18.8061
      vertex 8 139.905 18.816
      vertex 8 139.894 18.8061
    endloop
  endfacet
  facet normal 0 0.668965 -0.743294
    outer loop
      vertex 8 139.905 18.816
      vertex 4.8 139.894 18.8061
      vertex 4.8 139.905 18.816
    endloop
  endfacet
  facet normal 0 0.941703 -0.336444
    outer loop
      vertex 8 137.129 15.3709
      vertex 4.8 137.228 15.648
      vertex 8 137.228 15.648
    endloop
  endfacet
  facet normal 0 0.941703 -0.336444
    outer loop
      vertex 4.8 137.228 15.648
      vertex 8 137.129 15.3709
      vertex 4.8 137.129 15.3709
    endloop
  endfacet
  facet normal 0 0.9038 0.427955
    outer loop
      vertex 8 137.354 13.0858
      vertex 4.8 137.228 13.3519
      vertex 8 137.228 13.3519
    endloop
  endfacet
  facet normal 0 0.9038 0.427955
    outer loop
      vertex 4.8 137.228 13.3519
      vertex 8 137.354 13.0858
      vertex 4.8 137.354 13.0858
    endloop
  endfacet
  facet normal -0 0.242855 0.970063
    outer loop
      vertex 4.8 139.415 11.5576
      vertex 8 139.129 11.6292
      vertex 8 139.415 11.5576
    endloop
  endfacet
  facet normal 0 0.242855 0.970063
    outer loop
      vertex 8 139.129 11.6292
      vertex 4.8 139.415 11.5576
      vertex 4.8 139.129 11.6292
    endloop
  endfacet
  facet normal -0 0.596512 0.802604
    outer loop
      vertex 4.8 138.333 12.0056
      vertex 8 138.097 12.181
      vertex 8 138.333 12.0056
    endloop
  endfacet
  facet normal 0 0.596512 0.802604
    outer loop
      vertex 8 138.097 12.181
      vertex 4.8 138.333 12.0056
      vertex 4.8 138.097 12.181
    endloop
  endfacet
  facet normal 0 -0.856744 -0.515743
    outer loop
      vertex 4.8 142.646 15.9142
      vertex 8 142.494 16.1667
      vertex 4.8 142.494 16.1667
    endloop
  endfacet
  facet normal 0 -0.856744 -0.515743
    outer loop
      vertex 8 142.494 16.1667
      vertex 4.8 142.646 15.9142
      vertex 8 142.646 15.9142
    endloop
  endfacet
  facet normal -0 0.0489209 0.998803
    outer loop
      vertex 4.8 140 11.5
      vertex 8 139.706 11.5144
      vertex 8 140 11.5
    endloop
  endfacet
  facet normal 0 0.0489209 0.998803
    outer loop
      vertex 8 139.706 11.5144
      vertex 4.8 140 11.5
      vertex 4.8 139.706 11.5144
    endloop
  endfacet
  facet normal 0 -0.941742 0.336336
    outer loop
      vertex 4.8 142.772 13.3519
      vertex 8 142.871 13.6291
      vertex 4.8 142.871 13.6291
    endloop
  endfacet
  facet normal 0 -0.941742 0.336336
    outer loop
      vertex 8 142.871 13.6291
      vertex 4.8 142.772 13.3519
      vertex 8 142.772 13.3519
    endloop
  endfacet
  facet normal 0 -0.668965 -0.743294
    outer loop
      vertex 4.8 140.095 18.816
      vertex 8 140.106 18.8061
      vertex 8 140.095 18.816
    endloop
  endfacet
  facet normal -0 -0.668965 -0.743294
    outer loop
      vertex 8 140.106 18.8061
      vertex 4.8 140.095 18.816
      vertex 4.8 140.106 18.8061
    endloop
  endfacet
  facet normal 0 0.970461 0.241256
    outer loop
      vertex 8 137.129 13.6291
      vertex 4.8 137.058 13.9147
      vertex 8 137.058 13.9147
    endloop
  endfacet
  facet normal 0 0.970461 0.241256
    outer loop
      vertex 4.8 137.058 13.9147
      vertex 8 137.129 13.6291
      vertex 4.8 137.129 13.6291
    endloop
  endfacet
  facet normal 0 -0.740401 0.672166
    outer loop
      vertex 4.8 142.121 12.3787
      vertex 8 142.319 12.5968
      vertex 4.8 142.319 12.5968
    endloop
  endfacet
  facet normal 0 -0.740401 0.672166
    outer loop
      vertex 8 142.319 12.5968
      vertex 4.8 142.121 12.3787
      vertex 8 142.121 12.3787
    endloop
  endfacet
  facet normal 0 0.941742 0.336336
    outer loop
      vertex 8 137.228 13.3519
      vertex 4.8 137.129 13.6291
      vertex 8 137.129 13.6291
    endloop
  endfacet
  facet normal 0 0.941742 0.336336
    outer loop
      vertex 4.8 137.129 13.6291
      vertex 8 137.228 13.3519
      vertex 4.8 137.228 13.3519
    endloop
  endfacet
  facet normal 0 -0.352701 -0.935736
    outer loop
      vertex 4.8 140.044 18.8435
      vertex 8 140.057 18.8386
      vertex 8 140.044 18.8435
    endloop
  endfacet
  facet normal -0 -0.352701 -0.935736
    outer loop
      vertex 8 140.057 18.8386
      vertex 4.8 140.044 18.8435
      vertex 4.8 140.057 18.8386
    endloop
  endfacet
  facet normal 0 0.903862 -0.427824
    outer loop
      vertex 8 137.228 15.648
      vertex 4.8 137.354 15.9142
      vertex 8 137.354 15.9142
    endloop
  endfacet
  facet normal 0 0.903862 -0.427824
    outer loop
      vertex 4.8 137.354 15.9142
      vertex 8 137.228 15.648
      vertex 4.8 137.228 15.648
    endloop
  endfacet
  facet normal 0 -0.803858 -0.594821
    outer loop
      vertex 4.8 142.494 16.1667
      vertex 8 142.319 16.4032
      vertex 4.8 142.319 16.4032
    endloop
  endfacet
  facet normal 0 -0.803858 -0.594821
    outer loop
      vertex 8 142.319 16.4032
      vertex 4.8 142.494 16.1667
      vertex 8 142.494 16.1667
    endloop
  endfacet
  facet normal 0 0.856744 0.515743
    outer loop
      vertex 8 137.506 12.8333
      vertex 4.8 137.354 13.0858
      vertex 8 137.354 13.0858
    endloop
  endfacet
  facet normal 0 0.856744 0.515743
    outer loop
      vertex 4.8 137.354 13.0858
      vertex 8 137.506 12.8333
      vertex 4.8 137.506 12.8333
    endloop
  endfacet
  facet normal -0 0.146844 0.98916
    outer loop
      vertex 4.8 139.706 11.5144
      vertex 8 139.415 11.5576
      vertex 8 139.706 11.5144
    endloop
  endfacet
  facet normal 0 0.146844 0.98916
    outer loop
      vertex 8 139.415 11.5576
      vertex 4.8 139.706 11.5144
      vertex 4.8 139.415 11.5576
    endloop
  endfacet
  facet normal 0 0.740401 0.672166
    outer loop
      vertex 8 137.879 12.3787
      vertex 4.8 137.681 12.5968
      vertex 8 137.681 12.5968
    endloop
  endfacet
  facet normal 0 0.740401 0.672166
    outer loop
      vertex 4.8 137.681 12.5968
      vertex 8 137.879 12.3787
      vertex 4.8 137.879 12.3787
    endloop
  endfacet
  facet normal 0 0.988776 0.149403
    outer loop
      vertex 8 137.058 13.9147
      vertex 4.8 137.014 14.2059
      vertex 8 137.014 14.2059
    endloop
  endfacet
  facet normal 0 0.988776 0.149403
    outer loop
      vertex 4.8 137.014 14.2059
      vertex 8 137.058 13.9147
      vertex 4.8 137.058 13.9147
    endloop
  endfacet
  facet normal 0 0.970461 -0.241256
    outer loop
      vertex 8 137.058 15.0853
      vertex 4.8 137.129 15.3709
      vertex 8 137.129 15.3709
    endloop
  endfacet
  facet normal 0 0.970461 -0.241256
    outer loop
      vertex 4.8 137.129 15.3709
      vertex 8 137.058 15.0853
      vertex 4.8 137.058 15.0853
    endloop
  endfacet
  facet normal -0 0.671776 0.740754
    outer loop
      vertex 4.8 138.097 12.181
      vertex 8 137.879 12.3787
      vertex 8 138.097 12.181
    endloop
  endfacet
  facet normal 0 0.671776 0.740754
    outer loop
      vertex 8 137.879 12.3787
      vertex 4.8 138.097 12.181
      vertex 4.8 137.879 12.3787
    endloop
  endfacet
  facet normal 0 -0.513498 0.858091
    outer loop
      vertex 4.8 141.667 12.0056
      vertex 8 141.414 11.8542
      vertex 8 141.667 12.0056
    endloop
  endfacet
  facet normal 0 -0.513498 0.858091
    outer loop
      vertex 8 141.414 11.8542
      vertex 4.8 141.667 12.0056
      vertex 4.8 141.414 11.8542
    endloop
  endfacet
  facet normal 1 0 0
    outer loop
      vertex 4.8 142.986 14.7941
      vertex 4.8 142.986 14.2059
      vertex 4.8 143 14.5
    endloop
  endfacet
  facet normal 1 0 0
    outer loop
      vertex 4.8 142.942 15.0853
      vertex 4.8 142.986 14.2059
      vertex 4.8 142.986 14.7941
    endloop
  endfacet
  facet normal 1 0 0
    outer loop
      vertex 4.8 142.942 15.0853
      vertex 4.8 142.942 13.9147
      vertex 4.8 142.986 14.2059
    endloop
  endfacet
  facet normal 1 0 0
    outer loop
      vertex 4.8 142.871 15.3709
      vertex 4.8 142.942 13.9147
      vertex 4.8 142.942 15.0853
    endloop
  endfacet
  facet normal 1 0 0
    outer loop
      vertex 4.8 142.871 15.3709
      vertex 4.8 142.871 13.6291
      vertex 4.8 142.942 13.9147
    endloop
  endfacet
  facet normal 1 0 0
    outer loop
      vertex 4.8 142.772 15.648
      vertex 4.8 142.871 13.6291
      vertex 4.8 142.871 15.3709
    endloop
  endfacet
  facet normal 1 0 0
    outer loop
      vertex 4.8 142.772 15.648
      vertex 4.8 142.772 13.3519
      vertex 4.8 142.871 13.6291
    endloop
  endfacet
  facet normal 1 0 0
    outer loop
      vertex 4.8 142.646 15.9142
      vertex 4.8 142.772 13.3519
      vertex 4.8 142.772 15.648
    endloop
  endfacet
  facet normal 1 0 0
    outer loop
      vertex 4.8 142.646 15.9142
      vertex 4.8 142.646 13.0858
      vertex 4.8 142.772 13.3519
    endloop
  endfacet
  facet normal 1 0 0
    outer loop
      vertex 4.8 142.494 16.1667
      vertex 4.8 142.646 13.0858
      vertex 4.8 142.646 15.9142
    endloop
  endfacet
  facet normal 1 0 0
    outer loop
      vertex 4.8 142.494 16.1667
      vertex 4.8 142.494 12.8333
      vertex 4.8 142.646 13.0858
    endloop
  endfacet
  facet normal 1 0 0
    outer loop
      vertex 4.8 142.319 16.4032
      vertex 4.8 142.494 12.8333
      vertex 4.8 142.494 16.1667
    endloop
  endfacet
  facet normal 1 0 0
    outer loop
      vertex 4.8 142.319 16.4032
      vertex 4.8 142.319 12.5968
      vertex 4.8 142.494 12.8333
    endloop
  endfacet
  facet normal 1 0 0
    outer loop
      vertex 4.8 142.121 16.6213
      vertex 4.8 142.319 12.5968
      vertex 4.8 142.319 16.4032
    endloop
  endfacet
  facet normal 1 0 0
    outer loop
      vertex 4.8 142.121 16.6213
      vertex 4.8 142.121 12.3787
      vertex 4.8 142.319 12.5968
    endloop
  endfacet
  facet normal 1 0 0
    outer loop
      vertex 4.8 142.121 16.6213
      vertex 4.8 141.903 12.181
      vertex 4.8 142.121 12.3787
    endloop
  endfacet
  facet normal 1 0 0
    outer loop
      vertex 4.8 142.121 16.6213
      vertex 4.8 141.667 12.0056
      vertex 4.8 141.903 12.181
    endloop
  endfacet
  facet normal 1 0 0
    outer loop
      vertex 4.8 142.121 16.6213
      vertex 4.8 141.414 11.8542
      vertex 4.8 141.667 12.0056
    endloop
  endfacet
  facet normal 1 0 0
    outer loop
      vertex 4.8 142.121 16.6213
      vertex 4.8 141.148 11.7284
      vertex 4.8 141.414 11.8542
    endloop
  endfacet
  facet normal 1 0 0
    outer loop
      vertex 4.8 142.121 16.6213
      vertex 4.8 140.871 11.6292
      vertex 4.8 141.148 11.7284
    endloop
  endfacet
  facet normal 1 0 0
    outer loop
      vertex 4.8 142.121 16.6213
      vertex 4.8 140.585 11.5576
      vertex 4.8 140.871 11.6292
    endloop
  endfacet
  facet normal 1 0 0
    outer loop
      vertex 4.8 142.121 16.6213
      vertex 4.8 140.294 11.5144
      vertex 4.8 140.585 11.5576
    endloop
  endfacet
  facet normal 1 0 0
    outer loop
      vertex 4.8 137.879 16.6213
      vertex 4.8 142.121 16.6213
      vertex 4.8 140.106 18.8061
    endloop
  endfacet
  facet normal 1 0 0
    outer loop
      vertex 4.8 139.894 18.8061
      vertex 4.8 140.106 18.8061
      vertex 4.8 140.095 18.816
    endloop
  endfacet
  facet normal 1 0 0
    outer loop
      vertex 4.8 139.894 18.8061
      vertex 4.8 140.095 18.816
      vertex 4.8 140.083 18.8247
    endloop
  endfacet
  facet normal 1 0 0
    outer loop
      vertex 4.8 139.894 18.8061
      vertex 4.8 140.083 18.8247
      vertex 4.8 140.071 18.8323
    endloop
  endfacet
  facet normal 1 0 0
    outer loop
      vertex 4.8 139.894 18.8061
      vertex 4.8 140.071 18.8323
      vertex 4.8 140.057 18.8386
    endloop
  endfacet
  facet normal 1 0 0
    outer loop
      vertex 4.8 139.894 18.8061
      vertex 4.8 140.057 18.8386
      vertex 4.8 140.044 18.8435
    endloop
  endfacet
  facet normal 1 0 0
    outer loop
      vertex 4.8 139.894 18.8061
      vertex 4.8 140.044 18.8435
      vertex 4.8 140.029 18.8471
    endloop
  endfacet
  facet normal 1 0 0
    outer loop
      vertex 4.8 139.894 18.8061
      vertex 4.8 140.029 18.8471
      vertex 4.8 140.015 18.8493
    endloop
  endfacet
  facet normal 1 0 0
    outer loop
      vertex 4.8 139.894 18.8061
      vertex 4.8 140.015 18.8493
      vertex 4.8 140 18.85
    endloop
  endfacet
  facet normal 1 0 0
    outer loop
      vertex 4.8 142.121 16.6213
      vertex 4.8 137.879 16.6213
      vertex 4.8 140.294 11.5144
    endloop
  endfacet
  facet normal 1 0 0
    outer loop
      vertex 4.8 139.894 18.8061
      vertex 4.8 140 18.85
      vertex 4.8 139.985 18.8493
    endloop
  endfacet
  facet normal 1 0 0
    outer loop
      vertex 4.8 139.894 18.8061
      vertex 4.8 139.985 18.8493
      vertex 4.8 139.971 18.8471
    endloop
  endfacet
  facet normal 1 0 0
    outer loop
      vertex 4.8 139.894 18.8061
      vertex 4.8 139.971 18.8471
      vertex 4.8 139.956 18.8435
    endloop
  endfacet
  facet normal 1 0 0
    outer loop
      vertex 4.8 139.894 18.8061
      vertex 4.8 139.956 18.8435
      vertex 4.8 139.943 18.8386
    endloop
  endfacet
  facet normal 1 0 0
    outer loop
      vertex 4.8 139.894 18.8061
      vertex 4.8 139.943 18.8386
      vertex 4.8 139.929 18.8323
    endloop
  endfacet
  facet normal 1 0 0
    outer loop
      vertex 4.8 139.894 18.8061
      vertex 4.8 139.929 18.8323
      vertex 4.8 139.917 18.8247
    endloop
  endfacet
  facet normal 1 0 0
    outer loop
      vertex 4.8 139.894 18.8061
      vertex 4.8 139.917 18.8247
      vertex 4.8 139.905 18.816
    endloop
  endfacet
  facet normal 1 0 0
    outer loop
      vertex 4.8 140.106 18.8061
      vertex 4.8 139.894 18.8061
      vertex 4.8 137.879 16.6213
    endloop
  endfacet
  facet normal 1 0 0
    outer loop
      vertex 4.8 140.294 11.5144
      vertex 4.8 137.879 16.6213
      vertex 4.8 140 11.5
    endloop
  endfacet
  facet normal 1 0 0
    outer loop
      vertex 4.8 140 11.5
      vertex 4.8 137.879 16.6213
      vertex 4.8 139.706 11.5144
    endloop
  endfacet
  facet normal 1 0 0
    outer loop
      vertex 4.8 139.706 11.5144
      vertex 4.8 137.879 16.6213
      vertex 4.8 139.415 11.5576
    endloop
  endfacet
  facet normal 1 0 0
    outer loop
      vertex 4.8 139.415 11.5576
      vertex 4.8 137.879 16.6213
      vertex 4.8 139.129 11.6292
    endloop
  endfacet
  facet normal 1 0 0
    outer loop
      vertex 4.8 139.129 11.6292
      vertex 4.8 137.879 16.6213
      vertex 4.8 138.852 11.7284
    endloop
  endfacet
  facet normal 1 0 0
    outer loop
      vertex 4.8 138.852 11.7284
      vertex 4.8 137.879 16.6213
      vertex 4.8 138.586 11.8542
    endloop
  endfacet
  facet normal 1 0 0
    outer loop
      vertex 4.8 138.586 11.8542
      vertex 4.8 137.879 16.6213
      vertex 4.8 138.333 12.0056
    endloop
  endfacet
  facet normal 1 0 0
    outer loop
      vertex 4.8 138.333 12.0056
      vertex 4.8 137.879 16.6213
      vertex 4.8 138.097 12.181
    endloop
  endfacet
  facet normal 1 0 0
    outer loop
      vertex 4.8 137.879 16.6213
      vertex 4.8 137.879 12.3787
      vertex 4.8 138.097 12.181
    endloop
  endfacet
  facet normal 1 -0 0
    outer loop
      vertex 4.8 137.681 16.4032
      vertex 4.8 137.879 12.3787
      vertex 4.8 137.879 16.6213
    endloop
  endfacet
  facet normal 1 0 0
    outer loop
      vertex 4.8 137.681 16.4032
      vertex 4.8 137.681 12.5968
      vertex 4.8 137.879 12.3787
    endloop
  endfacet
  facet normal 1 -0 0
    outer loop
      vertex 4.8 137.506 16.1667
      vertex 4.8 137.681 12.5968
      vertex 4.8 137.681 16.4032
    endloop
  endfacet
  facet normal 1 0 0
    outer loop
      vertex 4.8 137.506 16.1667
      vertex 4.8 137.506 12.8333
      vertex 4.8 137.681 12.5968
    endloop
  endfacet
  facet normal 1 -0 0
    outer loop
      vertex 4.8 137.354 15.9142
      vertex 4.8 137.506 12.8333
      vertex 4.8 137.506 16.1667
    endloop
  endfacet
  facet normal 1 0 0
    outer loop
      vertex 4.8 137.354 15.9142
      vertex 4.8 137.354 13.0858
      vertex 4.8 137.506 12.8333
    endloop
  endfacet
  facet normal 1 -0 0
    outer loop
      vertex 4.8 137.228 15.648
      vertex 4.8 137.354 13.0858
      vertex 4.8 137.354 15.9142
    endloop
  endfacet
  facet normal 1 0 0
    outer loop
      vertex 4.8 137.228 15.648
      vertex 4.8 137.228 13.3519
      vertex 4.8 137.354 13.0858
    endloop
  endfacet
  facet normal 1 -0 0
    outer loop
      vertex 4.8 137.129 15.3709
      vertex 4.8 137.228 13.3519
      vertex 4.8 137.228 15.648
    endloop
  endfacet
  facet normal 1 0 0
    outer loop
      vertex 4.8 137.129 15.3709
      vertex 4.8 137.129 13.6291
      vertex 4.8 137.228 13.3519
    endloop
  endfacet
  facet normal 1 -0 0
    outer loop
      vertex 4.8 137.058 15.0853
      vertex 4.8 137.129 13.6291
      vertex 4.8 137.129 15.3709
    endloop
  endfacet
  facet normal 1 0 0
    outer loop
      vertex 4.8 137.058 15.0853
      vertex 4.8 137.058 13.9147
      vertex 4.8 137.129 13.6291
    endloop
  endfacet
  facet normal 1 -0 0
    outer loop
      vertex 4.8 137.014 14.7941
      vertex 4.8 137.058 13.9147
      vertex 4.8 137.058 15.0853
    endloop
  endfacet
  facet normal 1 0 0
    outer loop
      vertex 4.8 137.014 14.7941
      vertex 4.8 137.014 14.2059
      vertex 4.8 137.058 13.9147
    endloop
  endfacet
  facet normal 1 0 -0
    outer loop
      vertex 4.8 137.014 14.2059
      vertex 4.8 137.014 14.7941
      vertex 4.8 137 14.5
    endloop
  endfacet
  facet normal 0 -0.410365 -0.911922
    outer loop
      vertex 4.8 140.057 18.8386
      vertex 8 140.071 18.8323
      vertex 8 140.057 18.8386
    endloop
  endfacet
  facet normal -0 -0.410365 -0.911922
    outer loop
      vertex 8 140.071 18.8323
      vertex 4.8 140.057 18.8386
      vertex 4.8 140.071 18.8323
    endloop
  endfacet
  facet normal 0 -0.535052 -0.844819
    outer loop
      vertex 4.8 140.071 18.8323
      vertex 8 140.083 18.8247
      vertex 8 140.071 18.8323
    endloop
  endfacet
  facet normal -0 -0.535052 -0.844819
    outer loop
      vertex 8 140.083 18.8247
      vertex 4.8 140.071 18.8323
      vertex 4.8 140.083 18.8247
    endloop
  endfacet
  facet normal 0 -0.0489209 0.998803
    outer loop
      vertex 4.8 140.294 11.5144
      vertex 8 140 11.5
      vertex 8 140.294 11.5144
    endloop
  endfacet
  facet normal 0 -0.0489209 0.998803
    outer loop
      vertex 8 140 11.5
      vertex 4.8 140.294 11.5144
      vertex 4.8 140 11.5
    endloop
  endfacet
  facet normal 0 -0.803858 0.594821
    outer loop
      vertex 4.8 142.319 12.5968
      vertex 8 142.494 12.8333
      vertex 4.8 142.494 12.8333
    endloop
  endfacet
  facet normal 0 -0.803858 0.594821
    outer loop
      vertex 8 142.494 12.8333
      vertex 4.8 142.319 12.5968
      vertex 8 142.319 12.5968
    endloop
  endfacet
  facet normal 0 -0.998869 0.047549
    outer loop
      vertex 4.8 142.986 14.2059
      vertex 8 143 14.5
      vertex 4.8 143 14.5
    endloop
  endfacet
  facet normal 0 -0.998869 0.047549
    outer loop
      vertex 8 143 14.5
      vertex 4.8 142.986 14.2059
      vertex 8 142.986 14.2059
    endloop
  endfacet
  facet normal 0 0.233373 -0.972387
    outer loop
      vertex 4.8 139.956 18.8435
      vertex 8 139.971 18.8471
      vertex 8 139.956 18.8435
    endloop
  endfacet
  facet normal 0 0.233373 -0.972387
    outer loop
      vertex 8 139.971 18.8471
      vertex 4.8 139.956 18.8435
      vertex 4.8 139.971 18.8471
    endloop
  endfacet
  facet normal 0 0.586968 -0.80961
    outer loop
      vertex 4.8 139.905 18.816
      vertex 8 139.917 18.8247
      vertex 8 139.905 18.816
    endloop
  endfacet
  facet normal 0 0.586968 -0.80961
    outer loop
      vertex 8 139.917 18.8247
      vertex 4.8 139.905 18.816
      vertex 4.8 139.917 18.8247
    endloop
  endfacet
  facet normal 0 -0.740401 -0.672166
    outer loop
      vertex 4.8 142.319 16.4032
      vertex 8 142.121 16.6213
      vertex 4.8 142.121 16.6213
    endloop
  endfacet
  facet normal 0 -0.740401 -0.672166
    outer loop
      vertex 8 142.121 16.6213
      vertex 4.8 142.319 16.4032
      vertex 8 142.319 16.4032
    endloop
  endfacet
  facet normal 0 0.735095 -0.677964
    outer loop
      vertex 8 137.879 16.6213
      vertex 4.8 139.894 18.8061
      vertex 8 139.894 18.8061
    endloop
  endfacet
  facet normal 0 0.735095 -0.677964
    outer loop
      vertex 4.8 139.894 18.8061
      vertex 8 137.879 16.6213
      vertex 4.8 137.879 16.6213
    endloop
  endfacet
  facet normal 0 0.988776 -0.149403
    outer loop
      vertex 8 137.014 14.7941
      vertex 4.8 137.058 15.0853
      vertex 8 137.058 15.0853
    endloop
  endfacet
  facet normal 0 0.988776 -0.149403
    outer loop
      vertex 4.8 137.058 15.0853
      vertex 8 137.014 14.7941
      vertex 4.8 137.014 14.7941
    endloop
  endfacet
  facet normal 0 -0.671776 0.740754
    outer loop
      vertex 4.8 142.121 12.3787
      vertex 8 141.903 12.181
      vertex 8 142.121 12.3787
    endloop
  endfacet
  facet normal 0 -0.671776 0.740754
    outer loop
      vertex 8 141.903 12.181
      vertex 4.8 142.121 12.3787
      vertex 4.8 141.903 12.181
    endloop
  endfacet
  facet normal 0 -0.988776 -0.149403
    outer loop
      vertex 4.8 142.986 14.7941
      vertex 8 142.942 15.0853
      vertex 4.8 142.942 15.0853
    endloop
  endfacet
  facet normal 0 -0.988776 -0.149403
    outer loop
      vertex 8 142.942 15.0853
      vertex 4.8 142.986 14.7941
      vertex 8 142.986 14.7941
    endloop
  endfacet
  facet normal 0 -0.242855 0.970063
    outer loop
      vertex 4.8 140.871 11.6292
      vertex 8 140.585 11.5576
      vertex 8 140.871 11.6292
    endloop
  endfacet
  facet normal 0 -0.242855 0.970063
    outer loop
      vertex 8 140.585 11.5576
      vertex 4.8 140.871 11.6292
      vertex 4.8 140.585 11.5576
    endloop
  endfacet
  facet normal -0 0.337154 0.941449
    outer loop
      vertex 4.8 139.129 11.6292
      vertex 8 138.852 11.7284
      vertex 8 139.129 11.6292
    endloop
  endfacet
  facet normal 0 0.337154 0.941449
    outer loop
      vertex 8 138.852 11.7284
      vertex 4.8 139.129 11.6292
      vertex 4.8 138.852 11.7284
    endloop
  endfacet
  facet normal 0 -0.856744 0.515743
    outer loop
      vertex 4.8 142.494 12.8333
      vertex 8 142.646 13.0858
      vertex 4.8 142.646 13.0858
    endloop
  endfacet
  facet normal 0 -0.856744 0.515743
    outer loop
      vertex 8 142.646 13.0858
      vertex 4.8 142.494 12.8333
      vertex 8 142.494 12.8333
    endloop
  endfacet
  facet normal 0 -0.427531 0.904001
    outer loop
      vertex 4.8 141.414 11.8542
      vertex 8 141.148 11.7284
      vertex 8 141.414 11.8542
    endloop
  endfacet
  facet normal 0 -0.427531 0.904001
    outer loop
      vertex 8 141.148 11.7284
      vertex 4.8 141.414 11.8542
      vertex 4.8 141.148 11.7284
    endloop
  endfacet
  facet normal 0 -0.9038 0.427955
    outer loop
      vertex 4.8 142.646 13.0858
      vertex 8 142.772 13.3519
      vertex 4.8 142.772 13.3519
    endloop
  endfacet
  facet normal 0 -0.9038 0.427955
    outer loop
      vertex 8 142.772 13.3519
      vertex 4.8 142.646 13.0858
      vertex 8 142.646 13.0858
    endloop
  endfacet
  facet normal 0 0.998869 -0.047549
    outer loop
      vertex 8 137 14.5
      vertex 4.8 137.014 14.7941
      vertex 8 137.014 14.7941
    endloop
  endfacet
  facet normal 0 0.998869 -0.047549
    outer loop
      vertex 4.8 137.014 14.7941
      vertex 8 137 14.5
      vertex 4.8 137 14.5
    endloop
  endfacet
  facet normal 0 -0.735095 -0.677964
    outer loop
      vertex 4.8 142.121 16.6213
      vertex 8 140.106 18.8061
      vertex 4.8 140.106 18.8061
    endloop
  endfacet
  facet normal 0 -0.735095 -0.677964
    outer loop
      vertex 8 140.106 18.8061
      vertex 4.8 142.121 16.6213
      vertex 8 142.121 16.6213
    endloop
  endfacet
  facet normal -0 0.513498 0.858091
    outer loop
      vertex 4.8 138.586 11.8542
      vertex 8 138.333 12.0056
      vertex 8 138.586 11.8542
    endloop
  endfacet
  facet normal 0 0.513498 0.858091
    outer loop
      vertex 8 138.333 12.0056
      vertex 4.8 138.586 11.8542
      vertex 4.8 138.333 12.0056
    endloop
  endfacet
  facet normal 0 -0.586968 -0.80961
    outer loop
      vertex 4.8 140.083 18.8247
      vertex 8 140.095 18.816
      vertex 8 140.083 18.8247
    endloop
  endfacet
  facet normal -0 -0.586968 -0.80961
    outer loop
      vertex 8 140.095 18.816
      vertex 4.8 140.083 18.8247
      vertex 4.8 140.095 18.816
    endloop
  endfacet
  facet normal 0 0.352701 -0.935736
    outer loop
      vertex 4.8 139.943 18.8386
      vertex 8 139.956 18.8435
      vertex 8 139.943 18.8386
    endloop
  endfacet
  facet normal 0 0.352701 -0.935736
    outer loop
      vertex 8 139.956 18.8435
      vertex 4.8 139.943 18.8386
      vertex 4.8 139.956 18.8435
    endloop
  endfacet
  facet normal 0 0.0466159 -0.998913
    outer loop
      vertex 4.8 139.985 18.8493
      vertex 8 140 18.85
      vertex 8 139.985 18.8493
    endloop
  endfacet
  facet normal 0 0.0466159 -0.998913
    outer loop
      vertex 8 140 18.85
      vertex 4.8 139.985 18.8493
      vertex 4.8 140 18.85
    endloop
  endfacet
  facet normal -0 0.427531 0.904001
    outer loop
      vertex 4.8 138.852 11.7284
      vertex 8 138.586 11.8542
      vertex 8 138.852 11.7284
    endloop
  endfacet
  facet normal 0 0.427531 0.904001
    outer loop
      vertex 8 138.586 11.8542
      vertex 4.8 138.852 11.7284
      vertex 4.8 138.586 11.8542
    endloop
  endfacet
  facet normal 0 -0.903862 -0.427824
    outer loop
      vertex 4.8 142.772 15.648
      vertex 8 142.646 15.9142
      vertex 4.8 142.646 15.9142
    endloop
  endfacet
  facet normal 0 -0.903862 -0.427824
    outer loop
      vertex 8 142.646 15.9142
      vertex 4.8 142.772 15.648
      vertex 8 142.772 15.648
    endloop
  endfacet
  facet normal 0 0.998869 0.047549
    outer loop
      vertex 8 137.014 14.2059
      vertex 4.8 137 14.5
      vertex 8 137 14.5
    endloop
  endfacet
  facet normal 0 0.998869 0.047549
    outer loop
      vertex 4.8 137 14.5
      vertex 8 137.014 14.2059
      vertex 4.8 137.014 14.2059
    endloop
  endfacet
  facet normal 0 0.856744 -0.515743
    outer loop
      vertex 8 137.354 15.9142
      vertex 4.8 137.506 16.1667
      vertex 8 137.506 16.1667
    endloop
  endfacet
  facet normal 0 0.856744 -0.515743
    outer loop
      vertex 4.8 137.506 16.1667
      vertex 8 137.354 15.9142
      vertex 4.8 137.354 15.9142
    endloop
  endfacet
  facet normal 0 -0.233373 -0.972387
    outer loop
      vertex 4.8 140.029 18.8471
      vertex 8 140.044 18.8435
      vertex 8 140.029 18.8471
    endloop
  endfacet
  facet normal -0 -0.233373 -0.972387
    outer loop
      vertex 8 140.044 18.8435
      vertex 4.8 140.029 18.8471
      vertex 4.8 140.044 18.8435
    endloop
  endfacet
  facet normal 0 -0.155238 -0.987877
    outer loop
      vertex 4.8 140.015 18.8493
      vertex 8 140.029 18.8471
      vertex 8 140.015 18.8493
    endloop
  endfacet
  facet normal -0 -0.155238 -0.987877
    outer loop
      vertex 8 140.029 18.8471
      vertex 4.8 140.015 18.8493
      vertex 4.8 140.029 18.8471
    endloop
  endfacet
  facet normal 0 0.803858 0.594821
    outer loop
      vertex 8 137.681 12.5968
      vertex 4.8 137.506 12.8333
      vertex 8 137.506 12.8333
    endloop
  endfacet
  facet normal 0 0.803858 0.594821
    outer loop
      vertex 4.8 137.506 12.8333
      vertex 8 137.681 12.5968
      vertex 4.8 137.681 12.5968
    endloop
  endfacet
  facet normal 0 -0.596512 0.802604
    outer loop
      vertex 4.8 141.903 12.181
      vertex 8 141.667 12.0056
      vertex 8 141.903 12.181
    endloop
  endfacet
  facet normal 0 -0.596512 0.802604
    outer loop
      vertex 8 141.667 12.0056
      vertex 4.8 141.903 12.181
      vertex 4.8 141.667 12.0056
    endloop
  endfacet
  facet normal 0 0.740401 -0.672166
    outer loop
      vertex 8 137.681 16.4032
      vertex 4.8 137.879 16.6213
      vertex 8 137.879 16.6213
    endloop
  endfacet
  facet normal 0 0.740401 -0.672166
    outer loop
      vertex 4.8 137.879 16.6213
      vertex 8 137.681 16.4032
      vertex 4.8 137.681 16.4032
    endloop
  endfacet
  facet normal 0 0.155238 -0.987877
    outer loop
      vertex 4.8 139.971 18.8471
      vertex 8 139.985 18.8493
      vertex 8 139.971 18.8471
    endloop
  endfacet
  facet normal 0 0.155238 -0.987877
    outer loop
      vertex 8 139.985 18.8493
      vertex 4.8 139.971 18.8471
      vertex 4.8 139.985 18.8493
    endloop
  endfacet
  facet normal 0 -0.988776 0.149403
    outer loop
      vertex 4.8 142.942 13.9147
      vertex 8 142.986 14.2059
      vertex 4.8 142.986 14.2059
    endloop
  endfacet
  facet normal 0 -0.988776 0.149403
    outer loop
      vertex 8 142.986 14.2059
      vertex 4.8 142.942 13.9147
      vertex 8 142.942 13.9147
    endloop
  endfacet
  facet normal 0 0.535052 -0.844819
    outer loop
      vertex 4.8 139.917 18.8247
      vertex 8 139.929 18.8323
      vertex 8 139.917 18.8247
    endloop
  endfacet
  facet normal 0 0.535052 -0.844819
    outer loop
      vertex 8 139.929 18.8323
      vertex 4.8 139.917 18.8247
      vertex 4.8 139.929 18.8323
    endloop
  endfacet
  facet normal 0 -0.970461 0.241256
    outer loop
      vertex 4.8 142.871 13.6291
      vertex 8 142.942 13.9147
      vertex 4.8 142.942 13.9147
    endloop
  endfacet
  facet normal 0 -0.970461 0.241256
    outer loop
      vertex 8 142.942 13.9147
      vertex 4.8 142.871 13.6291
      vertex 8 142.871 13.6291
    endloop
  endfacet
  facet normal 0 -0.941703 -0.336444
    outer loop
      vertex 4.8 182.871 15.3709
      vertex 8 182.772 15.648
      vertex 4.8 182.772 15.648
    endloop
  endfacet
  facet normal 0 -0.941703 -0.336444
    outer loop
      vertex 8 182.772 15.648
      vertex 4.8 182.871 15.3709
      vertex 8 182.871 15.3709
    endloop
  endfacet
  facet normal 0 -0.0466159 -0.998913
    outer loop
      vertex 4.8 180 18.85
      vertex 8 180.015 18.8493
      vertex 8 180 18.85
    endloop
  endfacet
  facet normal -0 -0.0466159 -0.998913
    outer loop
      vertex 8 180.015 18.8493
      vertex 4.8 180 18.85
      vertex 4.8 180.015 18.8493
    endloop
  endfacet
  facet normal 0 -0.970461 -0.241256
    outer loop
      vertex 4.8 182.942 15.0853
      vertex 8 182.871 15.3709
      vertex 4.8 182.871 15.3709
    endloop
  endfacet
  facet normal 0 -0.970461 -0.241256
    outer loop
      vertex 8 182.871 15.3709
      vertex 4.8 182.942 15.0853
      vertex 8 182.942 15.0853
    endloop
  endfacet
  facet normal 0 -0.146844 0.98916
    outer loop
      vertex 4.8 180.585 11.5576
      vertex 8 180.294 11.5144
      vertex 8 180.585 11.5576
    endloop
  endfacet
  facet normal 0 -0.146844 0.98916
    outer loop
      vertex 8 180.294 11.5144
      vertex 4.8 180.585 11.5576
      vertex 4.8 180.294 11.5144
    endloop
  endfacet
  facet normal 0 -0.337154 0.941449
    outer loop
      vertex 4.8 181.148 11.7284
      vertex 8 180.871 11.6292
      vertex 8 181.148 11.7284
    endloop
  endfacet
  facet normal 0 -0.337154 0.941449
    outer loop
      vertex 8 180.871 11.6292
      vertex 4.8 181.148 11.7284
      vertex 4.8 180.871 11.6292
    endloop
  endfacet
  facet normal 0 0.803858 -0.594821
    outer loop
      vertex 8 177.506 16.1667
      vertex 4.8 177.681 16.4032
      vertex 8 177.681 16.4032
    endloop
  endfacet
  facet normal 0 0.803858 -0.594821
    outer loop
      vertex 4.8 177.681 16.4032
      vertex 8 177.506 16.1667
      vertex 4.8 177.506 16.1667
    endloop
  endfacet
  facet normal 0 0.410365 -0.911922
    outer loop
      vertex 4.8 179.929 18.8323
      vertex 8 179.943 18.8386
      vertex 8 179.929 18.8323
    endloop
  endfacet
  facet normal 0 0.410365 -0.911922
    outer loop
      vertex 8 179.943 18.8386
      vertex 4.8 179.929 18.8323
      vertex 4.8 179.943 18.8386
    endloop
  endfacet
  facet normal 0 -0.998869 -0.047549
    outer loop
      vertex 4.8 183 14.5
      vertex 8 182.986 14.7941
      vertex 4.8 182.986 14.7941
    endloop
  endfacet
  facet normal 0 -0.998869 -0.047549
    outer loop
      vertex 8 182.986 14.7941
      vertex 4.8 183 14.5
      vertex 8 183 14.5
    endloop
  endfacet
  facet normal 0 0.668965 -0.743294
    outer loop
      vertex 4.8 179.894 18.8061
      vertex 8 179.905 18.816
      vertex 8 179.894 18.8061
    endloop
  endfacet
  facet normal 0 0.668965 -0.743294
    outer loop
      vertex 8 179.905 18.816
      vertex 4.8 179.894 18.8061
      vertex 4.8 179.905 18.816
    endloop
  endfacet
  facet normal 0 0.941703 -0.336444
    outer loop
      vertex 8 177.129 15.3709
      vertex 4.8 177.228 15.648
      vertex 8 177.228 15.648
    endloop
  endfacet
  facet normal 0 0.941703 -0.336444
    outer loop
      vertex 4.8 177.228 15.648
      vertex 8 177.129 15.3709
      vertex 4.8 177.129 15.3709
    endloop
  endfacet
  facet normal 0 0.9038 0.427955
    outer loop
      vertex 8 177.354 13.0858
      vertex 4.8 177.228 13.3519
      vertex 8 177.228 13.3519
    endloop
  endfacet
  facet normal 0 0.9038 0.427955
    outer loop
      vertex 4.8 177.228 13.3519
      vertex 8 177.354 13.0858
      vertex 4.8 177.354 13.0858
    endloop
  endfacet
  facet normal -0 0.242855 0.970063
    outer loop
      vertex 4.8 179.415 11.5576
      vertex 8 179.129 11.6292
      vertex 8 179.415 11.5576
    endloop
  endfacet
  facet normal 0 0.242855 0.970063
    outer loop
      vertex 8 179.129 11.6292
      vertex 4.8 179.415 11.5576
      vertex 4.8 179.129 11.6292
    endloop
  endfacet
  facet normal -0 0.596512 0.802604
    outer loop
      vertex 4.8 178.333 12.0056
      vertex 8 178.097 12.181
      vertex 8 178.333 12.0056
    endloop
  endfacet
  facet normal 0 0.596512 0.802604
    outer loop
      vertex 8 178.097 12.181
      vertex 4.8 178.333 12.0056
      vertex 4.8 178.097 12.181
    endloop
  endfacet
  facet normal 0 -0.856744 -0.515743
    outer loop
      vertex 4.8 182.646 15.9142
      vertex 8 182.494 16.1667
      vertex 4.8 182.494 16.1667
    endloop
  endfacet
  facet normal 0 -0.856744 -0.515743
    outer loop
      vertex 8 182.494 16.1667
      vertex 4.8 182.646 15.9142
      vertex 8 182.646 15.9142
    endloop
  endfacet
  facet normal -0 0.0489209 0.998803
    outer loop
      vertex 4.8 180 11.5
      vertex 8 179.706 11.5144
      vertex 8 180 11.5
    endloop
  endfacet
  facet normal 0 0.0489209 0.998803
    outer loop
      vertex 8 179.706 11.5144
      vertex 4.8 180 11.5
      vertex 4.8 179.706 11.5144
    endloop
  endfacet
  facet normal 0 -0.941742 0.336336
    outer loop
      vertex 4.8 182.772 13.3519
      vertex 8 182.871 13.6291
      vertex 4.8 182.871 13.6291
    endloop
  endfacet
  facet normal 0 -0.941742 0.336336
    outer loop
      vertex 8 182.871 13.6291
      vertex 4.8 182.772 13.3519
      vertex 8 182.772 13.3519
    endloop
  endfacet
  facet normal 0 -0.668965 -0.743294
    outer loop
      vertex 4.8 180.095 18.816
      vertex 8 180.106 18.8061
      vertex 8 180.095 18.816
    endloop
  endfacet
  facet normal -0 -0.668965 -0.743294
    outer loop
      vertex 8 180.106 18.8061
      vertex 4.8 180.095 18.816
      vertex 4.8 180.106 18.8061
    endloop
  endfacet
  facet normal 0 0.970461 0.241256
    outer loop
      vertex 8 177.129 13.6291
      vertex 4.8 177.058 13.9147
      vertex 8 177.058 13.9147
    endloop
  endfacet
  facet normal 0 0.970461 0.241256
    outer loop
      vertex 4.8 177.058 13.9147
      vertex 8 177.129 13.6291
      vertex 4.8 177.129 13.6291
    endloop
  endfacet
  facet normal 0 -0.740401 0.672166
    outer loop
      vertex 4.8 182.121 12.3787
      vertex 8 182.319 12.5968
      vertex 4.8 182.319 12.5968
    endloop
  endfacet
  facet normal 0 -0.740401 0.672166
    outer loop
      vertex 8 182.319 12.5968
      vertex 4.8 182.121 12.3787
      vertex 8 182.121 12.3787
    endloop
  endfacet
  facet normal 0 0.941742 0.336336
    outer loop
      vertex 8 177.228 13.3519
      vertex 4.8 177.129 13.6291
      vertex 8 177.129 13.6291
    endloop
  endfacet
  facet normal 0 0.941742 0.336336
    outer loop
      vertex 4.8 177.129 13.6291
      vertex 8 177.228 13.3519
      vertex 4.8 177.228 13.3519
    endloop
  endfacet
  facet normal 0 -0.352701 -0.935736
    outer loop
      vertex 4.8 180.044 18.8435
      vertex 8 180.057 18.8386
      vertex 8 180.044 18.8435
    endloop
  endfacet
  facet normal -0 -0.352701 -0.935736
    outer loop
      vertex 8 180.057 18.8386
      vertex 4.8 180.044 18.8435
      vertex 4.8 180.057 18.8386
    endloop
  endfacet
  facet normal 0 0.903862 -0.427824
    outer loop
      vertex 8 177.228 15.648
      vertex 4.8 177.354 15.9142
      vertex 8 177.354 15.9142
    endloop
  endfacet
  facet normal 0 0.903862 -0.427824
    outer loop
      vertex 4.8 177.354 15.9142
      vertex 8 177.228 15.648
      vertex 4.8 177.228 15.648
    endloop
  endfacet
  facet normal 0 -0.803858 -0.594821
    outer loop
      vertex 4.8 182.494 16.1667
      vertex 8 182.319 16.4032
      vertex 4.8 182.319 16.4032
    endloop
  endfacet
  facet normal 0 -0.803858 -0.594821
    outer loop
      vertex 8 182.319 16.4032
      vertex 4.8 182.494 16.1667
      vertex 8 182.494 16.1667
    endloop
  endfacet
  facet normal 0 0.856744 0.515743
    outer loop
      vertex 8 177.506 12.8333
      vertex 4.8 177.354 13.0858
      vertex 8 177.354 13.0858
    endloop
  endfacet
  facet normal 0 0.856744 0.515743
    outer loop
      vertex 4.8 177.354 13.0858
      vertex 8 177.506 12.8333
      vertex 4.8 177.506 12.8333
    endloop
  endfacet
  facet normal -0 0.146844 0.98916
    outer loop
      vertex 4.8 179.706 11.5144
      vertex 8 179.415 11.5576
      vertex 8 179.706 11.5144
    endloop
  endfacet
  facet normal 0 0.146844 0.98916
    outer loop
      vertex 8 179.415 11.5576
      vertex 4.8 179.706 11.5144
      vertex 4.8 179.415 11.5576
    endloop
  endfacet
  facet normal 0 0.740401 0.672166
    outer loop
      vertex 8 177.879 12.3787
      vertex 4.8 177.681 12.5968
      vertex 8 177.681 12.5968
    endloop
  endfacet
  facet normal 0 0.740401 0.672166
    outer loop
      vertex 4.8 177.681 12.5968
      vertex 8 177.879 12.3787
      vertex 4.8 177.879 12.3787
    endloop
  endfacet
  facet normal 0 0.970461 -0.241256
    outer loop
      vertex 8 177.058 15.0853
      vertex 4.8 177.129 15.3709
      vertex 8 177.129 15.3709
    endloop
  endfacet
  facet normal 0 0.970461 -0.241256
    outer loop
      vertex 4.8 177.129 15.3709
      vertex 8 177.058 15.0853
      vertex 4.8 177.058 15.0853
    endloop
  endfacet
  facet normal -0 0.671776 0.740754
    outer loop
      vertex 4.8 178.097 12.181
      vertex 8 177.879 12.3787
      vertex 8 178.097 12.181
    endloop
  endfacet
  facet normal 0 0.671776 0.740754
    outer loop
      vertex 8 177.879 12.3787
      vertex 4.8 178.097 12.181
      vertex 4.8 177.879 12.3787
    endloop
  endfacet
  facet normal 0 -0.513498 0.858091
    outer loop
      vertex 4.8 181.667 12.0056
      vertex 8 181.414 11.8542
      vertex 8 181.667 12.0056
    endloop
  endfacet
  facet normal 0 -0.513498 0.858091
    outer loop
      vertex 8 181.414 11.8542
      vertex 4.8 181.667 12.0056
      vertex 4.8 181.414 11.8542
    endloop
  endfacet
  facet normal 1 0 0
    outer loop
      vertex 4.8 182.986 14.7941
      vertex 4.8 182.986 14.2059
      vertex 4.8 183 14.5
    endloop
  endfacet
  facet normal 1 0 0
    outer loop
      vertex 4.8 182.942 15.0853
      vertex 4.8 182.986 14.2059
      vertex 4.8 182.986 14.7941
    endloop
  endfacet
  facet normal 1 0 0
    outer loop
      vertex 4.8 182.942 15.0853
      vertex 4.8 182.942 13.9147
      vertex 4.8 182.986 14.2059
    endloop
  endfacet
  facet normal 1 0 0
    outer loop
      vertex 4.8 182.871 15.3709
      vertex 4.8 182.942 13.9147
      vertex 4.8 182.942 15.0853
    endloop
  endfacet
  facet normal 1 0 0
    outer loop
      vertex 4.8 182.871 15.3709
      vertex 4.8 182.871 13.6291
      vertex 4.8 182.942 13.9147
    endloop
  endfacet
  facet normal 1 0 0
    outer loop
      vertex 4.8 182.772 15.648
      vertex 4.8 182.871 13.6291
      vertex 4.8 182.871 15.3709
    endloop
  endfacet
  facet normal 1 0 0
    outer loop
      vertex 4.8 182.772 15.648
      vertex 4.8 182.772 13.3519
      vertex 4.8 182.871 13.6291
    endloop
  endfacet
  facet normal 1 0 0
    outer loop
      vertex 4.8 182.646 15.9142
      vertex 4.8 182.772 13.3519
      vertex 4.8 182.772 15.648
    endloop
  endfacet
  facet normal 1 0 0
    outer loop
      vertex 4.8 182.646 15.9142
      vertex 4.8 182.646 13.0858
      vertex 4.8 182.772 13.3519
    endloop
  endfacet
  facet normal 1 0 0
    outer loop
      vertex 4.8 182.494 16.1667
      vertex 4.8 182.646 13.0858
      vertex 4.8 182.646 15.9142
    endloop
  endfacet
  facet normal 1 0 0
    outer loop
      vertex 4.8 182.494 16.1667
      vertex 4.8 182.494 12.8333
      vertex 4.8 182.646 13.0858
    endloop
  endfacet
  facet normal 1 0 0
    outer loop
      vertex 4.8 182.319 16.4032
      vertex 4.8 182.494 12.8333
      vertex 4.8 182.494 16.1667
    endloop
  endfacet
  facet normal 1 0 0
    outer loop
      vertex 4.8 182.319 16.4032
      vertex 4.8 182.319 12.5968
      vertex 4.8 182.494 12.8333
    endloop
  endfacet
  facet normal 1 0 0
    outer loop
      vertex 4.8 182.121 16.6213
      vertex 4.8 182.319 12.5968
      vertex 4.8 182.319 16.4032
    endloop
  endfacet
  facet normal 1 0 0
    outer loop
      vertex 4.8 182.121 16.6213
      vertex 4.8 182.121 12.3787
      vertex 4.8 182.319 12.5968
    endloop
  endfacet
  facet normal 1 0 0
    outer loop
      vertex 4.8 182.121 16.6213
      vertex 4.8 181.903 12.181
      vertex 4.8 182.121 12.3787
    endloop
  endfacet
  facet normal 1 0 0
    outer loop
      vertex 4.8 182.121 16.6213
      vertex 4.8 181.667 12.0056
      vertex 4.8 181.903 12.181
    endloop
  endfacet
  facet normal 1 0 0
    outer loop
      vertex 4.8 182.121 16.6213
      vertex 4.8 181.414 11.8542
      vertex 4.8 181.667 12.0056
    endloop
  endfacet
  facet normal 1 0 0
    outer loop
      vertex 4.8 182.121 16.6213
      vertex 4.8 181.148 11.7284
      vertex 4.8 181.414 11.8542
    endloop
  endfacet
  facet normal 1 0 0
    outer loop
      vertex 4.8 182.121 16.6213
      vertex 4.8 180.871 11.6292
      vertex 4.8 181.148 11.7284
    endloop
  endfacet
  facet normal 1 0 0
    outer loop
      vertex 4.8 182.121 16.6213
      vertex 4.8 180.585 11.5576
      vertex 4.8 180.871 11.6292
    endloop
  endfacet
  facet normal 1 0 0
    outer loop
      vertex 4.8 182.121 16.6213
      vertex 4.8 180.294 11.5144
      vertex 4.8 180.585 11.5576
    endloop
  endfacet
  facet normal 1 0 0
    outer loop
      vertex 4.8 177.879 16.6213
      vertex 4.8 182.121 16.6213
      vertex 4.8 180.106 18.8061
    endloop
  endfacet
  facet normal 1 0 0
    outer loop
      vertex 4.8 179.894 18.8061
      vertex 4.8 180.106 18.8061
      vertex 4.8 180.095 18.816
    endloop
  endfacet
  facet normal 1 0 0
    outer loop
      vertex 4.8 179.894 18.8061
      vertex 4.8 180.095 18.816
      vertex 4.8 180.083 18.8247
    endloop
  endfacet
  facet normal 1 0 0
    outer loop
      vertex 4.8 179.894 18.8061
      vertex 4.8 180.083 18.8247
      vertex 4.8 180.071 18.8323
    endloop
  endfacet
  facet normal 1 0 0
    outer loop
      vertex 4.8 179.894 18.8061
      vertex 4.8 180.071 18.8323
      vertex 4.8 180.057 18.8386
    endloop
  endfacet
  facet normal 1 0 0
    outer loop
      vertex 4.8 179.894 18.8061
      vertex 4.8 180.057 18.8386
      vertex 4.8 180.044 18.8435
    endloop
  endfacet
  facet normal 1 0 0
    outer loop
      vertex 4.8 179.894 18.8061
      vertex 4.8 180.044 18.8435
      vertex 4.8 180.029 18.8471
    endloop
  endfacet
  facet normal 1 0 0
    outer loop
      vertex 4.8 179.894 18.8061
      vertex 4.8 180.029 18.8471
      vertex 4.8 180.015 18.8493
    endloop
  endfacet
  facet normal 1 0 0
    outer loop
      vertex 4.8 179.894 18.8061
      vertex 4.8 180.015 18.8493
      vertex 4.8 180 18.85
    endloop
  endfacet
  facet normal 1 0 0
    outer loop
      vertex 4.8 182.121 16.6213
      vertex 4.8 177.879 16.6213
      vertex 4.8 180.294 11.5144
    endloop
  endfacet
  facet normal 1 0 0
    outer loop
      vertex 4.8 179.894 18.8061
      vertex 4.8 180 18.85
      vertex 4.8 179.985 18.8493
    endloop
  endfacet
  facet normal 1 0 0
    outer loop
      vertex 4.8 179.894 18.8061
      vertex 4.8 179.985 18.8493
      vertex 4.8 179.971 18.8471
    endloop
  endfacet
  facet normal 1 0 0
    outer loop
      vertex 4.8 179.894 18.8061
      vertex 4.8 179.971 18.8471
      vertex 4.8 179.956 18.8435
    endloop
  endfacet
  facet normal 1 0 0
    outer loop
      vertex 4.8 179.894 18.8061
      vertex 4.8 179.956 18.8435
      vertex 4.8 179.943 18.8386
    endloop
  endfacet
  facet normal 1 0 0
    outer loop
      vertex 4.8 179.894 18.8061
      vertex 4.8 179.943 18.8386
      vertex 4.8 179.929 18.8323
    endloop
  endfacet
  facet normal 1 0 0
    outer loop
      vertex 4.8 179.894 18.8061
      vertex 4.8 179.929 18.8323
      vertex 4.8 179.917 18.8247
    endloop
  endfacet
  facet normal 1 0 0
    outer loop
      vertex 4.8 179.894 18.8061
      vertex 4.8 179.917 18.8247
      vertex 4.8 179.905 18.816
    endloop
  endfacet
  facet normal 1 0 0
    outer loop
      vertex 4.8 180.106 18.8061
      vertex 4.8 179.894 18.8061
      vertex 4.8 177.879 16.6213
    endloop
  endfacet
  facet normal 1 0 0
    outer loop
      vertex 4.8 180.294 11.5144
      vertex 4.8 177.879 16.6213
      vertex 4.8 180 11.5
    endloop
  endfacet
  facet normal 1 0 0
    outer loop
      vertex 4.8 180 11.5
      vertex 4.8 177.879 16.6213
      vertex 4.8 179.706 11.5144
    endloop
  endfacet
  facet normal 1 0 0
    outer loop
      vertex 4.8 179.706 11.5144
      vertex 4.8 177.879 16.6213
      vertex 4.8 179.415 11.5576
    endloop
  endfacet
  facet normal 1 0 0
    outer loop
      vertex 4.8 179.415 11.5576
      vertex 4.8 177.879 16.6213
      vertex 4.8 179.129 11.6292
    endloop
  endfacet
  facet normal 1 0 0
    outer loop
      vertex 4.8 179.129 11.6292
      vertex 4.8 177.879 16.6213
      vertex 4.8 178.852 11.7284
    endloop
  endfacet
  facet normal 1 0 0
    outer loop
      vertex 4.8 178.852 11.7284
      vertex 4.8 177.879 16.6213
      vertex 4.8 178.586 11.8542
    endloop
  endfacet
  facet normal 1 0 0
    outer loop
      vertex 4.8 178.586 11.8542
      vertex 4.8 177.879 16.6213
      vertex 4.8 178.333 12.0056
    endloop
  endfacet
  facet normal 1 0 0
    outer loop
      vertex 4.8 178.333 12.0056
      vertex 4.8 177.879 16.6213
      vertex 4.8 178.097 12.181
    endloop
  endfacet
  facet normal 1 0 0
    outer loop
      vertex 4.8 177.879 16.6213
      vertex 4.8 177.879 12.3787
      vertex 4.8 178.097 12.181
    endloop
  endfacet
  facet normal 1 -0 0
    outer loop
      vertex 4.8 177.681 16.4032
      vertex 4.8 177.879 12.3787
      vertex 4.8 177.879 16.6213
    endloop
  endfacet
  facet normal 1 0 0
    outer loop
      vertex 4.8 177.681 16.4032
      vertex 4.8 177.681 12.5968
      vertex 4.8 177.879 12.3787
    endloop
  endfacet
  facet normal 1 -0 0
    outer loop
      vertex 4.8 177.506 16.1667
      vertex 4.8 177.681 12.5968
      vertex 4.8 177.681 16.4032
    endloop
  endfacet
  facet normal 1 0 0
    outer loop
      vertex 4.8 177.506 16.1667
      vertex 4.8 177.506 12.8333
      vertex 4.8 177.681 12.5968
    endloop
  endfacet
  facet normal 1 -0 0
    outer loop
      vertex 4.8 177.354 15.9142
      vertex 4.8 177.506 12.8333
      vertex 4.8 177.506 16.1667
    endloop
  endfacet
  facet normal 1 0 0
    outer loop
      vertex 4.8 177.354 15.9142
      vertex 4.8 177.354 13.0858
      vertex 4.8 177.506 12.8333
    endloop
  endfacet
  facet normal 1 -0 0
    outer loop
      vertex 4.8 177.228 15.648
      vertex 4.8 177.354 13.0858
      vertex 4.8 177.354 15.9142
    endloop
  endfacet
  facet normal 1 0 0
    outer loop
      vertex 4.8 177.228 15.648
      vertex 4.8 177.228 13.3519
      vertex 4.8 177.354 13.0858
    endloop
  endfacet
  facet normal 1 -0 0
    outer loop
      vertex 4.8 177.129 15.3709
      vertex 4.8 177.228 13.3519
      vertex 4.8 177.228 15.648
    endloop
  endfacet
  facet normal 1 0 0
    outer loop
      vertex 4.8 177.129 15.3709
      vertex 4.8 177.129 13.6291
      vertex 4.8 177.228 13.3519
    endloop
  endfacet
  facet normal 1 -0 0
    outer loop
      vertex 4.8 177.058 15.0853
      vertex 4.8 177.129 13.6291
      vertex 4.8 177.129 15.3709
    endloop
  endfacet
  facet normal 1 0 0
    outer loop
      vertex 4.8 177.058 15.0853
      vertex 4.8 177.058 13.9147
      vertex 4.8 177.129 13.6291
    endloop
  endfacet
  facet normal 1 -0 0
    outer loop
      vertex 4.8 177.014 14.7941
      vertex 4.8 177.058 13.9147
      vertex 4.8 177.058 15.0853
    endloop
  endfacet
  facet normal 1 0 0
    outer loop
      vertex 4.8 177.014 14.7941
      vertex 4.8 177.014 14.2059
      vertex 4.8 177.058 13.9147
    endloop
  endfacet
  facet normal 1 0 -0
    outer loop
      vertex 4.8 177.014 14.2059
      vertex 4.8 177.014 14.7941
      vertex 4.8 177 14.5
    endloop
  endfacet
  facet normal 0 -0.410365 -0.911922
    outer loop
      vertex 4.8 180.057 18.8386
      vertex 8 180.071 18.8323
      vertex 8 180.057 18.8386
    endloop
  endfacet
  facet normal -0 -0.410365 -0.911922
    outer loop
      vertex 8 180.071 18.8323
      vertex 4.8 180.057 18.8386
      vertex 4.8 180.071 18.8323
    endloop
  endfacet
  facet normal 0 -0.535052 -0.844819
    outer loop
      vertex 4.8 180.071 18.8323
      vertex 8 180.083 18.8247
      vertex 8 180.071 18.8323
    endloop
  endfacet
  facet normal -0 -0.535052 -0.844819
    outer loop
      vertex 8 180.083 18.8247
      vertex 4.8 180.071 18.8323
      vertex 4.8 180.083 18.8247
    endloop
  endfacet
  facet normal 0 -0.0489209 0.998803
    outer loop
      vertex 4.8 180.294 11.5144
      vertex 8 180 11.5
      vertex 8 180.294 11.5144
    endloop
  endfacet
  facet normal 0 -0.0489209 0.998803
    outer loop
      vertex 8 180 11.5
      vertex 4.8 180.294 11.5144
      vertex 4.8 180 11.5
    endloop
  endfacet
  facet normal 0 -0.803858 0.594821
    outer loop
      vertex 4.8 182.319 12.5968
      vertex 8 182.494 12.8333
      vertex 4.8 182.494 12.8333
    endloop
  endfacet
  facet normal 0 -0.803858 0.594821
    outer loop
      vertex 8 182.494 12.8333
      vertex 4.8 182.319 12.5968
      vertex 8 182.319 12.5968
    endloop
  endfacet
  facet normal 0 -0.998869 0.047549
    outer loop
      vertex 4.8 182.986 14.2059
      vertex 8 183 14.5
      vertex 4.8 183 14.5
    endloop
  endfacet
  facet normal 0 -0.998869 0.047549
    outer loop
      vertex 8 183 14.5
      vertex 4.8 182.986 14.2059
      vertex 8 182.986 14.2059
    endloop
  endfacet
  facet normal 0 0.233373 -0.972387
    outer loop
      vertex 4.8 179.956 18.8435
      vertex 8 179.971 18.8471
      vertex 8 179.956 18.8435
    endloop
  endfacet
  facet normal 0 0.233373 -0.972387
    outer loop
      vertex 8 179.971 18.8471
      vertex 4.8 179.956 18.8435
      vertex 4.8 179.971 18.8471
    endloop
  endfacet
  facet normal 0 0.586968 -0.80961
    outer loop
      vertex 4.8 179.905 18.816
      vertex 8 179.917 18.8247
      vertex 8 179.905 18.816
    endloop
  endfacet
  facet normal 0 0.586968 -0.80961
    outer loop
      vertex 8 179.917 18.8247
      vertex 4.8 179.905 18.816
      vertex 4.8 179.917 18.8247
    endloop
  endfacet
  facet normal 0 -0.740401 -0.672166
    outer loop
      vertex 4.8 182.319 16.4032
      vertex 8 182.121 16.6213
      vertex 4.8 182.121 16.6213
    endloop
  endfacet
  facet normal 0 -0.740401 -0.672166
    outer loop
      vertex 8 182.121 16.6213
      vertex 4.8 182.319 16.4032
      vertex 8 182.319 16.4032
    endloop
  endfacet
  facet normal 0 0.735095 -0.677964
    outer loop
      vertex 8 177.879 16.6213
      vertex 4.8 179.894 18.8061
      vertex 8 179.894 18.8061
    endloop
  endfacet
  facet normal 0 0.735095 -0.677964
    outer loop
      vertex 4.8 179.894 18.8061
      vertex 8 177.879 16.6213
      vertex 4.8 177.879 16.6213
    endloop
  endfacet
  facet normal 0 0.988776 -0.149403
    outer loop
      vertex 8 177.014 14.7941
      vertex 4.8 177.058 15.0853
      vertex 8 177.058 15.0853
    endloop
  endfacet
  facet normal 0 0.988776 -0.149403
    outer loop
      vertex 4.8 177.058 15.0853
      vertex 8 177.014 14.7941
      vertex 4.8 177.014 14.7941
    endloop
  endfacet
  facet normal 0 -0.671776 0.740754
    outer loop
      vertex 4.8 182.121 12.3787
      vertex 8 181.903 12.181
      vertex 8 182.121 12.3787
    endloop
  endfacet
  facet normal 0 -0.671776 0.740754
    outer loop
      vertex 8 181.903 12.181
      vertex 4.8 182.121 12.3787
      vertex 4.8 181.903 12.181
    endloop
  endfacet
  facet normal 0 -0.988776 -0.149403
    outer loop
      vertex 4.8 182.986 14.7941
      vertex 8 182.942 15.0853
      vertex 4.8 182.942 15.0853
    endloop
  endfacet
  facet normal 0 -0.988776 -0.149403
    outer loop
      vertex 8 182.942 15.0853
      vertex 4.8 182.986 14.7941
      vertex 8 182.986 14.7941
    endloop
  endfacet
  facet normal 0 -0.242855 0.970063
    outer loop
      vertex 4.8 180.871 11.6292
      vertex 8 180.585 11.5576
      vertex 8 180.871 11.6292
    endloop
  endfacet
  facet normal 0 -0.242855 0.970063
    outer loop
      vertex 8 180.585 11.5576
      vertex 4.8 180.871 11.6292
      vertex 4.8 180.585 11.5576
    endloop
  endfacet
  facet normal -0 0.337154 0.941449
    outer loop
      vertex 4.8 179.129 11.6292
      vertex 8 178.852 11.7284
      vertex 8 179.129 11.6292
    endloop
  endfacet
  facet normal 0 0.337154 0.941449
    outer loop
      vertex 8 178.852 11.7284
      vertex 4.8 179.129 11.6292
      vertex 4.8 178.852 11.7284
    endloop
  endfacet
  facet normal 0 -0.856744 0.515743
    outer loop
      vertex 4.8 182.494 12.8333
      vertex 8 182.646 13.0858
      vertex 4.8 182.646 13.0858
    endloop
  endfacet
  facet normal 0 -0.856744 0.515743
    outer loop
      vertex 8 182.646 13.0858
      vertex 4.8 182.494 12.8333
      vertex 8 182.494 12.8333
    endloop
  endfacet
  facet normal 0 -0.427531 0.904001
    outer loop
      vertex 4.8 181.414 11.8542
      vertex 8 181.148 11.7284
      vertex 8 181.414 11.8542
    endloop
  endfacet
  facet normal 0 -0.427531 0.904001
    outer loop
      vertex 8 181.148 11.7284
      vertex 4.8 181.414 11.8542
      vertex 4.8 181.148 11.7284
    endloop
  endfacet
  facet normal 0 -0.9038 0.427955
    outer loop
      vertex 4.8 182.646 13.0858
      vertex 8 182.772 13.3519
      vertex 4.8 182.772 13.3519
    endloop
  endfacet
  facet normal 0 -0.9038 0.427955
    outer loop
      vertex 8 182.772 13.3519
      vertex 4.8 182.646 13.0858
      vertex 8 182.646 13.0858
    endloop
  endfacet
  facet normal 0 0.998869 -0.047549
    outer loop
      vertex 8 177 14.5
      vertex 4.8 177.014 14.7941
      vertex 8 177.014 14.7941
    endloop
  endfacet
  facet normal 0 0.998869 -0.047549
    outer loop
      vertex 4.8 177.014 14.7941
      vertex 8 177 14.5
      vertex 4.8 177 14.5
    endloop
  endfacet
  facet normal 0 -0.735095 -0.677964
    outer loop
      vertex 4.8 182.121 16.6213
      vertex 8 180.106 18.8061
      vertex 4.8 180.106 18.8061
    endloop
  endfacet
  facet normal 0 -0.735095 -0.677964
    outer loop
      vertex 8 180.106 18.8061
      vertex 4.8 182.121 16.6213
      vertex 8 182.121 16.6213
    endloop
  endfacet
  facet normal -0 0.513498 0.858091
    outer loop
      vertex 4.8 178.586 11.8542
      vertex 8 178.333 12.0056
      vertex 8 178.586 11.8542
    endloop
  endfacet
  facet normal 0 0.513498 0.858091
    outer loop
      vertex 8 178.333 12.0056
      vertex 4.8 178.586 11.8542
      vertex 4.8 178.333 12.0056
    endloop
  endfacet
  facet normal 0 -0.586968 -0.80961
    outer loop
      vertex 4.8 180.083 18.8247
      vertex 8 180.095 18.816
      vertex 8 180.083 18.8247
    endloop
  endfacet
  facet normal -0 -0.586968 -0.80961
    outer loop
      vertex 8 180.095 18.816
      vertex 4.8 180.083 18.8247
      vertex 4.8 180.095 18.816
    endloop
  endfacet
  facet normal 0 0.352701 -0.935736
    outer loop
      vertex 4.8 179.943 18.8386
      vertex 8 179.956 18.8435
      vertex 8 179.943 18.8386
    endloop
  endfacet
  facet normal 0 0.352701 -0.935736
    outer loop
      vertex 8 179.956 18.8435
      vertex 4.8 179.943 18.8386
      vertex 4.8 179.956 18.8435
    endloop
  endfacet
  facet normal 0 0.0466159 -0.998913
    outer loop
      vertex 4.8 179.985 18.8493
      vertex 8 180 18.85
      vertex 8 179.985 18.8493
    endloop
  endfacet
  facet normal 0 0.0466159 -0.998913
    outer loop
      vertex 8 180 18.85
      vertex 4.8 179.985 18.8493
      vertex 4.8 180 18.85
    endloop
  endfacet
  facet normal 0 -0.903862 -0.427824
    outer loop
      vertex 4.8 182.772 15.648
      vertex 8 182.646 15.9142
      vertex 4.8 182.646 15.9142
    endloop
  endfacet
  facet normal 0 -0.903862 -0.427824
    outer loop
      vertex 8 182.646 15.9142
      vertex 4.8 182.772 15.648
      vertex 8 182.772 15.648
    endloop
  endfacet
  facet normal 0 0.998869 0.047549
    outer loop
      vertex 8 177.014 14.2059
      vertex 4.8 177 14.5
      vertex 8 177 14.5
    endloop
  endfacet
  facet normal 0 0.998869 0.047549
    outer loop
      vertex 4.8 177 14.5
      vertex 8 177.014 14.2059
      vertex 4.8 177.014 14.2059
    endloop
  endfacet
  facet normal -0 0.427531 0.904001
    outer loop
      vertex 4.8 178.852 11.7284
      vertex 8 178.586 11.8542
      vertex 8 178.852 11.7284
    endloop
  endfacet
  facet normal 0 0.427531 0.904001
    outer loop
      vertex 8 178.586 11.8542
      vertex 4.8 178.852 11.7284
      vertex 4.8 178.586 11.8542
    endloop
  endfacet
  facet normal 0 0.988776 0.149403
    outer loop
      vertex 8 177.058 13.9147
      vertex 4.8 177.014 14.2059
      vertex 8 177.014 14.2059
    endloop
  endfacet
  facet normal 0 0.988776 0.149403
    outer loop
      vertex 4.8 177.014 14.2059
      vertex 8 177.058 13.9147
      vertex 4.8 177.058 13.9147
    endloop
  endfacet
  facet normal 0 0.856744 -0.515743
    outer loop
      vertex 8 177.354 15.9142
      vertex 4.8 177.506 16.1667
      vertex 8 177.506 16.1667
    endloop
  endfacet
  facet normal 0 0.856744 -0.515743
    outer loop
      vertex 4.8 177.506 16.1667
      vertex 8 177.354 15.9142
      vertex 4.8 177.354 15.9142
    endloop
  endfacet
  facet normal 0 -0.233373 -0.972387
    outer loop
      vertex 4.8 180.029 18.8471
      vertex 8 180.044 18.8435
      vertex 8 180.029 18.8471
    endloop
  endfacet
  facet normal -0 -0.233373 -0.972387
    outer loop
      vertex 8 180.044 18.8435
      vertex 4.8 180.029 18.8471
      vertex 4.8 180.044 18.8435
    endloop
  endfacet
  facet normal 0 -0.155238 -0.987877
    outer loop
      vertex 4.8 180.015 18.8493
      vertex 8 180.029 18.8471
      vertex 8 180.015 18.8493
    endloop
  endfacet
  facet normal -0 -0.155238 -0.987877
    outer loop
      vertex 8 180.029 18.8471
      vertex 4.8 180.015 18.8493
      vertex 4.8 180.029 18.8471
    endloop
  endfacet
  facet normal 0 0.803858 0.594821
    outer loop
      vertex 8 177.681 12.5968
      vertex 4.8 177.506 12.8333
      vertex 8 177.506 12.8333
    endloop
  endfacet
  facet normal 0 0.803858 0.594821
    outer loop
      vertex 4.8 177.506 12.8333
      vertex 8 177.681 12.5968
      vertex 4.8 177.681 12.5968
    endloop
  endfacet
  facet normal 0 -0.596512 0.802604
    outer loop
      vertex 4.8 181.903 12.181
      vertex 8 181.667 12.0056
      vertex 8 181.903 12.181
    endloop
  endfacet
  facet normal 0 -0.596512 0.802604
    outer loop
      vertex 8 181.667 12.0056
      vertex 4.8 181.903 12.181
      vertex 4.8 181.667 12.0056
    endloop
  endfacet
  facet normal 0 0.535052 -0.844819
    outer loop
      vertex 4.8 179.917 18.8247
      vertex 8 179.929 18.8323
      vertex 8 179.917 18.8247
    endloop
  endfacet
  facet normal 0 0.535052 -0.844819
    outer loop
      vertex 8 179.929 18.8323
      vertex 4.8 179.917 18.8247
      vertex 4.8 179.929 18.8323
    endloop
  endfacet
  facet normal 0 0.740401 -0.672166
    outer loop
      vertex 8 177.681 16.4032
      vertex 4.8 177.879 16.6213
      vertex 8 177.879 16.6213
    endloop
  endfacet
  facet normal 0 0.740401 -0.672166
    outer loop
      vertex 4.8 177.879 16.6213
      vertex 8 177.681 16.4032
      vertex 4.8 177.681 16.4032
    endloop
  endfacet
  facet normal 0 0.155238 -0.987877
    outer loop
      vertex 4.8 179.971 18.8471
      vertex 8 179.985 18.8493
      vertex 8 179.971 18.8471
    endloop
  endfacet
  facet normal 0 0.155238 -0.987877
    outer loop
      vertex 8 179.985 18.8493
      vertex 4.8 179.971 18.8471
      vertex 4.8 179.985 18.8493
    endloop
  endfacet
  facet normal 0 -0.988776 0.149403
    outer loop
      vertex 4.8 182.942 13.9147
      vertex 8 182.986 14.2059
      vertex 4.8 182.986 14.2059
    endloop
  endfacet
  facet normal 0 -0.988776 0.149403
    outer loop
      vertex 8 182.986 14.2059
      vertex 4.8 182.942 13.9147
      vertex 8 182.942 13.9147
    endloop
  endfacet
  facet normal 0 -0.970461 0.241256
    outer loop
      vertex 4.8 182.871 13.6291
      vertex 8 182.942 13.9147
      vertex 4.8 182.942 13.9147
    endloop
  endfacet
  facet normal 0 -0.970461 0.241256
    outer loop
      vertex 8 182.942 13.9147
      vertex 4.8 182.871 13.6291
      vertex 8 182.871 13.6291
    endloop
  endfacet
  facet normal 0 -0.941488 -0.337047
    outer loop
      vertex 33 22.8708 15.3709
      vertex 36.2 22.7716 15.648
      vertex 33 22.7716 15.648
    endloop
  endfacet
  facet normal 0 -0.941488 -0.337047
    outer loop
      vertex 36.2 22.7716 15.648
      vertex 33 22.8708 15.3709
      vertex 36.2 22.8708 15.3709
    endloop
  endfacet
  facet normal 0 -0.0475651 -0.998868
    outer loop
      vertex 33 20 18.85
      vertex 36.2 20.0147 18.8493
      vertex 36.2 20 18.85
    endloop
  endfacet
  facet normal -0 -0.0475651 -0.998868
    outer loop
      vertex 36.2 20.0147 18.8493
      vertex 33 20 18.85
      vertex 33 20.0147 18.8493
    endloop
  endfacet
  facet normal 0 -0.969982 -0.243175
    outer loop
      vertex 33 22.9424 15.0853
      vertex 36.2 22.8708 15.3709
      vertex 33 22.8708 15.3709
    endloop
  endfacet
  facet normal 0 -0.969982 -0.243175
    outer loop
      vertex 36.2 22.8708 15.3709
      vertex 33 22.9424 15.0853
      vertex 36.2 22.9424 15.0853
    endloop
  endfacet
  facet normal 0 -0.146746 0.989174
    outer loop
      vertex 33 20.5853 11.5576
      vertex 36.2 20.2941 11.5144
      vertex 36.2 20.5853 11.5576
    endloop
  endfacet
  facet normal 0 -0.146746 0.989174
    outer loop
      vertex 36.2 20.2941 11.5144
      vertex 33 20.5853 11.5576
      vertex 33 20.2941 11.5144
    endloop
  endfacet
  facet normal 0 -0.337047 0.941488
    outer loop
      vertex 33 21.148 11.7284
      vertex 36.2 20.8709 11.6292
      vertex 36.2 21.148 11.7284
    endloop
  endfacet
  facet normal 0 -0.337047 0.941488
    outer loop
      vertex 36.2 20.8709 11.6292
      vertex 33 21.148 11.7284
      vertex 33 20.8709 11.6292
    endloop
  endfacet
  facet normal 0 0.803208 -0.595699
    outer loop
      vertex 36.2 17.5056 16.1667
      vertex 33 17.681 16.4032
      vertex 36.2 17.681 16.4032
    endloop
  endfacet
  facet normal 0 0.803208 -0.595699
    outer loop
      vertex 33 17.681 16.4032
      vertex 36.2 17.5056 16.1667
      vertex 33 17.5056 16.1667
    endloop
  endfacet
  facet normal 0 0.428086 -0.903738
    outer loop
      vertex 33 19.9293 18.8323
      vertex 36.2 19.9426 18.8386
      vertex 36.2 19.9293 18.8323
    endloop
  endfacet
  facet normal 0 0.428086 -0.903738
    outer loop
      vertex 36.2 19.9426 18.8386
      vertex 33 19.9293 18.8323
      vertex 33 19.9426 18.8386
    endloop
  endfacet
  facet normal 0 -0.998803 -0.0489044
    outer loop
      vertex 33 23 14.5
      vertex 36.2 22.9856 14.7941
      vertex 33 22.9856 14.7941
    endloop
  endfacet
  facet normal 0 -0.998803 -0.0489044
    outer loop
      vertex 36.2 22.9856 14.7941
      vertex 33 23 14.5
      vertex 36.2 23 14.5
    endloop
  endfacet
  facet normal 0 0.941488 -0.337047
    outer loop
      vertex 36.2 17.1292 15.3709
      vertex 33 17.2284 15.648
      vertex 36.2 17.2284 15.648
    endloop
  endfacet
  facet normal 0 0.941488 -0.337047
    outer loop
      vertex 33 17.2284 15.648
      vertex 36.2 17.1292 15.3709
      vertex 33 17.1292 15.3709
    endloop
  endfacet
  facet normal 0 0.904063 0.4274
    outer loop
      vertex 36.2 17.3542 13.0858
      vertex 33 17.2284 13.3519
      vertex 36.2 17.2284 13.3519
    endloop
  endfacet
  facet normal 0 0.904063 0.4274
    outer loop
      vertex 33 17.2284 13.3519
      vertex 36.2 17.3542 13.0858
      vertex 33 17.3542 13.0858
    endloop
  endfacet
  facet normal -0 0.243175 0.969982
    outer loop
      vertex 33 19.4147 11.5576
      vertex 36.2 19.1291 11.6292
      vertex 36.2 19.4147 11.5576
    endloop
  endfacet
  facet normal 0 0.243175 0.969982
    outer loop
      vertex 36.2 19.1291 11.6292
      vertex 33 19.4147 11.5576
      vertex 33 19.1291 11.6292
    endloop
  endfacet
  facet normal -0 0.595699 0.803208
    outer loop
      vertex 33 18.3333 12.0056
      vertex 36.2 18.0968 12.181
      vertex 36.2 18.3333 12.0056
    endloop
  endfacet
  facet normal 0 0.595699 0.803208
    outer loop
      vertex 36.2 18.0968 12.181
      vertex 33 18.3333 12.0056
      vertex 33 18.0968 12.181
    endloop
  endfacet
  facet normal 0 -0.857643 -0.514246
    outer loop
      vertex 33 22.6458 15.9142
      vertex 36.2 22.4944 16.1667
      vertex 33 22.4944 16.1667
    endloop
  endfacet
  facet normal 0 -0.857643 -0.514246
    outer loop
      vertex 36.2 22.4944 16.1667
      vertex 33 22.6458 15.9142
      vertex 36.2 22.6458 15.9142
    endloop
  endfacet
  facet normal -0 0.0489044 0.998803
    outer loop
      vertex 33 20 11.5
      vertex 36.2 19.7059 11.5144
      vertex 36.2 20 11.5
    endloop
  endfacet
  facet normal 0 0.0489044 0.998803
    outer loop
      vertex 36.2 19.7059 11.5144
      vertex 33 20 11.5
      vertex 33 19.7059 11.5144
    endloop
  endfacet
  facet normal 0 -0.941527 0.336939
    outer loop
      vertex 33 22.7716 13.3519
      vertex 36.2 22.8708 13.6291
      vertex 33 22.8708 13.6291
    endloop
  endfacet
  facet normal 0 -0.941527 0.336939
    outer loop
      vertex 36.2 22.8708 13.6291
      vertex 33 22.7716 13.3519
      vertex 36.2 22.7716 13.3519
    endloop
  endfacet
  facet normal 0 -0.672335 -0.740247
    outer loop
      vertex 33 20.0952 18.816
      vertex 36.2 20.1061 18.8061
      vertex 36.2 20.0952 18.816
    endloop
  endfacet
  facet normal -0 -0.672335 -0.740247
    outer loop
      vertex 36.2 20.1061 18.8061
      vertex 33 20.0952 18.816
      vertex 33 20.1061 18.8061
    endloop
  endfacet
  facet normal 0 0.969982 0.243175
    outer loop
      vertex 36.2 17.1292 13.6291
      vertex 33 17.0576 13.9147
      vertex 36.2 17.0576 13.9147
    endloop
  endfacet
  facet normal 0 0.969982 0.243175
    outer loop
      vertex 33 17.0576 13.9147
      vertex 36.2 17.1292 13.6291
      vertex 33 17.1292 13.6291
    endloop
  endfacet
  facet normal 0 -0.740908 0.671607
    outer loop
      vertex 33 22.1213 12.3787
      vertex 36.2 22.319 12.5968
      vertex 33 22.319 12.5968
    endloop
  endfacet
  facet normal 0 -0.740908 0.671607
    outer loop
      vertex 36.2 22.319 12.5968
      vertex 33 22.1213 12.3787
      vertex 36.2 22.1213 12.3787
    endloop
  endfacet
  facet normal 0 0.941527 0.336939
    outer loop
      vertex 36.2 17.2284 13.3519
      vertex 33 17.1292 13.6291
      vertex 36.2 17.1292 13.6291
    endloop
  endfacet
  facet normal 0 0.941527 0.336939
    outer loop
      vertex 33 17.1292 13.6291
      vertex 36.2 17.2284 13.3519
      vertex 33 17.2284 13.3519
    endloop
  endfacet
  facet normal 0 -0.332465 -0.943116
    outer loop
      vertex 33 20.0435 18.8435
      vertex 36.2 20.0574 18.8386
      vertex 36.2 20.0435 18.8435
    endloop
  endfacet
  facet normal -0 -0.332465 -0.943116
    outer loop
      vertex 36.2 20.0574 18.8386
      vertex 33 20.0435 18.8435
      vertex 33 20.0574 18.8386
    endloop
  endfacet
  facet normal 0 0.904125 -0.427269
    outer loop
      vertex 36.2 17.2284 15.648
      vertex 33 17.3542 15.9142
      vertex 36.2 17.3542 15.9142
    endloop
  endfacet
  facet normal 0 0.904125 -0.427269
    outer loop
      vertex 33 17.3542 15.9142
      vertex 36.2 17.2284 15.648
      vertex 33 17.2284 15.648
    endloop
  endfacet
  facet normal 0 -0.803208 -0.595699
    outer loop
      vertex 33 22.4944 16.1667
      vertex 36.2 22.319 16.4032
      vertex 33 22.319 16.4032
    endloop
  endfacet
  facet normal 0 -0.803208 -0.595699
    outer loop
      vertex 36.2 22.319 16.4032
      vertex 33 22.4944 16.1667
      vertex 36.2 22.4944 16.1667
    endloop
  endfacet
  facet normal 0 0.857643 0.514246
    outer loop
      vertex 36.2 17.5056 12.8333
      vertex 33 17.3542 13.0858
      vertex 36.2 17.3542 13.0858
    endloop
  endfacet
  facet normal 0 0.857643 0.514246
    outer loop
      vertex 33 17.3542 13.0858
      vertex 36.2 17.5056 12.8333
      vertex 33 17.5056 12.8333
    endloop
  endfacet
  facet normal -0 0.146746 0.989174
    outer loop
      vertex 33 19.7059 11.5144
      vertex 36.2 19.4147 11.5576
      vertex 36.2 19.7059 11.5144
    endloop
  endfacet
  facet normal 0 0.146746 0.989174
    outer loop
      vertex 36.2 19.4147 11.5576
      vertex 33 19.7059 11.5144
      vertex 33 19.4147 11.5576
    endloop
  endfacet
  facet normal 0 0.740908 0.671607
    outer loop
      vertex 36.2 17.8787 12.3787
      vertex 33 17.681 12.5968
      vertex 36.2 17.681 12.5968
    endloop
  endfacet
  facet normal 0 0.740908 0.671607
    outer loop
      vertex 33 17.681 12.5968
      vertex 36.2 17.8787 12.3787
      vertex 33 17.8787 12.3787
    endloop
  endfacet
  facet normal 0 0.969982 -0.243175
    outer loop
      vertex 36.2 17.0576 15.0853
      vertex 33 17.1292 15.3709
      vertex 36.2 17.1292 15.3709
    endloop
  endfacet
  facet normal 0 0.969982 -0.243175
    outer loop
      vertex 33 17.1292 15.3709
      vertex 36.2 17.0576 15.0853
      vertex 33 17.0576 15.0853
    endloop
  endfacet
  facet normal -0 0.671607 0.740908
    outer loop
      vertex 33 18.0968 12.181
      vertex 36.2 17.8787 12.3787
      vertex 36.2 18.0968 12.181
    endloop
  endfacet
  facet normal 0 0.671607 0.740908
    outer loop
      vertex 36.2 17.8787 12.3787
      vertex 33 18.0968 12.181
      vertex 33 17.8787 12.3787
    endloop
  endfacet
  facet normal 0 -0.514246 0.857643
    outer loop
      vertex 33 21.6667 12.0056
      vertex 36.2 21.4142 11.8542
      vertex 36.2 21.6667 12.0056
    endloop
  endfacet
  facet normal 0 -0.514246 0.857643
    outer loop
      vertex 36.2 21.4142 11.8542
      vertex 33 21.6667 12.0056
      vertex 33 21.4142 11.8542
    endloop
  endfacet
  facet normal -1 0 0
    outer loop
      vertex 36.2 22.9856 14.2059
      vertex 36.2 22.9856 14.7941
      vertex 36.2 23 14.5
    endloop
  endfacet
  facet normal -1 0 0
    outer loop
      vertex 36.2 22.9424 13.9147
      vertex 36.2 22.9856 14.7941
      vertex 36.2 22.9856 14.2059
    endloop
  endfacet
  facet normal -1 0 0
    outer loop
      vertex 36.2 22.9424 13.9147
      vertex 36.2 22.9424 15.0853
      vertex 36.2 22.9856 14.7941
    endloop
  endfacet
  facet normal -1 0 0
    outer loop
      vertex 36.2 22.8708 13.6291
      vertex 36.2 22.9424 15.0853
      vertex 36.2 22.9424 13.9147
    endloop
  endfacet
  facet normal -1 0 0
    outer loop
      vertex 36.2 22.8708 13.6291
      vertex 36.2 22.8708 15.3709
      vertex 36.2 22.9424 15.0853
    endloop
  endfacet
  facet normal -1 0 0
    outer loop
      vertex 36.2 22.7716 13.3519
      vertex 36.2 22.8708 15.3709
      vertex 36.2 22.8708 13.6291
    endloop
  endfacet
  facet normal -1 0 0
    outer loop
      vertex 36.2 22.7716 13.3519
      vertex 36.2 22.7716 15.648
      vertex 36.2 22.8708 15.3709
    endloop
  endfacet
  facet normal -1 0 0
    outer loop
      vertex 36.2 22.6458 13.0858
      vertex 36.2 22.7716 15.648
      vertex 36.2 22.7716 13.3519
    endloop
  endfacet
  facet normal -1 0 0
    outer loop
      vertex 36.2 22.6458 13.0858
      vertex 36.2 22.6458 15.9142
      vertex 36.2 22.7716 15.648
    endloop
  endfacet
  facet normal -1 0 0
    outer loop
      vertex 36.2 22.4944 12.8333
      vertex 36.2 22.6458 15.9142
      vertex 36.2 22.6458 13.0858
    endloop
  endfacet
  facet normal -1 0 0
    outer loop
      vertex 36.2 22.4944 12.8333
      vertex 36.2 22.4944 16.1667
      vertex 36.2 22.6458 15.9142
    endloop
  endfacet
  facet normal -1 0 0
    outer loop
      vertex 36.2 22.319 12.5968
      vertex 36.2 22.4944 16.1667
      vertex 36.2 22.4944 12.8333
    endloop
  endfacet
  facet normal -1 0 0
    outer loop
      vertex 36.2 22.319 12.5968
      vertex 36.2 22.319 16.4032
      vertex 36.2 22.4944 16.1667
    endloop
  endfacet
  facet normal -1 0 0
    outer loop
      vertex 36.2 22.1213 12.3787
      vertex 36.2 22.319 16.4032
      vertex 36.2 22.319 12.5968
    endloop
  endfacet
  facet normal -1 0 0
    outer loop
      vertex 36.2 22.1213 12.3787
      vertex 36.2 22.1213 16.6213
      vertex 36.2 22.319 16.4032
    endloop
  endfacet
  facet normal -1 0 0
    outer loop
      vertex 36.2 21.9032 12.181
      vertex 36.2 22.1213 16.6213
      vertex 36.2 22.1213 12.3787
    endloop
  endfacet
  facet normal -1 0 0
    outer loop
      vertex 36.2 21.6667 12.0056
      vertex 36.2 22.1213 16.6213
      vertex 36.2 21.9032 12.181
    endloop
  endfacet
  facet normal -1 0 0
    outer loop
      vertex 36.2 21.4142 11.8542
      vertex 36.2 22.1213 16.6213
      vertex 36.2 21.6667 12.0056
    endloop
  endfacet
  facet normal -1 0 0
    outer loop
      vertex 36.2 21.148 11.7284
      vertex 36.2 22.1213 16.6213
      vertex 36.2 21.4142 11.8542
    endloop
  endfacet
  facet normal -1 0 0
    outer loop
      vertex 36.2 20.8709 11.6292
      vertex 36.2 22.1213 16.6213
      vertex 36.2 21.148 11.7284
    endloop
  endfacet
  facet normal -1 0 0
    outer loop
      vertex 36.2 20.5853 11.5576
      vertex 36.2 22.1213 16.6213
      vertex 36.2 20.8709 11.6292
    endloop
  endfacet
  facet normal -1 0 0
    outer loop
      vertex 36.2 20.2941 11.5144
      vertex 36.2 22.1213 16.6213
      vertex 36.2 20.5853 11.5576
    endloop
  endfacet
  facet normal -1 0 0
    outer loop
      vertex 36.2 17.8787 16.6213
      vertex 36.2 22.1213 16.6213
      vertex 36.2 20.2941 11.5144
    endloop
  endfacet
  facet normal -1 0 0
    outer loop
      vertex 36.2 22.1213 16.6213
      vertex 36.2 17.8787 16.6213
      vertex 36.2 20.1061 18.8061
    endloop
  endfacet
  facet normal -1 0 -0
    outer loop
      vertex 36.2 19.8939 18.8061
      vertex 36.2 20.1061 18.8061
      vertex 36.2 17.8787 16.6213
    endloop
  endfacet
  facet normal -1 0 0
    outer loop
      vertex 36.2 20.1061 18.8061
      vertex 36.2 19.8939 18.8061
      vertex 36.2 20.0952 18.816
    endloop
  endfacet
  facet normal -1 -0 0
    outer loop
      vertex 36.2 20.0952 18.816
      vertex 36.2 19.8939 18.8061
      vertex 36.2 20.0833 18.8247
    endloop
  endfacet
  facet normal -1 -0 0
    outer loop
      vertex 36.2 20.0833 18.8247
      vertex 36.2 19.8939 18.8061
      vertex 36.2 20.0707 18.8323
    endloop
  endfacet
  facet normal -1 -0 0
    outer loop
      vertex 36.2 20.0707 18.8323
      vertex 36.2 19.8939 18.8061
      vertex 36.2 20.0574 18.8386
    endloop
  endfacet
  facet normal -1 -0 0
    outer loop
      vertex 36.2 20.0574 18.8386
      vertex 36.2 19.8939 18.8061
      vertex 36.2 20.0435 18.8435
    endloop
  endfacet
  facet normal -1 0 0
    outer loop
      vertex 36.2 17.8787 16.6213
      vertex 36.2 20.2941 11.5144
      vertex 36.2 20 11.5
    endloop
  endfacet
  facet normal -1 -0 0
    outer loop
      vertex 36.2 20.0435 18.8435
      vertex 36.2 19.8939 18.8061
      vertex 36.2 20.0293 18.8471
    endloop
  endfacet
  facet normal -1 -0 0
    outer loop
      vertex 36.2 20.0293 18.8471
      vertex 36.2 19.8939 18.8061
      vertex 36.2 20.0147 18.8493
    endloop
  endfacet
  facet normal -1 0 0
    outer loop
      vertex 36.2 20 18.85
      vertex 36.2 19.8939 18.8061
      vertex 36.2 19.9853 18.8493
    endloop
  endfacet
  facet normal -1 0 0
    outer loop
      vertex 36.2 19.9853 18.8493
      vertex 36.2 19.8939 18.8061
      vertex 36.2 19.9707 18.8471
    endloop
  endfacet
  facet normal -1 0 0
    outer loop
      vertex 36.2 19.9707 18.8471
      vertex 36.2 19.8939 18.8061
      vertex 36.2 19.9565 18.8435
    endloop
  endfacet
  facet normal -1 0 0
    outer loop
      vertex 36.2 19.9565 18.8435
      vertex 36.2 19.8939 18.8061
      vertex 36.2 19.9426 18.8386
    endloop
  endfacet
  facet normal -1 0 0
    outer loop
      vertex 36.2 19.9426 18.8386
      vertex 36.2 19.8939 18.8061
      vertex 36.2 19.9293 18.8323
    endloop
  endfacet
  facet normal -1 0 0
    outer loop
      vertex 36.2 19.9293 18.8323
      vertex 36.2 19.8939 18.8061
      vertex 36.2 19.9167 18.8247
    endloop
  endfacet
  facet normal -1 0 0
    outer loop
      vertex 36.2 19.9167 18.8247
      vertex 36.2 19.8939 18.8061
      vertex 36.2 19.9048 18.816
    endloop
  endfacet
  facet normal -1 0 0
    outer loop
      vertex 36.2 17.8787 16.6213
      vertex 36.2 20 11.5
      vertex 36.2 19.7059 11.5144
    endloop
  endfacet
  facet normal -1 0 0
    outer loop
      vertex 36.2 17.8787 16.6213
      vertex 36.2 19.7059 11.5144
      vertex 36.2 19.4147 11.5576
    endloop
  endfacet
  facet normal -1 0 0
    outer loop
      vertex 36.2 17.8787 16.6213
      vertex 36.2 19.4147 11.5576
      vertex 36.2 19.1291 11.6292
    endloop
  endfacet
  facet normal -1 0 0
    outer loop
      vertex 36.2 17.8787 16.6213
      vertex 36.2 19.1291 11.6292
      vertex 36.2 18.8519 11.7284
    endloop
  endfacet
  facet normal -1 0 0
    outer loop
      vertex 36.2 17.8787 16.6213
      vertex 36.2 18.8519 11.7284
      vertex 36.2 18.5858 11.8542
    endloop
  endfacet
  facet normal -1 0 0
    outer loop
      vertex 36.2 17.8787 16.6213
      vertex 36.2 18.5858 11.8542
      vertex 36.2 18.3333 12.0056
    endloop
  endfacet
  facet normal -1 0 0
    outer loop
      vertex 36.2 17.8787 16.6213
      vertex 36.2 18.3333 12.0056
      vertex 36.2 18.0968 12.181
    endloop
  endfacet
  facet normal -1 0 0
    outer loop
      vertex 36.2 17.8787 16.6213
      vertex 36.2 18.0968 12.181
      vertex 36.2 17.8787 12.3787
    endloop
  endfacet
  facet normal -1 -0 0
    outer loop
      vertex 36.2 20.0147 18.8493
      vertex 36.2 19.8939 18.8061
      vertex 36.2 20 18.85
    endloop
  endfacet
  facet normal -1 0 0
    outer loop
      vertex 36.2 17.681 12.5968
      vertex 36.2 17.8787 16.6213
      vertex 36.2 17.8787 12.3787
    endloop
  endfacet
  facet normal -1 0 0
    outer loop
      vertex 36.2 17.681 12.5968
      vertex 36.2 17.681 16.4032
      vertex 36.2 17.8787 16.6213
    endloop
  endfacet
  facet normal -1 0 0
    outer loop
      vertex 36.2 17.5056 12.8333
      vertex 36.2 17.681 16.4032
      vertex 36.2 17.681 12.5968
    endloop
  endfacet
  facet normal -1 0 0
    outer loop
      vertex 36.2 17.5056 12.8333
      vertex 36.2 17.5056 16.1667
      vertex 36.2 17.681 16.4032
    endloop
  endfacet
  facet normal -1 0 0
    outer loop
      vertex 36.2 17.3542 13.0858
      vertex 36.2 17.5056 16.1667
      vertex 36.2 17.5056 12.8333
    endloop
  endfacet
  facet normal -1 0 0
    outer loop
      vertex 36.2 17.3542 13.0858
      vertex 36.2 17.3542 15.9142
      vertex 36.2 17.5056 16.1667
    endloop
  endfacet
  facet normal -1 0 0
    outer loop
      vertex 36.2 17.2284 13.3519
      vertex 36.2 17.3542 15.9142
      vertex 36.2 17.3542 13.0858
    endloop
  endfacet
  facet normal -1 0 0
    outer loop
      vertex 36.2 17.2284 13.3519
      vertex 36.2 17.2284 15.648
      vertex 36.2 17.3542 15.9142
    endloop
  endfacet
  facet normal -1 0 0
    outer loop
      vertex 36.2 17.1292 13.6291
      vertex 36.2 17.2284 15.648
      vertex 36.2 17.2284 13.3519
    endloop
  endfacet
  facet normal -1 0 0
    outer loop
      vertex 36.2 17.1292 13.6291
      vertex 36.2 17.1292 15.3709
      vertex 36.2 17.2284 15.648
    endloop
  endfacet
  facet normal -1 0 0
    outer loop
      vertex 36.2 17.0576 13.9147
      vertex 36.2 17.1292 15.3709
      vertex 36.2 17.1292 13.6291
    endloop
  endfacet
  facet normal -1 0 0
    outer loop
      vertex 36.2 17.0576 13.9147
      vertex 36.2 17.0576 15.0853
      vertex 36.2 17.1292 15.3709
    endloop
  endfacet
  facet normal -1 0 0
    outer loop
      vertex 36.2 17.0144 14.2059
      vertex 36.2 17.0576 15.0853
      vertex 36.2 17.0576 13.9147
    endloop
  endfacet
  facet normal -1 0 0
    outer loop
      vertex 36.2 17.0144 14.2059
      vertex 36.2 17.0144 14.7941
      vertex 36.2 17.0576 15.0853
    endloop
  endfacet
  facet normal -1 0 -0
    outer loop
      vertex 36.2 17.0144 14.7941
      vertex 36.2 17.0144 14.2059
      vertex 36.2 17 14.5
    endloop
  endfacet
  facet normal 0 -0.428086 -0.903738
    outer loop
      vertex 33 20.0574 18.8386
      vertex 36.2 20.0707 18.8323
      vertex 36.2 20.0574 18.8386
    endloop
  endfacet
  facet normal -0 -0.428086 -0.903738
    outer loop
      vertex 36.2 20.0707 18.8323
      vertex 33 20.0574 18.8386
      vertex 33 20.0707 18.8323
    endloop
  endfacet
  facet normal 0 -0.516493 -0.856291
    outer loop
      vertex 33 20.0707 18.8323
      vertex 36.2 20.0833 18.8247
      vertex 36.2 20.0707 18.8323
    endloop
  endfacet
  facet normal -0 -0.516493 -0.856291
    outer loop
      vertex 36.2 20.0833 18.8247
      vertex 33 20.0707 18.8323
      vertex 33 20.0833 18.8247
    endloop
  endfacet
  facet normal 0 -0.0489044 0.998803
    outer loop
      vertex 33 20.2941 11.5144
      vertex 36.2 20 11.5
      vertex 36.2 20.2941 11.5144
    endloop
  endfacet
  facet normal 0 -0.0489044 0.998803
    outer loop
      vertex 36.2 20 11.5
      vertex 33 20.2941 11.5144
      vertex 33 20 11.5
    endloop
  endfacet
  facet normal 0 -0.803208 0.595699
    outer loop
      vertex 33 22.319 12.5968
      vertex 36.2 22.4944 12.8333
      vertex 33 22.4944 12.8333
    endloop
  endfacet
  facet normal 0 -0.803208 0.595699
    outer loop
      vertex 36.2 22.4944 12.8333
      vertex 33 22.319 12.5968
      vertex 36.2 22.319 12.5968
    endloop
  endfacet
  facet normal 0 -0.998803 0.0489044
    outer loop
      vertex 33 22.9856 14.2059
      vertex 36.2 23 14.5
      vertex 33 23 14.5
    endloop
  endfacet
  facet normal 0 -0.998803 0.0489044
    outer loop
      vertex 36.2 23 14.5
      vertex 33 22.9856 14.2059
      vertex 36.2 22.9856 14.2059
    endloop
  endfacet
  facet normal 0 0.245747 -0.969334
    outer loop
      vertex 33 19.9565 18.8435
      vertex 36.2 19.9707 18.8471
      vertex 36.2 19.9565 18.8435
    endloop
  endfacet
  facet normal 0 0.245747 -0.969334
    outer loop
      vertex 36.2 19.9707 18.8471
      vertex 33 19.9565 18.8435
      vertex 33 19.9707 18.8471
    endloop
  endfacet
  facet normal 0 0.590187 -0.807267
    outer loop
      vertex 33 19.9048 18.816
      vertex 36.2 19.9167 18.8247
      vertex 36.2 19.9048 18.816
    endloop
  endfacet
  facet normal 0 0.590187 -0.807267
    outer loop
      vertex 36.2 19.9167 18.8247
      vertex 33 19.9048 18.816
      vertex 33 19.9167 18.8247
    endloop
  endfacet
  facet normal 0 -0.740908 -0.671607
    outer loop
      vertex 33 22.319 16.4032
      vertex 36.2 22.1213 16.6213
      vertex 33 22.1213 16.6213
    endloop
  endfacet
  facet normal 0 -0.740908 -0.671607
    outer loop
      vertex 36.2 22.1213 16.6213
      vertex 33 22.319 16.4032
      vertex 36.2 22.319 16.4032
    endloop
  endfacet
  facet normal 0 0.735061 -0.678001
    outer loop
      vertex 36.2 17.8787 16.6213
      vertex 33 19.8939 18.8061
      vertex 36.2 19.8939 18.8061
    endloop
  endfacet
  facet normal 0 0.735061 -0.678001
    outer loop
      vertex 33 19.8939 18.8061
      vertex 36.2 17.8787 16.6213
      vertex 33 17.8787 16.6213
    endloop
  endfacet
  facet normal 0 0.989174 -0.146746
    outer loop
      vertex 36.2 17.0144 14.7941
      vertex 33 17.0576 15.0853
      vertex 36.2 17.0576 15.0853
    endloop
  endfacet
  facet normal 0 0.989174 -0.146746
    outer loop
      vertex 33 17.0576 15.0853
      vertex 36.2 17.0144 14.7941
      vertex 33 17.0144 14.7941
    endloop
  endfacet
  facet normal 0 -0.671607 0.740908
    outer loop
      vertex 33 22.1213 12.3787
      vertex 36.2 21.9032 12.181
      vertex 36.2 22.1213 12.3787
    endloop
  endfacet
  facet normal 0 -0.671607 0.740908
    outer loop
      vertex 36.2 21.9032 12.181
      vertex 33 22.1213 12.3787
      vertex 33 21.9032 12.181
    endloop
  endfacet
  facet normal 0 -0.989174 -0.146746
    outer loop
      vertex 33 22.9856 14.7941
      vertex 36.2 22.9424 15.0853
      vertex 33 22.9424 15.0853
    endloop
  endfacet
  facet normal 0 -0.989174 -0.146746
    outer loop
      vertex 36.2 22.9424 15.0853
      vertex 33 22.9856 14.7941
      vertex 36.2 22.9856 14.7941
    endloop
  endfacet
  facet normal 0 -0.243175 0.969982
    outer loop
      vertex 33 20.8709 11.6292
      vertex 36.2 20.5853 11.5576
      vertex 36.2 20.8709 11.6292
    endloop
  endfacet
  facet normal 0 -0.243175 0.969982
    outer loop
      vertex 36.2 20.5853 11.5576
      vertex 33 20.8709 11.6292
      vertex 33 20.5853 11.5576
    endloop
  endfacet
  facet normal -0 0.336939 0.941527
    outer loop
      vertex 33 19.1291 11.6292
      vertex 36.2 18.8519 11.7284
      vertex 36.2 19.1291 11.6292
    endloop
  endfacet
  facet normal 0 0.336939 0.941527
    outer loop
      vertex 36.2 18.8519 11.7284
      vertex 33 19.1291 11.6292
      vertex 33 18.8519 11.7284
    endloop
  endfacet
  facet normal 0 -0.857643 0.514246
    outer loop
      vertex 33 22.4944 12.8333
      vertex 36.2 22.6458 13.0858
      vertex 33 22.6458 13.0858
    endloop
  endfacet
  facet normal 0 -0.857643 0.514246
    outer loop
      vertex 36.2 22.6458 13.0858
      vertex 33 22.4944 12.8333
      vertex 36.2 22.4944 12.8333
    endloop
  endfacet
  facet normal 0 -0.427269 0.904125
    outer loop
      vertex 33 21.4142 11.8542
      vertex 36.2 21.148 11.7284
      vertex 36.2 21.4142 11.8542
    endloop
  endfacet
  facet normal 0 -0.427269 0.904125
    outer loop
      vertex 36.2 21.148 11.7284
      vertex 33 21.4142 11.8542
      vertex 33 21.148 11.7284
    endloop
  endfacet
  facet normal 0 -0.904063 0.4274
    outer loop
      vertex 33 22.6458 13.0858
      vertex 36.2 22.7716 13.3519
      vertex 33 22.7716 13.3519
    endloop
  endfacet
  facet normal 0 -0.904063 0.4274
    outer loop
      vertex 36.2 22.7716 13.3519
      vertex 33 22.6458 13.0858
      vertex 36.2 22.6458 13.0858
    endloop
  endfacet
  facet normal 0 0.998803 -0.0489044
    outer loop
      vertex 36.2 17 14.5
      vertex 33 17.0144 14.7941
      vertex 36.2 17.0144 14.7941
    endloop
  endfacet
  facet normal 0 0.998803 -0.0489044
    outer loop
      vertex 33 17.0144 14.7941
      vertex 36.2 17 14.5
      vertex 33 17 14.5
    endloop
  endfacet
  facet normal 0 -0.735061 -0.678001
    outer loop
      vertex 33 22.1213 16.6213
      vertex 36.2 20.1061 18.8061
      vertex 33 20.1061 18.8061
    endloop
  endfacet
  facet normal 0 -0.735061 -0.678001
    outer loop
      vertex 36.2 20.1061 18.8061
      vertex 33 22.1213 16.6213
      vertex 36.2 22.1213 16.6213
    endloop
  endfacet
  facet normal -0 0.514246 0.857643
    outer loop
      vertex 33 18.5858 11.8542
      vertex 36.2 18.3333 12.0056
      vertex 36.2 18.5858 11.8542
    endloop
  endfacet
  facet normal 0 0.514246 0.857643
    outer loop
      vertex 36.2 18.3333 12.0056
      vertex 33 18.5858 11.8542
      vertex 33 18.3333 12.0056
    endloop
  endfacet
  facet normal 0 -0.590187 -0.807267
    outer loop
      vertex 33 20.0833 18.8247
      vertex 36.2 20.0952 18.816
      vertex 36.2 20.0833 18.8247
    endloop
  endfacet
  facet normal -0 -0.590187 -0.807267
    outer loop
      vertex 36.2 20.0952 18.816
      vertex 33 20.0833 18.8247
      vertex 33 20.0952 18.816
    endloop
  endfacet
  facet normal 0 0.332465 -0.943116
    outer loop
      vertex 33 19.9426 18.8386
      vertex 36.2 19.9565 18.8435
      vertex 36.2 19.9426 18.8386
    endloop
  endfacet
  facet normal 0 0.332465 -0.943116
    outer loop
      vertex 36.2 19.9565 18.8435
      vertex 33 19.9426 18.8386
      vertex 33 19.9565 18.8435
    endloop
  endfacet
  facet normal 0 0.0475651 -0.998868
    outer loop
      vertex 33 19.9853 18.8493
      vertex 36.2 20 18.85
      vertex 36.2 19.9853 18.8493
    endloop
  endfacet
  facet normal 0 0.0475651 -0.998868
    outer loop
      vertex 36.2 20 18.85
      vertex 33 19.9853 18.8493
      vertex 33 20 18.85
    endloop
  endfacet
  facet normal 0 -0.904125 -0.427269
    outer loop
      vertex 33 22.7716 15.648
      vertex 36.2 22.6458 15.9142
      vertex 33 22.6458 15.9142
    endloop
  endfacet
  facet normal 0 -0.904125 -0.427269
    outer loop
      vertex 36.2 22.6458 15.9142
      vertex 33 22.7716 15.648
      vertex 36.2 22.7716 15.648
    endloop
  endfacet
  facet normal 0 0.998803 0.0489044
    outer loop
      vertex 36.2 17.0144 14.2059
      vertex 33 17 14.5
      vertex 36.2 17 14.5
    endloop
  endfacet
  facet normal 0 0.998803 0.0489044
    outer loop
      vertex 33 17 14.5
      vertex 36.2 17.0144 14.2059
      vertex 33 17.0144 14.2059
    endloop
  endfacet
  facet normal -0 0.4274 0.904063
    outer loop
      vertex 33 18.8519 11.7284
      vertex 36.2 18.5858 11.8542
      vertex 36.2 18.8519 11.7284
    endloop
  endfacet
  facet normal 0 0.4274 0.904063
    outer loop
      vertex 36.2 18.5858 11.8542
      vertex 33 18.8519 11.7284
      vertex 33 18.5858 11.8542
    endloop
  endfacet
  facet normal 0 0.989174 0.146746
    outer loop
      vertex 36.2 17.0576 13.9147
      vertex 33 17.0144 14.2059
      vertex 36.2 17.0144 14.2059
    endloop
  endfacet
  facet normal 0 0.989174 0.146746
    outer loop
      vertex 33 17.0144 14.2059
      vertex 36.2 17.0576 13.9147
      vertex 33 17.0576 13.9147
    endloop
  endfacet
  facet normal 0 0.857643 -0.514246
    outer loop
      vertex 36.2 17.3542 15.9142
      vertex 33 17.5056 16.1667
      vertex 36.2 17.5056 16.1667
    endloop
  endfacet
  facet normal 0 0.857643 -0.514246
    outer loop
      vertex 33 17.5056 16.1667
      vertex 36.2 17.3542 15.9142
      vertex 33 17.3542 15.9142
    endloop
  endfacet
  facet normal 0 -0.245747 -0.969334
    outer loop
      vertex 33 20.0293 18.8471
      vertex 36.2 20.0435 18.8435
      vertex 36.2 20.0293 18.8471
    endloop
  endfacet
  facet normal -0 -0.245747 -0.969334
    outer loop
      vertex 36.2 20.0435 18.8435
      vertex 33 20.0293 18.8471
      vertex 33 20.0435 18.8435
    endloop
  endfacet
  facet normal 0 -0.149003 -0.988837
    outer loop
      vertex 33 20.0147 18.8493
      vertex 36.2 20.0293 18.8471
      vertex 36.2 20.0147 18.8493
    endloop
  endfacet
  facet normal -0 -0.149003 -0.988837
    outer loop
      vertex 36.2 20.0293 18.8471
      vertex 33 20.0147 18.8493
      vertex 33 20.0293 18.8471
    endloop
  endfacet
  facet normal 0 0.803208 0.595699
    outer loop
      vertex 36.2 17.681 12.5968
      vertex 33 17.5056 12.8333
      vertex 36.2 17.5056 12.8333
    endloop
  endfacet
  facet normal 0 0.803208 0.595699
    outer loop
      vertex 33 17.5056 12.8333
      vertex 36.2 17.681 12.5968
      vertex 33 17.681 12.5968
    endloop
  endfacet
  facet normal 0 -0.595699 0.803208
    outer loop
      vertex 33 21.9032 12.181
      vertex 36.2 21.6667 12.0056
      vertex 36.2 21.9032 12.181
    endloop
  endfacet
  facet normal 0 -0.595699 0.803208
    outer loop
      vertex 36.2 21.6667 12.0056
      vertex 33 21.9032 12.181
      vertex 33 21.6667 12.0056
    endloop
  endfacet
  facet normal 0 0.740908 -0.671607
    outer loop
      vertex 36.2 17.681 16.4032
      vertex 33 17.8787 16.6213
      vertex 36.2 17.8787 16.6213
    endloop
  endfacet
  facet normal 0 0.740908 -0.671607
    outer loop
      vertex 33 17.8787 16.6213
      vertex 36.2 17.681 16.4032
      vertex 33 17.681 16.4032
    endloop
  endfacet
  facet normal 0 0.149003 -0.988837
    outer loop
      vertex 33 19.9707 18.8471
      vertex 36.2 19.9853 18.8493
      vertex 36.2 19.9707 18.8471
    endloop
  endfacet
  facet normal 0 0.149003 -0.988837
    outer loop
      vertex 36.2 19.9853 18.8493
      vertex 33 19.9707 18.8471
      vertex 33 19.9853 18.8493
    endloop
  endfacet
  facet normal 0 -0.989174 0.146746
    outer loop
      vertex 33 22.9424 13.9147
      vertex 36.2 22.9856 14.2059
      vertex 33 22.9856 14.2059
    endloop
  endfacet
  facet normal 0 -0.989174 0.146746
    outer loop
      vertex 36.2 22.9856 14.2059
      vertex 33 22.9424 13.9147
      vertex 36.2 22.9424 13.9147
    endloop
  endfacet
  facet normal 0 0.516493 -0.856291
    outer loop
      vertex 33 19.9167 18.8247
      vertex 36.2 19.9293 18.8323
      vertex 36.2 19.9167 18.8247
    endloop
  endfacet
  facet normal 0 0.516493 -0.856291
    outer loop
      vertex 36.2 19.9293 18.8323
      vertex 33 19.9167 18.8247
      vertex 33 19.9293 18.8323
    endloop
  endfacet
  facet normal 0 0.672335 -0.740247
    outer loop
      vertex 33 19.8939 18.8061
      vertex 36.2 19.9048 18.816
      vertex 36.2 19.8939 18.8061
    endloop
  endfacet
  facet normal 0 0.672335 -0.740247
    outer loop
      vertex 36.2 19.9048 18.816
      vertex 33 19.8939 18.8061
      vertex 33 19.9048 18.816
    endloop
  endfacet
  facet normal 0 -0.969982 0.243175
    outer loop
      vertex 33 22.8708 13.6291
      vertex 36.2 22.9424 13.9147
      vertex 33 22.9424 13.9147
    endloop
  endfacet
  facet normal 0 -0.969982 0.243175
    outer loop
      vertex 36.2 22.9424 13.9147
      vertex 33 22.8708 13.6291
      vertex 36.2 22.8708 13.6291
    endloop
  endfacet
  facet normal 0 -0.941488 -0.337047
    outer loop
      vertex 33 62.8708 15.3709
      vertex 36.2 62.7716 15.648
      vertex 33 62.7716 15.648
    endloop
  endfacet
  facet normal 0 -0.941488 -0.337047
    outer loop
      vertex 36.2 62.7716 15.648
      vertex 33 62.8708 15.3709
      vertex 36.2 62.8708 15.3709
    endloop
  endfacet
  facet normal 0 -0.0475651 -0.998868
    outer loop
      vertex 33 60 18.85
      vertex 36.2 60.0147 18.8493
      vertex 36.2 60 18.85
    endloop
  endfacet
  facet normal -0 -0.0475651 -0.998868
    outer loop
      vertex 36.2 60.0147 18.8493
      vertex 33 60 18.85
      vertex 33 60.0147 18.8493
    endloop
  endfacet
  facet normal 0 -0.969982 -0.243175
    outer loop
      vertex 33 62.9424 15.0853
      vertex 36.2 62.8708 15.3709
      vertex 33 62.8708 15.3709
    endloop
  endfacet
  facet normal 0 -0.969982 -0.243175
    outer loop
      vertex 36.2 62.8708 15.3709
      vertex 33 62.9424 15.0853
      vertex 36.2 62.9424 15.0853
    endloop
  endfacet
  facet normal 0 -0.146746 0.989174
    outer loop
      vertex 33 60.5853 11.5576
      vertex 36.2 60.2941 11.5144
      vertex 36.2 60.5853 11.5576
    endloop
  endfacet
  facet normal 0 -0.146746 0.989174
    outer loop
      vertex 36.2 60.2941 11.5144
      vertex 33 60.5853 11.5576
      vertex 33 60.2941 11.5144
    endloop
  endfacet
  facet normal 0 -0.337047 0.941488
    outer loop
      vertex 33 61.148 11.7284
      vertex 36.2 60.8709 11.6292
      vertex 36.2 61.148 11.7284
    endloop
  endfacet
  facet normal 0 -0.337047 0.941488
    outer loop
      vertex 36.2 60.8709 11.6292
      vertex 33 61.148 11.7284
      vertex 33 60.8709 11.6292
    endloop
  endfacet
  facet normal 0 0.803208 -0.595699
    outer loop
      vertex 36.2 57.5056 16.1667
      vertex 33 57.681 16.4032
      vertex 36.2 57.681 16.4032
    endloop
  endfacet
  facet normal 0 0.803208 -0.595699
    outer loop
      vertex 33 57.681 16.4032
      vertex 36.2 57.5056 16.1667
      vertex 33 57.5056 16.1667
    endloop
  endfacet
  facet normal 0 0.428086 -0.903738
    outer loop
      vertex 33 59.9293 18.8323
      vertex 36.2 59.9426 18.8386
      vertex 36.2 59.9293 18.8323
    endloop
  endfacet
  facet normal 0 0.428086 -0.903738
    outer loop
      vertex 36.2 59.9426 18.8386
      vertex 33 59.9293 18.8323
      vertex 33 59.9426 18.8386
    endloop
  endfacet
  facet normal 0 -0.998803 -0.0489044
    outer loop
      vertex 33 63 14.5
      vertex 36.2 62.9856 14.7941
      vertex 33 62.9856 14.7941
    endloop
  endfacet
  facet normal 0 -0.998803 -0.0489044
    outer loop
      vertex 36.2 62.9856 14.7941
      vertex 33 63 14.5
      vertex 36.2 63 14.5
    endloop
  endfacet
  facet normal 0 0.672335 -0.740247
    outer loop
      vertex 33 59.8939 18.8061
      vertex 36.2 59.9048 18.816
      vertex 36.2 59.8939 18.8061
    endloop
  endfacet
  facet normal 0 0.672335 -0.740247
    outer loop
      vertex 36.2 59.9048 18.816
      vertex 33 59.8939 18.8061
      vertex 33 59.9048 18.816
    endloop
  endfacet
  facet normal 0 0.941488 -0.337047
    outer loop
      vertex 36.2 57.1292 15.3709
      vertex 33 57.2284 15.648
      vertex 36.2 57.2284 15.648
    endloop
  endfacet
  facet normal 0 0.941488 -0.337047
    outer loop
      vertex 33 57.2284 15.648
      vertex 36.2 57.1292 15.3709
      vertex 33 57.1292 15.3709
    endloop
  endfacet
  facet normal 0 0.904063 0.4274
    outer loop
      vertex 36.2 57.3542 13.0858
      vertex 33 57.2284 13.3519
      vertex 36.2 57.2284 13.3519
    endloop
  endfacet
  facet normal 0 0.904063 0.4274
    outer loop
      vertex 33 57.2284 13.3519
      vertex 36.2 57.3542 13.0858
      vertex 33 57.3542 13.0858
    endloop
  endfacet
  facet normal -0 0.243175 0.969982
    outer loop
      vertex 33 59.4147 11.5576
      vertex 36.2 59.1291 11.6292
      vertex 36.2 59.4147 11.5576
    endloop
  endfacet
  facet normal 0 0.243175 0.969982
    outer loop
      vertex 36.2 59.1291 11.6292
      vertex 33 59.4147 11.5576
      vertex 33 59.1291 11.6292
    endloop
  endfacet
  facet normal -0 0.595699 0.803208
    outer loop
      vertex 33 58.3333 12.0056
      vertex 36.2 58.0968 12.181
      vertex 36.2 58.3333 12.0056
    endloop
  endfacet
  facet normal 0 0.595699 0.803208
    outer loop
      vertex 36.2 58.0968 12.181
      vertex 33 58.3333 12.0056
      vertex 33 58.0968 12.181
    endloop
  endfacet
  facet normal 0 -0.857643 -0.514246
    outer loop
      vertex 33 62.6458 15.9142
      vertex 36.2 62.4944 16.1667
      vertex 33 62.4944 16.1667
    endloop
  endfacet
  facet normal 0 -0.857643 -0.514246
    outer loop
      vertex 36.2 62.4944 16.1667
      vertex 33 62.6458 15.9142
      vertex 36.2 62.6458 15.9142
    endloop
  endfacet
  facet normal -0 0.0489044 0.998803
    outer loop
      vertex 33 60 11.5
      vertex 36.2 59.7059 11.5144
      vertex 36.2 60 11.5
    endloop
  endfacet
  facet normal 0 0.0489044 0.998803
    outer loop
      vertex 36.2 59.7059 11.5144
      vertex 33 60 11.5
      vertex 33 59.7059 11.5144
    endloop
  endfacet
  facet normal 0 -0.941527 0.336939
    outer loop
      vertex 33 62.7716 13.3519
      vertex 36.2 62.8708 13.6291
      vertex 33 62.8708 13.6291
    endloop
  endfacet
  facet normal 0 -0.941527 0.336939
    outer loop
      vertex 36.2 62.8708 13.6291
      vertex 33 62.7716 13.3519
      vertex 36.2 62.7716 13.3519
    endloop
  endfacet
  facet normal 0 -0.672335 -0.740247
    outer loop
      vertex 33 60.0952 18.816
      vertex 36.2 60.1061 18.8061
      vertex 36.2 60.0952 18.816
    endloop
  endfacet
  facet normal -0 -0.672335 -0.740247
    outer loop
      vertex 36.2 60.1061 18.8061
      vertex 33 60.0952 18.816
      vertex 33 60.1061 18.8061
    endloop
  endfacet
  facet normal 0 0.969982 0.243175
    outer loop
      vertex 36.2 57.1292 13.6291
      vertex 33 57.0576 13.9147
      vertex 36.2 57.0576 13.9147
    endloop
  endfacet
  facet normal 0 0.969982 0.243175
    outer loop
      vertex 33 57.0576 13.9147
      vertex 36.2 57.1292 13.6291
      vertex 33 57.1292 13.6291
    endloop
  endfacet
  facet normal 0 -0.740908 0.671607
    outer loop
      vertex 33 62.1213 12.3787
      vertex 36.2 62.319 12.5968
      vertex 33 62.319 12.5968
    endloop
  endfacet
  facet normal 0 -0.740908 0.671607
    outer loop
      vertex 36.2 62.319 12.5968
      vertex 33 62.1213 12.3787
      vertex 36.2 62.1213 12.3787
    endloop
  endfacet
  facet normal 0 0.941527 0.336939
    outer loop
      vertex 36.2 57.2284 13.3519
      vertex 33 57.1292 13.6291
      vertex 36.2 57.1292 13.6291
    endloop
  endfacet
  facet normal 0 0.941527 0.336939
    outer loop
      vertex 33 57.1292 13.6291
      vertex 36.2 57.2284 13.3519
      vertex 33 57.2284 13.3519
    endloop
  endfacet
  facet normal 0 -0.332465 -0.943116
    outer loop
      vertex 33 60.0435 18.8435
      vertex 36.2 60.0574 18.8386
      vertex 36.2 60.0435 18.8435
    endloop
  endfacet
  facet normal -0 -0.332465 -0.943116
    outer loop
      vertex 36.2 60.0574 18.8386
      vertex 33 60.0435 18.8435
      vertex 33 60.0574 18.8386
    endloop
  endfacet
  facet normal 0 0.904125 -0.427269
    outer loop
      vertex 36.2 57.2284 15.648
      vertex 33 57.3542 15.9142
      vertex 36.2 57.3542 15.9142
    endloop
  endfacet
  facet normal 0 0.904125 -0.427269
    outer loop
      vertex 33 57.3542 15.9142
      vertex 36.2 57.2284 15.648
      vertex 33 57.2284 15.648
    endloop
  endfacet
  facet normal 0 -0.803208 -0.595699
    outer loop
      vertex 33 62.4944 16.1667
      vertex 36.2 62.319 16.4032
      vertex 33 62.319 16.4032
    endloop
  endfacet
  facet normal 0 -0.803208 -0.595699
    outer loop
      vertex 36.2 62.319 16.4032
      vertex 33 62.4944 16.1667
      vertex 36.2 62.4944 16.1667
    endloop
  endfacet
  facet normal 0 0.857643 0.514246
    outer loop
      vertex 36.2 57.5056 12.8333
      vertex 33 57.3542 13.0858
      vertex 36.2 57.3542 13.0858
    endloop
  endfacet
  facet normal 0 0.857643 0.514246
    outer loop
      vertex 33 57.3542 13.0858
      vertex 36.2 57.5056 12.8333
      vertex 33 57.5056 12.8333
    endloop
  endfacet
  facet normal -0 0.146746 0.989174
    outer loop
      vertex 33 59.7059 11.5144
      vertex 36.2 59.4147 11.5576
      vertex 36.2 59.7059 11.5144
    endloop
  endfacet
  facet normal 0 0.146746 0.989174
    outer loop
      vertex 36.2 59.4147 11.5576
      vertex 33 59.7059 11.5144
      vertex 33 59.4147 11.5576
    endloop
  endfacet
  facet normal 0 0.740908 0.671607
    outer loop
      vertex 36.2 57.8787 12.3787
      vertex 33 57.681 12.5968
      vertex 36.2 57.681 12.5968
    endloop
  endfacet
  facet normal 0 0.740908 0.671607
    outer loop
      vertex 33 57.681 12.5968
      vertex 36.2 57.8787 12.3787
      vertex 33 57.8787 12.3787
    endloop
  endfacet
  facet normal 0 0.989174 0.146746
    outer loop
      vertex 36.2 57.0576 13.9147
      vertex 33 57.0144 14.2059
      vertex 36.2 57.0144 14.2059
    endloop
  endfacet
  facet normal 0 0.989174 0.146746
    outer loop
      vertex 33 57.0144 14.2059
      vertex 36.2 57.0576 13.9147
      vertex 33 57.0576 13.9147
    endloop
  endfacet
  facet normal 0 0.969982 -0.243175
    outer loop
      vertex 36.2 57.0576 15.0853
      vertex 33 57.1292 15.3709
      vertex 36.2 57.1292 15.3709
    endloop
  endfacet
  facet normal 0 0.969982 -0.243175
    outer loop
      vertex 33 57.1292 15.3709
      vertex 36.2 57.0576 15.0853
      vertex 33 57.0576 15.0853
    endloop
  endfacet
  facet normal -0 0.671607 0.740908
    outer loop
      vertex 33 58.0968 12.181
      vertex 36.2 57.8787 12.3787
      vertex 36.2 58.0968 12.181
    endloop
  endfacet
  facet normal 0 0.671607 0.740908
    outer loop
      vertex 36.2 57.8787 12.3787
      vertex 33 58.0968 12.181
      vertex 33 57.8787 12.3787
    endloop
  endfacet
  facet normal 0 -0.514246 0.857643
    outer loop
      vertex 33 61.6667 12.0056
      vertex 36.2 61.4142 11.8542
      vertex 36.2 61.6667 12.0056
    endloop
  endfacet
  facet normal 0 -0.514246 0.857643
    outer loop
      vertex 36.2 61.4142 11.8542
      vertex 33 61.6667 12.0056
      vertex 33 61.4142 11.8542
    endloop
  endfacet
  facet normal -1 0 0
    outer loop
      vertex 36.2 62.9856 14.2059
      vertex 36.2 62.9856 14.7941
      vertex 36.2 63 14.5
    endloop
  endfacet
  facet normal -1 0 0
    outer loop
      vertex 36.2 62.9424 13.9147
      vertex 36.2 62.9856 14.7941
      vertex 36.2 62.9856 14.2059
    endloop
  endfacet
  facet normal -1 0 0
    outer loop
      vertex 36.2 62.9424 13.9147
      vertex 36.2 62.9424 15.0853
      vertex 36.2 62.9856 14.7941
    endloop
  endfacet
  facet normal -1 0 0
    outer loop
      vertex 36.2 62.8708 13.6291
      vertex 36.2 62.9424 15.0853
      vertex 36.2 62.9424 13.9147
    endloop
  endfacet
  facet normal -1 0 0
    outer loop
      vertex 36.2 62.8708 13.6291
      vertex 36.2 62.8708 15.3709
      vertex 36.2 62.9424 15.0853
    endloop
  endfacet
  facet normal -1 0 0
    outer loop
      vertex 36.2 62.7716 13.3519
      vertex 36.2 62.8708 15.3709
      vertex 36.2 62.8708 13.6291
    endloop
  endfacet
  facet normal -1 0 0
    outer loop
      vertex 36.2 62.7716 13.3519
      vertex 36.2 62.7716 15.648
      vertex 36.2 62.8708 15.3709
    endloop
  endfacet
  facet normal -1 0 0
    outer loop
      vertex 36.2 62.6458 13.0858
      vertex 36.2 62.7716 15.648
      vertex 36.2 62.7716 13.3519
    endloop
  endfacet
  facet normal -1 0 0
    outer loop
      vertex 36.2 62.6458 13.0858
      vertex 36.2 62.6458 15.9142
      vertex 36.2 62.7716 15.648
    endloop
  endfacet
  facet normal -1 0 0
    outer loop
      vertex 36.2 62.4944 12.8333
      vertex 36.2 62.6458 15.9142
      vertex 36.2 62.6458 13.0858
    endloop
  endfacet
  facet normal -1 0 0
    outer loop
      vertex 36.2 62.4944 12.8333
      vertex 36.2 62.4944 16.1667
      vertex 36.2 62.6458 15.9142
    endloop
  endfacet
  facet normal -1 0 0
    outer loop
      vertex 36.2 62.319 12.5968
      vertex 36.2 62.4944 16.1667
      vertex 36.2 62.4944 12.8333
    endloop
  endfacet
  facet normal -1 0 0
    outer loop
      vertex 36.2 62.319 12.5968
      vertex 36.2 62.319 16.4032
      vertex 36.2 62.4944 16.1667
    endloop
  endfacet
  facet normal -1 0 0
    outer loop
      vertex 36.2 62.1213 12.3787
      vertex 36.2 62.319 16.4032
      vertex 36.2 62.319 12.5968
    endloop
  endfacet
  facet normal -1 0 0
    outer loop
      vertex 36.2 62.1213 12.3787
      vertex 36.2 62.1213 16.6213
      vertex 36.2 62.319 16.4032
    endloop
  endfacet
  facet normal -1 0 0
    outer loop
      vertex 36.2 61.9032 12.181
      vertex 36.2 62.1213 16.6213
      vertex 36.2 62.1213 12.3787
    endloop
  endfacet
  facet normal -1 0 0
    outer loop
      vertex 36.2 61.6667 12.0056
      vertex 36.2 62.1213 16.6213
      vertex 36.2 61.9032 12.181
    endloop
  endfacet
  facet normal -1 0 0
    outer loop
      vertex 36.2 61.4142 11.8542
      vertex 36.2 62.1213 16.6213
      vertex 36.2 61.6667 12.0056
    endloop
  endfacet
  facet normal -1 0 0
    outer loop
      vertex 36.2 61.148 11.7284
      vertex 36.2 62.1213 16.6213
      vertex 36.2 61.4142 11.8542
    endloop
  endfacet
  facet normal -1 0 0
    outer loop
      vertex 36.2 60.8709 11.6292
      vertex 36.2 62.1213 16.6213
      vertex 36.2 61.148 11.7284
    endloop
  endfacet
  facet normal -1 0 0
    outer loop
      vertex 36.2 60.5853 11.5576
      vertex 36.2 62.1213 16.6213
      vertex 36.2 60.8709 11.6292
    endloop
  endfacet
  facet normal -1 0 0
    outer loop
      vertex 36.2 60.2941 11.5144
      vertex 36.2 62.1213 16.6213
      vertex 36.2 60.5853 11.5576
    endloop
  endfacet
  facet normal -1 0 0
    outer loop
      vertex 36.2 57.8787 16.6213
      vertex 36.2 62.1213 16.6213
      vertex 36.2 60.2941 11.5144
    endloop
  endfacet
  facet normal -1 0 0
    outer loop
      vertex 36.2 62.1213 16.6213
      vertex 36.2 57.8787 16.6213
      vertex 36.2 60.1061 18.8061
    endloop
  endfacet
  facet normal -1 0 -0
    outer loop
      vertex 36.2 59.8939 18.8061
      vertex 36.2 60.1061 18.8061
      vertex 36.2 57.8787 16.6213
    endloop
  endfacet
  facet normal -1 0 0
    outer loop
      vertex 36.2 60.1061 18.8061
      vertex 36.2 59.8939 18.8061
      vertex 36.2 60.0952 18.816
    endloop
  endfacet
  facet normal -1 -0 0
    outer loop
      vertex 36.2 60.0952 18.816
      vertex 36.2 59.8939 18.8061
      vertex 36.2 60.0833 18.8247
    endloop
  endfacet
  facet normal -1 -0 0
    outer loop
      vertex 36.2 60.0833 18.8247
      vertex 36.2 59.8939 18.8061
      vertex 36.2 60.0707 18.8323
    endloop
  endfacet
  facet normal -1 -0 0
    outer loop
      vertex 36.2 60.0707 18.8323
      vertex 36.2 59.8939 18.8061
      vertex 36.2 60.0574 18.8386
    endloop
  endfacet
  facet normal -1 -0 0
    outer loop
      vertex 36.2 60.0574 18.8386
      vertex 36.2 59.8939 18.8061
      vertex 36.2 60.0435 18.8435
    endloop
  endfacet
  facet normal -1 0 0
    outer loop
      vertex 36.2 57.8787 16.6213
      vertex 36.2 60.2941 11.5144
      vertex 36.2 60 11.5
    endloop
  endfacet
  facet normal -1 -0 0
    outer loop
      vertex 36.2 60.0435 18.8435
      vertex 36.2 59.8939 18.8061
      vertex 36.2 60.0293 18.8471
    endloop
  endfacet
  facet normal -1 -0 0
    outer loop
      vertex 36.2 60.0293 18.8471
      vertex 36.2 59.8939 18.8061
      vertex 36.2 60.0147 18.8493
    endloop
  endfacet
  facet normal -1 0 0
    outer loop
      vertex 36.2 60 18.85
      vertex 36.2 59.8939 18.8061
      vertex 36.2 59.9853 18.8493
    endloop
  endfacet
  facet normal -1 0 0
    outer loop
      vertex 36.2 59.9853 18.8493
      vertex 36.2 59.8939 18.8061
      vertex 36.2 59.9707 18.8471
    endloop
  endfacet
  facet normal -1 0 0
    outer loop
      vertex 36.2 59.9707 18.8471
      vertex 36.2 59.8939 18.8061
      vertex 36.2 59.9565 18.8435
    endloop
  endfacet
  facet normal -1 0 0
    outer loop
      vertex 36.2 59.9565 18.8435
      vertex 36.2 59.8939 18.8061
      vertex 36.2 59.9426 18.8386
    endloop
  endfacet
  facet normal -1 0 0
    outer loop
      vertex 36.2 59.9426 18.8386
      vertex 36.2 59.8939 18.8061
      vertex 36.2 59.9293 18.8323
    endloop
  endfacet
  facet normal -1 0 0
    outer loop
      vertex 36.2 59.9293 18.8323
      vertex 36.2 59.8939 18.8061
      vertex 36.2 59.9167 18.8247
    endloop
  endfacet
  facet normal -1 0 0
    outer loop
      vertex 36.2 59.9167 18.8247
      vertex 36.2 59.8939 18.8061
      vertex 36.2 59.9048 18.816
    endloop
  endfacet
  facet normal -1 0 0
    outer loop
      vertex 36.2 57.8787 16.6213
      vertex 36.2 60 11.5
      vertex 36.2 59.7059 11.5144
    endloop
  endfacet
  facet normal -1 0 0
    outer loop
      vertex 36.2 57.8787 16.6213
      vertex 36.2 59.7059 11.5144
      vertex 36.2 59.4147 11.5576
    endloop
  endfacet
  facet normal -1 0 0
    outer loop
      vertex 36.2 57.8787 16.6213
      vertex 36.2 59.4147 11.5576
      vertex 36.2 59.1291 11.6292
    endloop
  endfacet
  facet normal -1 0 0
    outer loop
      vertex 36.2 57.8787 16.6213
      vertex 36.2 59.1291 11.6292
      vertex 36.2 58.852 11.7284
    endloop
  endfacet
  facet normal -1 0 0
    outer loop
      vertex 36.2 57.8787 16.6213
      vertex 36.2 58.852 11.7284
      vertex 36.2 58.5858 11.8542
    endloop
  endfacet
  facet normal -1 0 0
    outer loop
      vertex 36.2 57.8787 16.6213
      vertex 36.2 58.5858 11.8542
      vertex 36.2 58.3333 12.0056
    endloop
  endfacet
  facet normal -1 0 0
    outer loop
      vertex 36.2 57.8787 16.6213
      vertex 36.2 58.3333 12.0056
      vertex 36.2 58.0968 12.181
    endloop
  endfacet
  facet normal -1 0 0
    outer loop
      vertex 36.2 57.8787 16.6213
      vertex 36.2 58.0968 12.181
      vertex 36.2 57.8787 12.3787
    endloop
  endfacet
  facet normal -1 -0 0
    outer loop
      vertex 36.2 60.0147 18.8493
      vertex 36.2 59.8939 18.8061
      vertex 36.2 60 18.85
    endloop
  endfacet
  facet normal -1 0 0
    outer loop
      vertex 36.2 57.681 12.5968
      vertex 36.2 57.8787 16.6213
      vertex 36.2 57.8787 12.3787
    endloop
  endfacet
  facet normal -1 0 0
    outer loop
      vertex 36.2 57.681 12.5968
      vertex 36.2 57.681 16.4032
      vertex 36.2 57.8787 16.6213
    endloop
  endfacet
  facet normal -1 0 0
    outer loop
      vertex 36.2 57.5056 12.8333
      vertex 36.2 57.681 16.4032
      vertex 36.2 57.681 12.5968
    endloop
  endfacet
  facet normal -1 0 0
    outer loop
      vertex 36.2 57.5056 12.8333
      vertex 36.2 57.5056 16.1667
      vertex 36.2 57.681 16.4032
    endloop
  endfacet
  facet normal -1 0 0
    outer loop
      vertex 36.2 57.3542 13.0858
      vertex 36.2 57.5056 16.1667
      vertex 36.2 57.5056 12.8333
    endloop
  endfacet
  facet normal -1 0 0
    outer loop
      vertex 36.2 57.3542 13.0858
      vertex 36.2 57.3542 15.9142
      vertex 36.2 57.5056 16.1667
    endloop
  endfacet
  facet normal -1 0 0
    outer loop
      vertex 36.2 57.2284 13.3519
      vertex 36.2 57.3542 15.9142
      vertex 36.2 57.3542 13.0858
    endloop
  endfacet
  facet normal -1 0 0
    outer loop
      vertex 36.2 57.2284 13.3519
      vertex 36.2 57.2284 15.648
      vertex 36.2 57.3542 15.9142
    endloop
  endfacet
  facet normal -1 0 0
    outer loop
      vertex 36.2 57.1292 13.6291
      vertex 36.2 57.2284 15.648
      vertex 36.2 57.2284 13.3519
    endloop
  endfacet
  facet normal -1 0 0
    outer loop
      vertex 36.2 57.1292 13.6291
      vertex 36.2 57.1292 15.3709
      vertex 36.2 57.2284 15.648
    endloop
  endfacet
  facet normal -1 0 0
    outer loop
      vertex 36.2 57.0576 13.9147
      vertex 36.2 57.1292 15.3709
      vertex 36.2 57.1292 13.6291
    endloop
  endfacet
  facet normal -1 0 0
    outer loop
      vertex 36.2 57.0576 13.9147
      vertex 36.2 57.0576 15.0853
      vertex 36.2 57.1292 15.3709
    endloop
  endfacet
  facet normal -1 0 0
    outer loop
      vertex 36.2 57.0144 14.2059
      vertex 36.2 57.0576 15.0853
      vertex 36.2 57.0576 13.9147
    endloop
  endfacet
  facet normal -1 0 0
    outer loop
      vertex 36.2 57.0144 14.2059
      vertex 36.2 57.0144 14.7941
      vertex 36.2 57.0576 15.0853
    endloop
  endfacet
  facet normal -1 0 -0
    outer loop
      vertex 36.2 57.0144 14.7941
      vertex 36.2 57.0144 14.2059
      vertex 36.2 57 14.5
    endloop
  endfacet
  facet normal 0 -0.428086 -0.903738
    outer loop
      vertex 33 60.0574 18.8386
      vertex 36.2 60.0707 18.8323
      vertex 36.2 60.0574 18.8386
    endloop
  endfacet
  facet normal -0 -0.428086 -0.903738
    outer loop
      vertex 36.2 60.0707 18.8323
      vertex 33 60.0574 18.8386
      vertex 33 60.0707 18.8323
    endloop
  endfacet
  facet normal 0 -0.516493 -0.856291
    outer loop
      vertex 33 60.0707 18.8323
      vertex 36.2 60.0833 18.8247
      vertex 36.2 60.0707 18.8323
    endloop
  endfacet
  facet normal -0 -0.516493 -0.856291
    outer loop
      vertex 36.2 60.0833 18.8247
      vertex 33 60.0707 18.8323
      vertex 33 60.0833 18.8247
    endloop
  endfacet
  facet normal 0 -0.0489044 0.998803
    outer loop
      vertex 33 60.2941 11.5144
      vertex 36.2 60 11.5
      vertex 36.2 60.2941 11.5144
    endloop
  endfacet
  facet normal 0 -0.0489044 0.998803
    outer loop
      vertex 36.2 60 11.5
      vertex 33 60.2941 11.5144
      vertex 33 60 11.5
    endloop
  endfacet
  facet normal 0 -0.803208 0.595699
    outer loop
      vertex 33 62.319 12.5968
      vertex 36.2 62.4944 12.8333
      vertex 33 62.4944 12.8333
    endloop
  endfacet
  facet normal 0 -0.803208 0.595699
    outer loop
      vertex 36.2 62.4944 12.8333
      vertex 33 62.319 12.5968
      vertex 36.2 62.319 12.5968
    endloop
  endfacet
  facet normal 0 -0.998803 0.0489044
    outer loop
      vertex 33 62.9856 14.2059
      vertex 36.2 63 14.5
      vertex 33 63 14.5
    endloop
  endfacet
  facet normal 0 -0.998803 0.0489044
    outer loop
      vertex 36.2 63 14.5
      vertex 33 62.9856 14.2059
      vertex 36.2 62.9856 14.2059
    endloop
  endfacet
  facet normal 0 0.245747 -0.969334
    outer loop
      vertex 33 59.9565 18.8435
      vertex 36.2 59.9707 18.8471
      vertex 36.2 59.9565 18.8435
    endloop
  endfacet
  facet normal 0 0.245747 -0.969334
    outer loop
      vertex 36.2 59.9707 18.8471
      vertex 33 59.9565 18.8435
      vertex 33 59.9707 18.8471
    endloop
  endfacet
  facet normal 0 0.590187 -0.807267
    outer loop
      vertex 33 59.9048 18.816
      vertex 36.2 59.9167 18.8247
      vertex 36.2 59.9048 18.816
    endloop
  endfacet
  facet normal 0 0.590187 -0.807267
    outer loop
      vertex 36.2 59.9167 18.8247
      vertex 33 59.9048 18.816
      vertex 33 59.9167 18.8247
    endloop
  endfacet
  facet normal 0 -0.740908 -0.671607
    outer loop
      vertex 33 62.319 16.4032
      vertex 36.2 62.1213 16.6213
      vertex 33 62.1213 16.6213
    endloop
  endfacet
  facet normal 0 -0.740908 -0.671607
    outer loop
      vertex 36.2 62.1213 16.6213
      vertex 33 62.319 16.4032
      vertex 36.2 62.319 16.4032
    endloop
  endfacet
  facet normal 0 0.735061 -0.678001
    outer loop
      vertex 36.2 57.8787 16.6213
      vertex 33 59.8939 18.8061
      vertex 36.2 59.8939 18.8061
    endloop
  endfacet
  facet normal 0 0.735061 -0.678001
    outer loop
      vertex 33 59.8939 18.8061
      vertex 36.2 57.8787 16.6213
      vertex 33 57.8787 16.6213
    endloop
  endfacet
  facet normal 0 0.989174 -0.146746
    outer loop
      vertex 36.2 57.0144 14.7941
      vertex 33 57.0576 15.0853
      vertex 36.2 57.0576 15.0853
    endloop
  endfacet
  facet normal 0 0.989174 -0.146746
    outer loop
      vertex 33 57.0576 15.0853
      vertex 36.2 57.0144 14.7941
      vertex 33 57.0144 14.7941
    endloop
  endfacet
  facet normal 0 -0.671607 0.740908
    outer loop
      vertex 33 62.1213 12.3787
      vertex 36.2 61.9032 12.181
      vertex 36.2 62.1213 12.3787
    endloop
  endfacet
  facet normal 0 -0.671607 0.740908
    outer loop
      vertex 36.2 61.9032 12.181
      vertex 33 62.1213 12.3787
      vertex 33 61.9032 12.181
    endloop
  endfacet
  facet normal 0 -0.989174 -0.146746
    outer loop
      vertex 33 62.9856 14.7941
      vertex 36.2 62.9424 15.0853
      vertex 33 62.9424 15.0853
    endloop
  endfacet
  facet normal 0 -0.989174 -0.146746
    outer loop
      vertex 36.2 62.9424 15.0853
      vertex 33 62.9856 14.7941
      vertex 36.2 62.9856 14.7941
    endloop
  endfacet
  facet normal 0 -0.243175 0.969982
    outer loop
      vertex 33 60.8709 11.6292
      vertex 36.2 60.5853 11.5576
      vertex 36.2 60.8709 11.6292
    endloop
  endfacet
  facet normal 0 -0.243175 0.969982
    outer loop
      vertex 36.2 60.5853 11.5576
      vertex 33 60.8709 11.6292
      vertex 33 60.5853 11.5576
    endloop
  endfacet
  facet normal -0 0.337047 0.941488
    outer loop
      vertex 33 59.1291 11.6292
      vertex 36.2 58.852 11.7284
      vertex 36.2 59.1291 11.6292
    endloop
  endfacet
  facet normal 0 0.337047 0.941488
    outer loop
      vertex 36.2 58.852 11.7284
      vertex 33 59.1291 11.6292
      vertex 33 58.852 11.7284
    endloop
  endfacet
  facet normal 0 -0.857643 0.514246
    outer loop
      vertex 33 62.4944 12.8333
      vertex 36.2 62.6458 13.0858
      vertex 33 62.6458 13.0858
    endloop
  endfacet
  facet normal 0 -0.857643 0.514246
    outer loop
      vertex 36.2 62.6458 13.0858
      vertex 33 62.4944 12.8333
      vertex 36.2 62.4944 12.8333
    endloop
  endfacet
  facet normal 0 -0.427269 0.904125
    outer loop
      vertex 33 61.4142 11.8542
      vertex 36.2 61.148 11.7284
      vertex 36.2 61.4142 11.8542
    endloop
  endfacet
  facet normal 0 -0.427269 0.904125
    outer loop
      vertex 36.2 61.148 11.7284
      vertex 33 61.4142 11.8542
      vertex 33 61.148 11.7284
    endloop
  endfacet
  facet normal 0 -0.904063 0.4274
    outer loop
      vertex 33 62.6458 13.0858
      vertex 36.2 62.7716 13.3519
      vertex 33 62.7716 13.3519
    endloop
  endfacet
  facet normal 0 -0.904063 0.4274
    outer loop
      vertex 36.2 62.7716 13.3519
      vertex 33 62.6458 13.0858
      vertex 36.2 62.6458 13.0858
    endloop
  endfacet
  facet normal 0 0.998803 -0.0489044
    outer loop
      vertex 36.2 57 14.5
      vertex 33 57.0144 14.7941
      vertex 36.2 57.0144 14.7941
    endloop
  endfacet
  facet normal 0 0.998803 -0.0489044
    outer loop
      vertex 33 57.0144 14.7941
      vertex 36.2 57 14.5
      vertex 33 57 14.5
    endloop
  endfacet
  facet normal 0 -0.735061 -0.678001
    outer loop
      vertex 33 62.1213 16.6213
      vertex 36.2 60.1061 18.8061
      vertex 33 60.1061 18.8061
    endloop
  endfacet
  facet normal 0 -0.735061 -0.678001
    outer loop
      vertex 36.2 60.1061 18.8061
      vertex 33 62.1213 16.6213
      vertex 36.2 62.1213 16.6213
    endloop
  endfacet
  facet normal -0 0.514246 0.857643
    outer loop
      vertex 33 58.5858 11.8542
      vertex 36.2 58.3333 12.0056
      vertex 36.2 58.5858 11.8542
    endloop
  endfacet
  facet normal 0 0.514246 0.857643
    outer loop
      vertex 36.2 58.3333 12.0056
      vertex 33 58.5858 11.8542
      vertex 33 58.3333 12.0056
    endloop
  endfacet
  facet normal 0 -0.590187 -0.807267
    outer loop
      vertex 33 60.0833 18.8247
      vertex 36.2 60.0952 18.816
      vertex 36.2 60.0833 18.8247
    endloop
  endfacet
  facet normal -0 -0.590187 -0.807267
    outer loop
      vertex 36.2 60.0952 18.816
      vertex 33 60.0833 18.8247
      vertex 33 60.0952 18.816
    endloop
  endfacet
  facet normal 0 0.332465 -0.943116
    outer loop
      vertex 33 59.9426 18.8386
      vertex 36.2 59.9565 18.8435
      vertex 36.2 59.9426 18.8386
    endloop
  endfacet
  facet normal 0 0.332465 -0.943116
    outer loop
      vertex 36.2 59.9565 18.8435
      vertex 33 59.9426 18.8386
      vertex 33 59.9565 18.8435
    endloop
  endfacet
  facet normal 0 0.0475651 -0.998868
    outer loop
      vertex 33 59.9853 18.8493
      vertex 36.2 60 18.85
      vertex 36.2 59.9853 18.8493
    endloop
  endfacet
  facet normal 0 0.0475651 -0.998868
    outer loop
      vertex 36.2 60 18.85
      vertex 33 59.9853 18.8493
      vertex 33 60 18.85
    endloop
  endfacet
  facet normal 0 -0.904125 -0.427269
    outer loop
      vertex 33 62.7716 15.648
      vertex 36.2 62.6458 15.9142
      vertex 33 62.6458 15.9142
    endloop
  endfacet
  facet normal 0 -0.904125 -0.427269
    outer loop
      vertex 36.2 62.6458 15.9142
      vertex 33 62.7716 15.648
      vertex 36.2 62.7716 15.648
    endloop
  endfacet
  facet normal 0 0.998803 0.0489044
    outer loop
      vertex 36.2 57.0144 14.2059
      vertex 33 57 14.5
      vertex 36.2 57 14.5
    endloop
  endfacet
  facet normal 0 0.998803 0.0489044
    outer loop
      vertex 33 57 14.5
      vertex 36.2 57.0144 14.2059
      vertex 33 57.0144 14.2059
    endloop
  endfacet
  facet normal -0 0.427269 0.904125
    outer loop
      vertex 33 58.852 11.7284
      vertex 36.2 58.5858 11.8542
      vertex 36.2 58.852 11.7284
    endloop
  endfacet
  facet normal 0 0.427269 0.904125
    outer loop
      vertex 36.2 58.5858 11.8542
      vertex 33 58.852 11.7284
      vertex 33 58.5858 11.8542
    endloop
  endfacet
  facet normal 0 0.857643 -0.514246
    outer loop
      vertex 36.2 57.3542 15.9142
      vertex 33 57.5056 16.1667
      vertex 36.2 57.5056 16.1667
    endloop
  endfacet
  facet normal 0 0.857643 -0.514246
    outer loop
      vertex 33 57.5056 16.1667
      vertex 36.2 57.3542 15.9142
      vertex 33 57.3542 15.9142
    endloop
  endfacet
  facet normal 0 -0.245747 -0.969334
    outer loop
      vertex 33 60.0293 18.8471
      vertex 36.2 60.0435 18.8435
      vertex 36.2 60.0293 18.8471
    endloop
  endfacet
  facet normal -0 -0.245747 -0.969334
    outer loop
      vertex 36.2 60.0435 18.8435
      vertex 33 60.0293 18.8471
      vertex 33 60.0435 18.8435
    endloop
  endfacet
  facet normal 0 -0.149003 -0.988837
    outer loop
      vertex 33 60.0147 18.8493
      vertex 36.2 60.0293 18.8471
      vertex 36.2 60.0147 18.8493
    endloop
  endfacet
  facet normal -0 -0.149003 -0.988837
    outer loop
      vertex 36.2 60.0293 18.8471
      vertex 33 60.0147 18.8493
      vertex 33 60.0293 18.8471
    endloop
  endfacet
  facet normal 0 0.803208 0.595699
    outer loop
      vertex 36.2 57.681 12.5968
      vertex 33 57.5056 12.8333
      vertex 36.2 57.5056 12.8333
    endloop
  endfacet
  facet normal 0 0.803208 0.595699
    outer loop
      vertex 33 57.5056 12.8333
      vertex 36.2 57.681 12.5968
      vertex 33 57.681 12.5968
    endloop
  endfacet
  facet normal 0 -0.595699 0.803208
    outer loop
      vertex 33 61.9032 12.181
      vertex 36.2 61.6667 12.0056
      vertex 36.2 61.9032 12.181
    endloop
  endfacet
  facet normal 0 -0.595699 0.803208
    outer loop
      vertex 36.2 61.6667 12.0056
      vertex 33 61.9032 12.181
      vertex 33 61.6667 12.0056
    endloop
  endfacet
  facet normal 0 0.516493 -0.856291
    outer loop
      vertex 33 59.9167 18.8247
      vertex 36.2 59.9293 18.8323
      vertex 36.2 59.9167 18.8247
    endloop
  endfacet
  facet normal 0 0.516493 -0.856291
    outer loop
      vertex 36.2 59.9293 18.8323
      vertex 33 59.9167 18.8247
      vertex 33 59.9293 18.8323
    endloop
  endfacet
  facet normal 0 0.740908 -0.671607
    outer loop
      vertex 36.2 57.681 16.4032
      vertex 33 57.8787 16.6213
      vertex 36.2 57.8787 16.6213
    endloop
  endfacet
  facet normal 0 0.740908 -0.671607
    outer loop
      vertex 33 57.8787 16.6213
      vertex 36.2 57.681 16.4032
      vertex 33 57.681 16.4032
    endloop
  endfacet
  facet normal 0 0.149003 -0.988837
    outer loop
      vertex 33 59.9707 18.8471
      vertex 36.2 59.9853 18.8493
      vertex 36.2 59.9707 18.8471
    endloop
  endfacet
  facet normal 0 0.149003 -0.988837
    outer loop
      vertex 36.2 59.9853 18.8493
      vertex 33 59.9707 18.8471
      vertex 33 59.9853 18.8493
    endloop
  endfacet
  facet normal 0 -0.989174 0.146746
    outer loop
      vertex 33 62.9424 13.9147
      vertex 36.2 62.9856 14.2059
      vertex 33 62.9856 14.2059
    endloop
  endfacet
  facet normal 0 -0.989174 0.146746
    outer loop
      vertex 36.2 62.9856 14.2059
      vertex 33 62.9424 13.9147
      vertex 36.2 62.9424 13.9147
    endloop
  endfacet
  facet normal 0 -0.969982 0.243175
    outer loop
      vertex 33 62.8708 13.6291
      vertex 36.2 62.9424 13.9147
      vertex 33 62.9424 13.9147
    endloop
  endfacet
  facet normal 0 -0.969982 0.243175
    outer loop
      vertex 36.2 62.9424 13.9147
      vertex 33 62.8708 13.6291
      vertex 36.2 62.8708 13.6291
    endloop
  endfacet
  facet normal 0 -0.941703 -0.336444
    outer loop
      vertex 33 102.871 15.3709
      vertex 36.2 102.772 15.648
      vertex 33 102.772 15.648
    endloop
  endfacet
  facet normal 0 -0.941703 -0.336444
    outer loop
      vertex 36.2 102.772 15.648
      vertex 33 102.871 15.3709
      vertex 36.2 102.871 15.3709
    endloop
  endfacet
  facet normal 0 -0.0466159 -0.998913
    outer loop
      vertex 33 100 18.85
      vertex 36.2 100.015 18.8493
      vertex 36.2 100 18.85
    endloop
  endfacet
  facet normal -0 -0.0466159 -0.998913
    outer loop
      vertex 36.2 100.015 18.8493
      vertex 33 100 18.85
      vertex 33 100.015 18.8493
    endloop
  endfacet
  facet normal 0 -0.970461 -0.241256
    outer loop
      vertex 33 102.942 15.0853
      vertex 36.2 102.871 15.3709
      vertex 33 102.871 15.3709
    endloop
  endfacet
  facet normal 0 -0.970461 -0.241256
    outer loop
      vertex 36.2 102.871 15.3709
      vertex 33 102.942 15.0853
      vertex 36.2 102.942 15.0853
    endloop
  endfacet
  facet normal 0 -0.146844 0.98916
    outer loop
      vertex 33 100.585 11.5576
      vertex 36.2 100.294 11.5144
      vertex 36.2 100.585 11.5576
    endloop
  endfacet
  facet normal 0 -0.146844 0.98916
    outer loop
      vertex 36.2 100.294 11.5144
      vertex 33 100.585 11.5576
      vertex 33 100.294 11.5144
    endloop
  endfacet
  facet normal 0 -0.337154 0.941449
    outer loop
      vertex 33 101.148 11.7284
      vertex 36.2 100.871 11.6292
      vertex 36.2 101.148 11.7284
    endloop
  endfacet
  facet normal 0 -0.337154 0.941449
    outer loop
      vertex 36.2 100.871 11.6292
      vertex 33 101.148 11.7284
      vertex 33 100.871 11.6292
    endloop
  endfacet
  facet normal 0 0.803208 -0.595699
    outer loop
      vertex 36.2 97.5056 16.1667
      vertex 33 97.681 16.4032
      vertex 36.2 97.681 16.4032
    endloop
  endfacet
  facet normal 0 0.803208 -0.595699
    outer loop
      vertex 33 97.681 16.4032
      vertex 36.2 97.5056 16.1667
      vertex 33 97.5056 16.1667
    endloop
  endfacet
  facet normal 0 0.428086 -0.903738
    outer loop
      vertex 33 99.9293 18.8323
      vertex 36.2 99.9426 18.8386
      vertex 36.2 99.9293 18.8323
    endloop
  endfacet
  facet normal 0 0.428086 -0.903738
    outer loop
      vertex 36.2 99.9426 18.8386
      vertex 33 99.9293 18.8323
      vertex 33 99.9426 18.8386
    endloop
  endfacet
  facet normal 0 -0.998869 -0.047549
    outer loop
      vertex 33 103 14.5
      vertex 36.2 102.986 14.7941
      vertex 33 102.986 14.7941
    endloop
  endfacet
  facet normal 0 -0.998869 -0.047549
    outer loop
      vertex 36.2 102.986 14.7941
      vertex 33 103 14.5
      vertex 36.2 103 14.5
    endloop
  endfacet
  facet normal 0 0.672335 -0.740247
    outer loop
      vertex 33 99.8939 18.8061
      vertex 36.2 99.9048 18.816
      vertex 36.2 99.8939 18.8061
    endloop
  endfacet
  facet normal 0 0.672335 -0.740247
    outer loop
      vertex 36.2 99.9048 18.816
      vertex 33 99.8939 18.8061
      vertex 33 99.9048 18.816
    endloop
  endfacet
  facet normal 0 0.941488 -0.337047
    outer loop
      vertex 36.2 97.1292 15.3709
      vertex 33 97.2284 15.648
      vertex 36.2 97.2284 15.648
    endloop
  endfacet
  facet normal 0 0.941488 -0.337047
    outer loop
      vertex 33 97.2284 15.648
      vertex 36.2 97.1292 15.3709
      vertex 33 97.1292 15.3709
    endloop
  endfacet
  facet normal 0 0.904063 0.4274
    outer loop
      vertex 36.2 97.3542 13.0858
      vertex 33 97.2284 13.3519
      vertex 36.2 97.2284 13.3519
    endloop
  endfacet
  facet normal 0 0.904063 0.4274
    outer loop
      vertex 33 97.2284 13.3519
      vertex 36.2 97.3542 13.0858
      vertex 33 97.3542 13.0858
    endloop
  endfacet
  facet normal -0 0.243175 0.969982
    outer loop
      vertex 33 99.4147 11.5576
      vertex 36.2 99.1291 11.6292
      vertex 36.2 99.4147 11.5576
    endloop
  endfacet
  facet normal 0 0.243175 0.969982
    outer loop
      vertex 36.2 99.1291 11.6292
      vertex 33 99.4147 11.5576
      vertex 33 99.1291 11.6292
    endloop
  endfacet
  facet normal -0 0.595699 0.803208
    outer loop
      vertex 33 98.3333 12.0056
      vertex 36.2 98.0968 12.181
      vertex 36.2 98.3333 12.0056
    endloop
  endfacet
  facet normal 0 0.595699 0.803208
    outer loop
      vertex 36.2 98.0968 12.181
      vertex 33 98.3333 12.0056
      vertex 33 98.0968 12.181
    endloop
  endfacet
  facet normal 0 -0.856744 -0.515743
    outer loop
      vertex 33 102.646 15.9142
      vertex 36.2 102.494 16.1667
      vertex 33 102.494 16.1667
    endloop
  endfacet
  facet normal 0 -0.856744 -0.515743
    outer loop
      vertex 36.2 102.494 16.1667
      vertex 33 102.646 15.9142
      vertex 36.2 102.646 15.9142
    endloop
  endfacet
  facet normal -0 0.0489044 0.998803
    outer loop
      vertex 33 100 11.5
      vertex 36.2 99.7059 11.5144
      vertex 36.2 100 11.5
    endloop
  endfacet
  facet normal 0 0.0489044 0.998803
    outer loop
      vertex 36.2 99.7059 11.5144
      vertex 33 100 11.5
      vertex 33 99.7059 11.5144
    endloop
  endfacet
  facet normal 0 -0.941742 0.336336
    outer loop
      vertex 33 102.772 13.3519
      vertex 36.2 102.871 13.6291
      vertex 33 102.871 13.6291
    endloop
  endfacet
  facet normal 0 -0.941742 0.336336
    outer loop
      vertex 36.2 102.871 13.6291
      vertex 33 102.772 13.3519
      vertex 36.2 102.772 13.3519
    endloop
  endfacet
  facet normal 0 -0.668965 -0.743294
    outer loop
      vertex 33 100.095 18.816
      vertex 36.2 100.106 18.8061
      vertex 36.2 100.095 18.816
    endloop
  endfacet
  facet normal -0 -0.668965 -0.743294
    outer loop
      vertex 36.2 100.106 18.8061
      vertex 33 100.095 18.816
      vertex 33 100.106 18.8061
    endloop
  endfacet
  facet normal 0 0.969982 0.243175
    outer loop
      vertex 36.2 97.1292 13.6291
      vertex 33 97.0576 13.9147
      vertex 36.2 97.0576 13.9147
    endloop
  endfacet
  facet normal 0 0.969982 0.243175
    outer loop
      vertex 33 97.0576 13.9147
      vertex 36.2 97.1292 13.6291
      vertex 33 97.1292 13.6291
    endloop
  endfacet
  facet normal 0 -0.740401 0.672166
    outer loop
      vertex 33 102.121 12.3787
      vertex 36.2 102.319 12.5968
      vertex 33 102.319 12.5968
    endloop
  endfacet
  facet normal 0 -0.740401 0.672166
    outer loop
      vertex 36.2 102.319 12.5968
      vertex 33 102.121 12.3787
      vertex 36.2 102.121 12.3787
    endloop
  endfacet
  facet normal 0 0.941527 0.336939
    outer loop
      vertex 36.2 97.2284 13.3519
      vertex 33 97.1292 13.6291
      vertex 36.2 97.1292 13.6291
    endloop
  endfacet
  facet normal 0 0.941527 0.336939
    outer loop
      vertex 33 97.1292 13.6291
      vertex 36.2 97.2284 13.3519
      vertex 33 97.2284 13.3519
    endloop
  endfacet
  facet normal 0 -0.352701 -0.935736
    outer loop
      vertex 33 100.044 18.8435
      vertex 36.2 100.057 18.8386
      vertex 36.2 100.044 18.8435
    endloop
  endfacet
  facet normal -0 -0.352701 -0.935736
    outer loop
      vertex 36.2 100.057 18.8386
      vertex 33 100.044 18.8435
      vertex 33 100.057 18.8386
    endloop
  endfacet
  facet normal 0 0.904125 -0.427269
    outer loop
      vertex 36.2 97.2284 15.648
      vertex 33 97.3542 15.9142
      vertex 36.2 97.3542 15.9142
    endloop
  endfacet
  facet normal 0 0.904125 -0.427269
    outer loop
      vertex 33 97.3542 15.9142
      vertex 36.2 97.2284 15.648
      vertex 33 97.2284 15.648
    endloop
  endfacet
  facet normal 0 -0.803858 -0.594821
    outer loop
      vertex 33 102.494 16.1667
      vertex 36.2 102.319 16.4032
      vertex 33 102.319 16.4032
    endloop
  endfacet
  facet normal 0 -0.803858 -0.594821
    outer loop
      vertex 36.2 102.319 16.4032
      vertex 33 102.494 16.1667
      vertex 36.2 102.494 16.1667
    endloop
  endfacet
  facet normal 0 0.857643 0.514246
    outer loop
      vertex 36.2 97.5056 12.8333
      vertex 33 97.3542 13.0858
      vertex 36.2 97.3542 13.0858
    endloop
  endfacet
  facet normal 0 0.857643 0.514246
    outer loop
      vertex 33 97.3542 13.0858
      vertex 36.2 97.5056 12.8333
      vertex 33 97.5056 12.8333
    endloop
  endfacet
  facet normal -0 0.146746 0.989174
    outer loop
      vertex 33 99.7059 11.5144
      vertex 36.2 99.4147 11.5576
      vertex 36.2 99.7059 11.5144
    endloop
  endfacet
  facet normal 0 0.146746 0.989174
    outer loop
      vertex 36.2 99.4147 11.5576
      vertex 33 99.7059 11.5144
      vertex 33 99.4147 11.5576
    endloop
  endfacet
  facet normal 0 0.740908 0.671607
    outer loop
      vertex 36.2 97.8787 12.3787
      vertex 33 97.681 12.5968
      vertex 36.2 97.681 12.5968
    endloop
  endfacet
  facet normal 0 0.740908 0.671607
    outer loop
      vertex 33 97.681 12.5968
      vertex 36.2 97.8787 12.3787
      vertex 33 97.8787 12.3787
    endloop
  endfacet
  facet normal 0 0.989174 0.146746
    outer loop
      vertex 36.2 97.0576 13.9147
      vertex 33 97.0144 14.2059
      vertex 36.2 97.0144 14.2059
    endloop
  endfacet
  facet normal 0 0.989174 0.146746
    outer loop
      vertex 33 97.0144 14.2059
      vertex 36.2 97.0576 13.9147
      vertex 33 97.0576 13.9147
    endloop
  endfacet
  facet normal 0 0.969982 -0.243175
    outer loop
      vertex 36.2 97.0576 15.0853
      vertex 33 97.1292 15.3709
      vertex 36.2 97.1292 15.3709
    endloop
  endfacet
  facet normal 0 0.969982 -0.243175
    outer loop
      vertex 33 97.1292 15.3709
      vertex 36.2 97.0576 15.0853
      vertex 33 97.0576 15.0853
    endloop
  endfacet
  facet normal -0 0.671607 0.740908
    outer loop
      vertex 33 98.0968 12.181
      vertex 36.2 97.8787 12.3787
      vertex 36.2 98.0968 12.181
    endloop
  endfacet
  facet normal 0 0.671607 0.740908
    outer loop
      vertex 36.2 97.8787 12.3787
      vertex 33 98.0968 12.181
      vertex 33 97.8787 12.3787
    endloop
  endfacet
  facet normal 0 -0.513498 0.858091
    outer loop
      vertex 33 101.667 12.0056
      vertex 36.2 101.414 11.8542
      vertex 36.2 101.667 12.0056
    endloop
  endfacet
  facet normal 0 -0.513498 0.858091
    outer loop
      vertex 36.2 101.414 11.8542
      vertex 33 101.667 12.0056
      vertex 33 101.414 11.8542
    endloop
  endfacet
  facet normal -1 0 0
    outer loop
      vertex 36.2 102.986 14.2059
      vertex 36.2 102.986 14.7941
      vertex 36.2 103 14.5
    endloop
  endfacet
  facet normal -1 0 0
    outer loop
      vertex 36.2 102.942 13.9147
      vertex 36.2 102.986 14.7941
      vertex 36.2 102.986 14.2059
    endloop
  endfacet
  facet normal -1 0 0
    outer loop
      vertex 36.2 102.942 13.9147
      vertex 36.2 102.942 15.0853
      vertex 36.2 102.986 14.7941
    endloop
  endfacet
  facet normal -1 0 0
    outer loop
      vertex 36.2 102.871 13.6291
      vertex 36.2 102.942 15.0853
      vertex 36.2 102.942 13.9147
    endloop
  endfacet
  facet normal -1 0 0
    outer loop
      vertex 36.2 102.871 13.6291
      vertex 36.2 102.871 15.3709
      vertex 36.2 102.942 15.0853
    endloop
  endfacet
  facet normal -1 0 0
    outer loop
      vertex 36.2 102.772 13.3519
      vertex 36.2 102.871 15.3709
      vertex 36.2 102.871 13.6291
    endloop
  endfacet
  facet normal -1 0 0
    outer loop
      vertex 36.2 102.772 13.3519
      vertex 36.2 102.772 15.648
      vertex 36.2 102.871 15.3709
    endloop
  endfacet
  facet normal -1 0 0
    outer loop
      vertex 36.2 102.646 13.0858
      vertex 36.2 102.772 15.648
      vertex 36.2 102.772 13.3519
    endloop
  endfacet
  facet normal -1 0 0
    outer loop
      vertex 36.2 102.646 13.0858
      vertex 36.2 102.646 15.9142
      vertex 36.2 102.772 15.648
    endloop
  endfacet
  facet normal -1 0 0
    outer loop
      vertex 36.2 102.494 12.8333
      vertex 36.2 102.646 15.9142
      vertex 36.2 102.646 13.0858
    endloop
  endfacet
  facet normal -1 0 0
    outer loop
      vertex 36.2 102.494 12.8333
      vertex 36.2 102.494 16.1667
      vertex 36.2 102.646 15.9142
    endloop
  endfacet
  facet normal -1 0 0
    outer loop
      vertex 36.2 102.319 12.5968
      vertex 36.2 102.494 16.1667
      vertex 36.2 102.494 12.8333
    endloop
  endfacet
  facet normal -1 0 0
    outer loop
      vertex 36.2 102.319 12.5968
      vertex 36.2 102.319 16.4032
      vertex 36.2 102.494 16.1667
    endloop
  endfacet
  facet normal -1 0 0
    outer loop
      vertex 36.2 102.121 12.3787
      vertex 36.2 102.319 16.4032
      vertex 36.2 102.319 12.5968
    endloop
  endfacet
  facet normal -1 0 0
    outer loop
      vertex 36.2 102.121 12.3787
      vertex 36.2 102.121 16.6213
      vertex 36.2 102.319 16.4032
    endloop
  endfacet
  facet normal -1 0 0
    outer loop
      vertex 36.2 101.903 12.181
      vertex 36.2 102.121 16.6213
      vertex 36.2 102.121 12.3787
    endloop
  endfacet
  facet normal -1 0 0
    outer loop
      vertex 36.2 101.667 12.0056
      vertex 36.2 102.121 16.6213
      vertex 36.2 101.903 12.181
    endloop
  endfacet
  facet normal -1 0 0
    outer loop
      vertex 36.2 101.414 11.8542
      vertex 36.2 102.121 16.6213
      vertex 36.2 101.667 12.0056
    endloop
  endfacet
  facet normal -1 0 0
    outer loop
      vertex 36.2 101.148 11.7284
      vertex 36.2 102.121 16.6213
      vertex 36.2 101.414 11.8542
    endloop
  endfacet
  facet normal -1 0 0
    outer loop
      vertex 36.2 100.871 11.6292
      vertex 36.2 102.121 16.6213
      vertex 36.2 101.148 11.7284
    endloop
  endfacet
  facet normal -1 0 0
    outer loop
      vertex 36.2 100.585 11.5576
      vertex 36.2 102.121 16.6213
      vertex 36.2 100.871 11.6292
    endloop
  endfacet
  facet normal -1 0 0
    outer loop
      vertex 36.2 100.294 11.5144
      vertex 36.2 102.121 16.6213
      vertex 36.2 100.585 11.5576
    endloop
  endfacet
  facet normal -1 0 0
    outer loop
      vertex 36.2 97.8787 16.6213
      vertex 36.2 102.121 16.6213
      vertex 36.2 100.294 11.5144
    endloop
  endfacet
  facet normal -1 0 0
    outer loop
      vertex 36.2 102.121 16.6213
      vertex 36.2 97.8787 16.6213
      vertex 36.2 100.106 18.8061
    endloop
  endfacet
  facet normal -1 0 -0
    outer loop
      vertex 36.2 99.8939 18.8061
      vertex 36.2 100.106 18.8061
      vertex 36.2 97.8787 16.6213
    endloop
  endfacet
  facet normal -1 0 0
    outer loop
      vertex 36.2 100.106 18.8061
      vertex 36.2 99.8939 18.8061
      vertex 36.2 100.095 18.816
    endloop
  endfacet
  facet normal -1 -0 0
    outer loop
      vertex 36.2 100.095 18.816
      vertex 36.2 99.8939 18.8061
      vertex 36.2 100.083 18.8247
    endloop
  endfacet
  facet normal -1 -0 0
    outer loop
      vertex 36.2 100.083 18.8247
      vertex 36.2 99.8939 18.8061
      vertex 36.2 100.071 18.8323
    endloop
  endfacet
  facet normal -1 -0 0
    outer loop
      vertex 36.2 100.071 18.8323
      vertex 36.2 99.8939 18.8061
      vertex 36.2 100.057 18.8386
    endloop
  endfacet
  facet normal -1 -0 0
    outer loop
      vertex 36.2 100.057 18.8386
      vertex 36.2 99.8939 18.8061
      vertex 36.2 100.044 18.8435
    endloop
  endfacet
  facet normal -1 0 0
    outer loop
      vertex 36.2 97.8787 16.6213
      vertex 36.2 100.294 11.5144
      vertex 36.2 100 11.5
    endloop
  endfacet
  facet normal -1 -0 0
    outer loop
      vertex 36.2 100.044 18.8435
      vertex 36.2 99.8939 18.8061
      vertex 36.2 100.029 18.8471
    endloop
  endfacet
  facet normal -1 -0 0
    outer loop
      vertex 36.2 100.029 18.8471
      vertex 36.2 99.8939 18.8061
      vertex 36.2 100.015 18.8493
    endloop
  endfacet
  facet normal -1 0 0
    outer loop
      vertex 36.2 100 18.85
      vertex 36.2 99.8939 18.8061
      vertex 36.2 99.9853 18.8493
    endloop
  endfacet
  facet normal -1 0 0
    outer loop
      vertex 36.2 99.9853 18.8493
      vertex 36.2 99.8939 18.8061
      vertex 36.2 99.9707 18.8471
    endloop
  endfacet
  facet normal -1 0 0
    outer loop
      vertex 36.2 99.9707 18.8471
      vertex 36.2 99.8939 18.8061
      vertex 36.2 99.9565 18.8435
    endloop
  endfacet
  facet normal -1 0 0
    outer loop
      vertex 36.2 99.9565 18.8435
      vertex 36.2 99.8939 18.8061
      vertex 36.2 99.9426 18.8386
    endloop
  endfacet
  facet normal -1 0 0
    outer loop
      vertex 36.2 99.9426 18.8386
      vertex 36.2 99.8939 18.8061
      vertex 36.2 99.9293 18.8323
    endloop
  endfacet
  facet normal -1 0 0
    outer loop
      vertex 36.2 99.9293 18.8323
      vertex 36.2 99.8939 18.8061
      vertex 36.2 99.9167 18.8247
    endloop
  endfacet
  facet normal -1 0 0
    outer loop
      vertex 36.2 99.9167 18.8247
      vertex 36.2 99.8939 18.8061
      vertex 36.2 99.9048 18.816
    endloop
  endfacet
  facet normal -1 0 0
    outer loop
      vertex 36.2 97.8787 16.6213
      vertex 36.2 100 11.5
      vertex 36.2 99.7059 11.5144
    endloop
  endfacet
  facet normal -1 0 0
    outer loop
      vertex 36.2 97.8787 16.6213
      vertex 36.2 99.7059 11.5144
      vertex 36.2 99.4147 11.5576
    endloop
  endfacet
  facet normal -1 0 0
    outer loop
      vertex 36.2 97.8787 16.6213
      vertex 36.2 99.4147 11.5576
      vertex 36.2 99.1291 11.6292
    endloop
  endfacet
  facet normal -1 0 0
    outer loop
      vertex 36.2 97.8787 16.6213
      vertex 36.2 99.1291 11.6292
      vertex 36.2 98.852 11.7284
    endloop
  endfacet
  facet normal -1 0 0
    outer loop
      vertex 36.2 97.8787 16.6213
      vertex 36.2 98.852 11.7284
      vertex 36.2 98.5858 11.8542
    endloop
  endfacet
  facet normal -1 0 0
    outer loop
      vertex 36.2 97.8787 16.6213
      vertex 36.2 98.5858 11.8542
      vertex 36.2 98.3333 12.0056
    endloop
  endfacet
  facet normal -1 0 0
    outer loop
      vertex 36.2 97.8787 16.6213
      vertex 36.2 98.3333 12.0056
      vertex 36.2 98.0968 12.181
    endloop
  endfacet
  facet normal -1 0 0
    outer loop
      vertex 36.2 97.8787 16.6213
      vertex 36.2 98.0968 12.181
      vertex 36.2 97.8787 12.3787
    endloop
  endfacet
  facet normal -1 -0 0
    outer loop
      vertex 36.2 100.015 18.8493
      vertex 36.2 99.8939 18.8061
      vertex 36.2 100 18.85
    endloop
  endfacet
  facet normal -1 0 0
    outer loop
      vertex 36.2 97.681 12.5968
      vertex 36.2 97.8787 16.6213
      vertex 36.2 97.8787 12.3787
    endloop
  endfacet
  facet normal -1 0 0
    outer loop
      vertex 36.2 97.681 12.5968
      vertex 36.2 97.681 16.4032
      vertex 36.2 97.8787 16.6213
    endloop
  endfacet
  facet normal -1 0 0
    outer loop
      vertex 36.2 97.5056 12.8333
      vertex 36.2 97.681 16.4032
      vertex 36.2 97.681 12.5968
    endloop
  endfacet
  facet normal -1 0 0
    outer loop
      vertex 36.2 97.5056 12.8333
      vertex 36.2 97.5056 16.1667
      vertex 36.2 97.681 16.4032
    endloop
  endfacet
  facet normal -1 0 0
    outer loop
      vertex 36.2 97.3542 13.0858
      vertex 36.2 97.5056 16.1667
      vertex 36.2 97.5056 12.8333
    endloop
  endfacet
  facet normal -1 0 0
    outer loop
      vertex 36.2 97.3542 13.0858
      vertex 36.2 97.3542 15.9142
      vertex 36.2 97.5056 16.1667
    endloop
  endfacet
  facet normal -1 0 0
    outer loop
      vertex 36.2 97.2284 13.3519
      vertex 36.2 97.3542 15.9142
      vertex 36.2 97.3542 13.0858
    endloop
  endfacet
  facet normal -1 0 0
    outer loop
      vertex 36.2 97.2284 13.3519
      vertex 36.2 97.2284 15.648
      vertex 36.2 97.3542 15.9142
    endloop
  endfacet
  facet normal -1 0 0
    outer loop
      vertex 36.2 97.1292 13.6291
      vertex 36.2 97.2284 15.648
      vertex 36.2 97.2284 13.3519
    endloop
  endfacet
  facet normal -1 0 0
    outer loop
      vertex 36.2 97.1292 13.6291
      vertex 36.2 97.1292 15.3709
      vertex 36.2 97.2284 15.648
    endloop
  endfacet
  facet normal -1 0 0
    outer loop
      vertex 36.2 97.0576 13.9147
      vertex 36.2 97.1292 15.3709
      vertex 36.2 97.1292 13.6291
    endloop
  endfacet
  facet normal -1 0 0
    outer loop
      vertex 36.2 97.0576 13.9147
      vertex 36.2 97.0576 15.0853
      vertex 36.2 97.1292 15.3709
    endloop
  endfacet
  facet normal -1 0 0
    outer loop
      vertex 36.2 97.0144 14.2059
      vertex 36.2 97.0576 15.0853
      vertex 36.2 97.0576 13.9147
    endloop
  endfacet
  facet normal -1 0 0
    outer loop
      vertex 36.2 97.0144 14.2059
      vertex 36.2 97.0144 14.7941
      vertex 36.2 97.0576 15.0853
    endloop
  endfacet
  facet normal -1 0 -0
    outer loop
      vertex 36.2 97.0144 14.7941
      vertex 36.2 97.0144 14.2059
      vertex 36.2 97 14.5
    endloop
  endfacet
  facet normal 0 -0.410365 -0.911922
    outer loop
      vertex 33 100.057 18.8386
      vertex 36.2 100.071 18.8323
      vertex 36.2 100.057 18.8386
    endloop
  endfacet
  facet normal -0 -0.410365 -0.911922
    outer loop
      vertex 36.2 100.071 18.8323
      vertex 33 100.057 18.8386
      vertex 33 100.071 18.8323
    endloop
  endfacet
  facet normal 0 -0.535052 -0.844819
    outer loop
      vertex 33 100.071 18.8323
      vertex 36.2 100.083 18.8247
      vertex 36.2 100.071 18.8323
    endloop
  endfacet
  facet normal -0 -0.535052 -0.844819
    outer loop
      vertex 36.2 100.083 18.8247
      vertex 33 100.071 18.8323
      vertex 33 100.083 18.8247
    endloop
  endfacet
  facet normal 0 -0.0489209 0.998803
    outer loop
      vertex 33 100.294 11.5144
      vertex 36.2 100 11.5
      vertex 36.2 100.294 11.5144
    endloop
  endfacet
  facet normal 0 -0.0489209 0.998803
    outer loop
      vertex 36.2 100 11.5
      vertex 33 100.294 11.5144
      vertex 33 100 11.5
    endloop
  endfacet
  facet normal 0 -0.803858 0.594821
    outer loop
      vertex 33 102.319 12.5968
      vertex 36.2 102.494 12.8333
      vertex 33 102.494 12.8333
    endloop
  endfacet
  facet normal 0 -0.803858 0.594821
    outer loop
      vertex 36.2 102.494 12.8333
      vertex 33 102.319 12.5968
      vertex 36.2 102.319 12.5968
    endloop
  endfacet
  facet normal 0 -0.998869 0.047549
    outer loop
      vertex 33 102.986 14.2059
      vertex 36.2 103 14.5
      vertex 33 103 14.5
    endloop
  endfacet
  facet normal 0 -0.998869 0.047549
    outer loop
      vertex 36.2 103 14.5
      vertex 33 102.986 14.2059
      vertex 36.2 102.986 14.2059
    endloop
  endfacet
  facet normal 0 0.245747 -0.969334
    outer loop
      vertex 33 99.9565 18.8435
      vertex 36.2 99.9707 18.8471
      vertex 36.2 99.9565 18.8435
    endloop
  endfacet
  facet normal 0 0.245747 -0.969334
    outer loop
      vertex 36.2 99.9707 18.8471
      vertex 33 99.9565 18.8435
      vertex 33 99.9707 18.8471
    endloop
  endfacet
  facet normal 0 0.590187 -0.807267
    outer loop
      vertex 33 99.9048 18.816
      vertex 36.2 99.9167 18.8247
      vertex 36.2 99.9048 18.816
    endloop
  endfacet
  facet normal 0 0.590187 -0.807267
    outer loop
      vertex 36.2 99.9167 18.8247
      vertex 33 99.9048 18.816
      vertex 33 99.9167 18.8247
    endloop
  endfacet
  facet normal 0 -0.740401 -0.672166
    outer loop
      vertex 33 102.319 16.4032
      vertex 36.2 102.121 16.6213
      vertex 33 102.121 16.6213
    endloop
  endfacet
  facet normal 0 -0.740401 -0.672166
    outer loop
      vertex 36.2 102.121 16.6213
      vertex 33 102.319 16.4032
      vertex 36.2 102.319 16.4032
    endloop
  endfacet
  facet normal 0 0.735061 -0.678001
    outer loop
      vertex 36.2 97.8787 16.6213
      vertex 33 99.8939 18.8061
      vertex 36.2 99.8939 18.8061
    endloop
  endfacet
  facet normal 0 0.735061 -0.678001
    outer loop
      vertex 33 99.8939 18.8061
      vertex 36.2 97.8787 16.6213
      vertex 33 97.8787 16.6213
    endloop
  endfacet
  facet normal 0 0.989174 -0.146746
    outer loop
      vertex 36.2 97.0144 14.7941
      vertex 33 97.0576 15.0853
      vertex 36.2 97.0576 15.0853
    endloop
  endfacet
  facet normal 0 0.989174 -0.146746
    outer loop
      vertex 33 97.0576 15.0853
      vertex 36.2 97.0144 14.7941
      vertex 33 97.0144 14.7941
    endloop
  endfacet
  facet normal 0 -0.671776 0.740754
    outer loop
      vertex 33 102.121 12.3787
      vertex 36.2 101.903 12.181
      vertex 36.2 102.121 12.3787
    endloop
  endfacet
  facet normal 0 -0.671776 0.740754
    outer loop
      vertex 36.2 101.903 12.181
      vertex 33 102.121 12.3787
      vertex 33 101.903 12.181
    endloop
  endfacet
  facet normal 0 -0.988776 -0.149403
    outer loop
      vertex 33 102.986 14.7941
      vertex 36.2 102.942 15.0853
      vertex 33 102.942 15.0853
    endloop
  endfacet
  facet normal 0 -0.988776 -0.149403
    outer loop
      vertex 36.2 102.942 15.0853
      vertex 33 102.986 14.7941
      vertex 36.2 102.986 14.7941
    endloop
  endfacet
  facet normal 0 -0.242855 0.970063
    outer loop
      vertex 33 100.871 11.6292
      vertex 36.2 100.585 11.5576
      vertex 36.2 100.871 11.6292
    endloop
  endfacet
  facet normal 0 -0.242855 0.970063
    outer loop
      vertex 36.2 100.585 11.5576
      vertex 33 100.871 11.6292
      vertex 33 100.585 11.5576
    endloop
  endfacet
  facet normal -0 0.337047 0.941488
    outer loop
      vertex 33 99.1291 11.6292
      vertex 36.2 98.852 11.7284
      vertex 36.2 99.1291 11.6292
    endloop
  endfacet
  facet normal 0 0.337047 0.941488
    outer loop
      vertex 36.2 98.852 11.7284
      vertex 33 99.1291 11.6292
      vertex 33 98.852 11.7284
    endloop
  endfacet
  facet normal 0 -0.856744 0.515743
    outer loop
      vertex 33 102.494 12.8333
      vertex 36.2 102.646 13.0858
      vertex 33 102.646 13.0858
    endloop
  endfacet
  facet normal 0 -0.856744 0.515743
    outer loop
      vertex 36.2 102.646 13.0858
      vertex 33 102.494 12.8333
      vertex 36.2 102.494 12.8333
    endloop
  endfacet
  facet normal 0 -0.427531 0.904001
    outer loop
      vertex 33 101.414 11.8542
      vertex 36.2 101.148 11.7284
      vertex 36.2 101.414 11.8542
    endloop
  endfacet
  facet normal 0 -0.427531 0.904001
    outer loop
      vertex 36.2 101.148 11.7284
      vertex 33 101.414 11.8542
      vertex 33 101.148 11.7284
    endloop
  endfacet
  facet normal 0 -0.9038 0.427955
    outer loop
      vertex 33 102.646 13.0858
      vertex 36.2 102.772 13.3519
      vertex 33 102.772 13.3519
    endloop
  endfacet
  facet normal 0 -0.9038 0.427955
    outer loop
      vertex 36.2 102.772 13.3519
      vertex 33 102.646 13.0858
      vertex 36.2 102.646 13.0858
    endloop
  endfacet
  facet normal 0 0.998803 -0.0489044
    outer loop
      vertex 36.2 97 14.5
      vertex 33 97.0144 14.7941
      vertex 36.2 97.0144 14.7941
    endloop
  endfacet
  facet normal 0 0.998803 -0.0489044
    outer loop
      vertex 33 97.0144 14.7941
      vertex 36.2 97 14.5
      vertex 33 97 14.5
    endloop
  endfacet
  facet normal 0 -0.735095 -0.677964
    outer loop
      vertex 33 102.121 16.6213
      vertex 36.2 100.106 18.8061
      vertex 33 100.106 18.8061
    endloop
  endfacet
  facet normal 0 -0.735095 -0.677964
    outer loop
      vertex 36.2 100.106 18.8061
      vertex 33 102.121 16.6213
      vertex 36.2 102.121 16.6213
    endloop
  endfacet
  facet normal -0 0.514246 0.857643
    outer loop
      vertex 33 98.5858 11.8542
      vertex 36.2 98.3333 12.0056
      vertex 36.2 98.5858 11.8542
    endloop
  endfacet
  facet normal 0 0.514246 0.857643
    outer loop
      vertex 36.2 98.3333 12.0056
      vertex 33 98.5858 11.8542
      vertex 33 98.3333 12.0056
    endloop
  endfacet
  facet normal 0 -0.586968 -0.80961
    outer loop
      vertex 33 100.083 18.8247
      vertex 36.2 100.095 18.816
      vertex 36.2 100.083 18.8247
    endloop
  endfacet
  facet normal -0 -0.586968 -0.80961
    outer loop
      vertex 36.2 100.095 18.816
      vertex 33 100.083 18.8247
      vertex 33 100.095 18.816
    endloop
  endfacet
  facet normal 0 0.332465 -0.943116
    outer loop
      vertex 33 99.9426 18.8386
      vertex 36.2 99.9565 18.8435
      vertex 36.2 99.9426 18.8386
    endloop
  endfacet
  facet normal 0 0.332465 -0.943116
    outer loop
      vertex 36.2 99.9565 18.8435
      vertex 33 99.9426 18.8386
      vertex 33 99.9565 18.8435
    endloop
  endfacet
  facet normal 0 0.0475651 -0.998868
    outer loop
      vertex 33 99.9853 18.8493
      vertex 36.2 100 18.85
      vertex 36.2 99.9853 18.8493
    endloop
  endfacet
  facet normal 0 0.0475651 -0.998868
    outer loop
      vertex 36.2 100 18.85
      vertex 33 99.9853 18.8493
      vertex 33 100 18.85
    endloop
  endfacet
  facet normal -0 0.427269 0.904125
    outer loop
      vertex 33 98.852 11.7284
      vertex 36.2 98.5858 11.8542
      vertex 36.2 98.852 11.7284
    endloop
  endfacet
  facet normal 0 0.427269 0.904125
    outer loop
      vertex 36.2 98.5858 11.8542
      vertex 33 98.852 11.7284
      vertex 33 98.5858 11.8542
    endloop
  endfacet
  facet normal 0 -0.903862 -0.427824
    outer loop
      vertex 33 102.772 15.648
      vertex 36.2 102.646 15.9142
      vertex 33 102.646 15.9142
    endloop
  endfacet
  facet normal 0 -0.903862 -0.427824
    outer loop
      vertex 36.2 102.646 15.9142
      vertex 33 102.772 15.648
      vertex 36.2 102.772 15.648
    endloop
  endfacet
  facet normal 0 0.998803 0.0489044
    outer loop
      vertex 36.2 97.0144 14.2059
      vertex 33 97 14.5
      vertex 36.2 97 14.5
    endloop
  endfacet
  facet normal 0 0.998803 0.0489044
    outer loop
      vertex 33 97 14.5
      vertex 36.2 97.0144 14.2059
      vertex 33 97.0144 14.2059
    endloop
  endfacet
  facet normal 0 0.857643 -0.514246
    outer loop
      vertex 36.2 97.3542 15.9142
      vertex 33 97.5056 16.1667
      vertex 36.2 97.5056 16.1667
    endloop
  endfacet
  facet normal 0 0.857643 -0.514246
    outer loop
      vertex 33 97.5056 16.1667
      vertex 36.2 97.3542 15.9142
      vertex 33 97.3542 15.9142
    endloop
  endfacet
  facet normal 0 -0.233373 -0.972387
    outer loop
      vertex 33 100.029 18.8471
      vertex 36.2 100.044 18.8435
      vertex 36.2 100.029 18.8471
    endloop
  endfacet
  facet normal -0 -0.233373 -0.972387
    outer loop
      vertex 36.2 100.044 18.8435
      vertex 33 100.029 18.8471
      vertex 33 100.044 18.8435
    endloop
  endfacet
  facet normal 0 -0.155238 -0.987877
    outer loop
      vertex 33 100.015 18.8493
      vertex 36.2 100.029 18.8471
      vertex 36.2 100.015 18.8493
    endloop
  endfacet
  facet normal -0 -0.155238 -0.987877
    outer loop
      vertex 36.2 100.029 18.8471
      vertex 33 100.015 18.8493
      vertex 33 100.029 18.8471
    endloop
  endfacet
  facet normal 0 0.803208 0.595699
    outer loop
      vertex 36.2 97.681 12.5968
      vertex 33 97.5056 12.8333
      vertex 36.2 97.5056 12.8333
    endloop
  endfacet
  facet normal 0 0.803208 0.595699
    outer loop
      vertex 33 97.5056 12.8333
      vertex 36.2 97.681 12.5968
      vertex 33 97.681 12.5968
    endloop
  endfacet
  facet normal 0 -0.596512 0.802604
    outer loop
      vertex 33 101.903 12.181
      vertex 36.2 101.667 12.0056
      vertex 36.2 101.903 12.181
    endloop
  endfacet
  facet normal 0 -0.596512 0.802604
    outer loop
      vertex 36.2 101.667 12.0056
      vertex 33 101.903 12.181
      vertex 33 101.667 12.0056
    endloop
  endfacet
  facet normal 0 0.740908 -0.671607
    outer loop
      vertex 36.2 97.681 16.4032
      vertex 33 97.8787 16.6213
      vertex 36.2 97.8787 16.6213
    endloop
  endfacet
  facet normal 0 0.740908 -0.671607
    outer loop
      vertex 33 97.8787 16.6213
      vertex 36.2 97.681 16.4032
      vertex 33 97.681 16.4032
    endloop
  endfacet
  facet normal 0 0.149003 -0.988837
    outer loop
      vertex 33 99.9707 18.8471
      vertex 36.2 99.9853 18.8493
      vertex 36.2 99.9707 18.8471
    endloop
  endfacet
  facet normal 0 0.149003 -0.988837
    outer loop
      vertex 36.2 99.9853 18.8493
      vertex 33 99.9707 18.8471
      vertex 33 99.9853 18.8493
    endloop
  endfacet
  facet normal 0 -0.988776 0.149403
    outer loop
      vertex 33 102.942 13.9147
      vertex 36.2 102.986 14.2059
      vertex 33 102.986 14.2059
    endloop
  endfacet
  facet normal 0 -0.988776 0.149403
    outer loop
      vertex 36.2 102.986 14.2059
      vertex 33 102.942 13.9147
      vertex 36.2 102.942 13.9147
    endloop
  endfacet
  facet normal 0 0.516493 -0.856291
    outer loop
      vertex 33 99.9167 18.8247
      vertex 36.2 99.9293 18.8323
      vertex 36.2 99.9167 18.8247
    endloop
  endfacet
  facet normal 0 0.516493 -0.856291
    outer loop
      vertex 36.2 99.9293 18.8323
      vertex 33 99.9167 18.8247
      vertex 33 99.9293 18.8323
    endloop
  endfacet
  facet normal 0 -0.970461 0.241256
    outer loop
      vertex 33 102.871 13.6291
      vertex 36.2 102.942 13.9147
      vertex 33 102.942 13.9147
    endloop
  endfacet
  facet normal 0 -0.970461 0.241256
    outer loop
      vertex 36.2 102.942 13.9147
      vertex 33 102.871 13.6291
      vertex 36.2 102.871 13.6291
    endloop
  endfacet
  facet normal 0 -0.941703 -0.336444
    outer loop
      vertex 33 142.871 15.3709
      vertex 36.2 142.772 15.648
      vertex 33 142.772 15.648
    endloop
  endfacet
  facet normal 0 -0.941703 -0.336444
    outer loop
      vertex 36.2 142.772 15.648
      vertex 33 142.871 15.3709
      vertex 36.2 142.871 15.3709
    endloop
  endfacet
  facet normal 0 -0.0466159 -0.998913
    outer loop
      vertex 33 140 18.85
      vertex 36.2 140.015 18.8493
      vertex 36.2 140 18.85
    endloop
  endfacet
  facet normal -0 -0.0466159 -0.998913
    outer loop
      vertex 36.2 140.015 18.8493
      vertex 33 140 18.85
      vertex 33 140.015 18.8493
    endloop
  endfacet
  facet normal 0 -0.970461 -0.241256
    outer loop
      vertex 33 142.942 15.0853
      vertex 36.2 142.871 15.3709
      vertex 33 142.871 15.3709
    endloop
  endfacet
  facet normal 0 -0.970461 -0.241256
    outer loop
      vertex 36.2 142.871 15.3709
      vertex 33 142.942 15.0853
      vertex 36.2 142.942 15.0853
    endloop
  endfacet
  facet normal 0 -0.146844 0.98916
    outer loop
      vertex 33 140.585 11.5576
      vertex 36.2 140.294 11.5144
      vertex 36.2 140.585 11.5576
    endloop
  endfacet
  facet normal 0 -0.146844 0.98916
    outer loop
      vertex 36.2 140.294 11.5144
      vertex 33 140.585 11.5576
      vertex 33 140.294 11.5144
    endloop
  endfacet
  facet normal 0 -0.337154 0.941449
    outer loop
      vertex 33 141.148 11.7284
      vertex 36.2 140.871 11.6292
      vertex 36.2 141.148 11.7284
    endloop
  endfacet
  facet normal 0 -0.337154 0.941449
    outer loop
      vertex 36.2 140.871 11.6292
      vertex 33 141.148 11.7284
      vertex 33 140.871 11.6292
    endloop
  endfacet
  facet normal 0 0.803858 -0.594821
    outer loop
      vertex 36.2 137.506 16.1667
      vertex 33 137.681 16.4032
      vertex 36.2 137.681 16.4032
    endloop
  endfacet
  facet normal 0 0.803858 -0.594821
    outer loop
      vertex 33 137.681 16.4032
      vertex 36.2 137.506 16.1667
      vertex 33 137.506 16.1667
    endloop
  endfacet
  facet normal 0 0.410365 -0.911922
    outer loop
      vertex 33 139.929 18.8323
      vertex 36.2 139.943 18.8386
      vertex 36.2 139.929 18.8323
    endloop
  endfacet
  facet normal 0 0.410365 -0.911922
    outer loop
      vertex 36.2 139.943 18.8386
      vertex 33 139.929 18.8323
      vertex 33 139.943 18.8386
    endloop
  endfacet
  facet normal 0 -0.998869 -0.047549
    outer loop
      vertex 33 143 14.5
      vertex 36.2 142.986 14.7941
      vertex 33 142.986 14.7941
    endloop
  endfacet
  facet normal 0 -0.998869 -0.047549
    outer loop
      vertex 36.2 142.986 14.7941
      vertex 33 143 14.5
      vertex 36.2 143 14.5
    endloop
  endfacet
  facet normal 0 0.668965 -0.743294
    outer loop
      vertex 33 139.894 18.8061
      vertex 36.2 139.905 18.816
      vertex 36.2 139.894 18.8061
    endloop
  endfacet
  facet normal 0 0.668965 -0.743294
    outer loop
      vertex 36.2 139.905 18.816
      vertex 33 139.894 18.8061
      vertex 33 139.905 18.816
    endloop
  endfacet
  facet normal 0 0.941703 -0.336444
    outer loop
      vertex 36.2 137.129 15.3709
      vertex 33 137.228 15.648
      vertex 36.2 137.228 15.648
    endloop
  endfacet
  facet normal 0 0.941703 -0.336444
    outer loop
      vertex 33 137.228 15.648
      vertex 36.2 137.129 15.3709
      vertex 33 137.129 15.3709
    endloop
  endfacet
  facet normal 0 0.9038 0.427955
    outer loop
      vertex 36.2 137.354 13.0858
      vertex 33 137.228 13.3519
      vertex 36.2 137.228 13.3519
    endloop
  endfacet
  facet normal 0 0.9038 0.427955
    outer loop
      vertex 33 137.228 13.3519
      vertex 36.2 137.354 13.0858
      vertex 33 137.354 13.0858
    endloop
  endfacet
  facet normal -0 0.242855 0.970063
    outer loop
      vertex 33 139.415 11.5576
      vertex 36.2 139.129 11.6292
      vertex 36.2 139.415 11.5576
    endloop
  endfacet
  facet normal 0 0.242855 0.970063
    outer loop
      vertex 36.2 139.129 11.6292
      vertex 33 139.415 11.5576
      vertex 33 139.129 11.6292
    endloop
  endfacet
  facet normal -0 0.596512 0.802604
    outer loop
      vertex 33 138.333 12.0056
      vertex 36.2 138.097 12.181
      vertex 36.2 138.333 12.0056
    endloop
  endfacet
  facet normal 0 0.596512 0.802604
    outer loop
      vertex 36.2 138.097 12.181
      vertex 33 138.333 12.0056
      vertex 33 138.097 12.181
    endloop
  endfacet
  facet normal 0 -0.856744 -0.515743
    outer loop
      vertex 33 142.646 15.9142
      vertex 36.2 142.494 16.1667
      vertex 33 142.494 16.1667
    endloop
  endfacet
  facet normal 0 -0.856744 -0.515743
    outer loop
      vertex 36.2 142.494 16.1667
      vertex 33 142.646 15.9142
      vertex 36.2 142.646 15.9142
    endloop
  endfacet
  facet normal -0 0.0489209 0.998803
    outer loop
      vertex 33 140 11.5
      vertex 36.2 139.706 11.5144
      vertex 36.2 140 11.5
    endloop
  endfacet
  facet normal 0 0.0489209 0.998803
    outer loop
      vertex 36.2 139.706 11.5144
      vertex 33 140 11.5
      vertex 33 139.706 11.5144
    endloop
  endfacet
  facet normal 0 -0.941742 0.336336
    outer loop
      vertex 33 142.772 13.3519
      vertex 36.2 142.871 13.6291
      vertex 33 142.871 13.6291
    endloop
  endfacet
  facet normal 0 -0.941742 0.336336
    outer loop
      vertex 36.2 142.871 13.6291
      vertex 33 142.772 13.3519
      vertex 36.2 142.772 13.3519
    endloop
  endfacet
  facet normal 0 -0.668965 -0.743294
    outer loop
      vertex 33 140.095 18.816
      vertex 36.2 140.106 18.8061
      vertex 36.2 140.095 18.816
    endloop
  endfacet
  facet normal -0 -0.668965 -0.743294
    outer loop
      vertex 36.2 140.106 18.8061
      vertex 33 140.095 18.816
      vertex 33 140.106 18.8061
    endloop
  endfacet
  facet normal 0 0.970461 0.241256
    outer loop
      vertex 36.2 137.129 13.6291
      vertex 33 137.058 13.9147
      vertex 36.2 137.058 13.9147
    endloop
  endfacet
  facet normal 0 0.970461 0.241256
    outer loop
      vertex 33 137.058 13.9147
      vertex 36.2 137.129 13.6291
      vertex 33 137.129 13.6291
    endloop
  endfacet
  facet normal 0 -0.740401 0.672166
    outer loop
      vertex 33 142.121 12.3787
      vertex 36.2 142.319 12.5968
      vertex 33 142.319 12.5968
    endloop
  endfacet
  facet normal 0 -0.740401 0.672166
    outer loop
      vertex 36.2 142.319 12.5968
      vertex 33 142.121 12.3787
      vertex 36.2 142.121 12.3787
    endloop
  endfacet
  facet normal 0 0.941742 0.336336
    outer loop
      vertex 36.2 137.228 13.3519
      vertex 33 137.129 13.6291
      vertex 36.2 137.129 13.6291
    endloop
  endfacet
  facet normal 0 0.941742 0.336336
    outer loop
      vertex 33 137.129 13.6291
      vertex 36.2 137.228 13.3519
      vertex 33 137.228 13.3519
    endloop
  endfacet
  facet normal 0 -0.352701 -0.935736
    outer loop
      vertex 33 140.044 18.8435
      vertex 36.2 140.057 18.8386
      vertex 36.2 140.044 18.8435
    endloop
  endfacet
  facet normal -0 -0.352701 -0.935736
    outer loop
      vertex 36.2 140.057 18.8386
      vertex 33 140.044 18.8435
      vertex 33 140.057 18.8386
    endloop
  endfacet
  facet normal 0 0.903862 -0.427824
    outer loop
      vertex 36.2 137.228 15.648
      vertex 33 137.354 15.9142
      vertex 36.2 137.354 15.9142
    endloop
  endfacet
  facet normal 0 0.903862 -0.427824
    outer loop
      vertex 33 137.354 15.9142
      vertex 36.2 137.228 15.648
      vertex 33 137.228 15.648
    endloop
  endfacet
  facet normal 0 -0.803858 -0.594821
    outer loop
      vertex 33 142.494 16.1667
      vertex 36.2 142.319 16.4032
      vertex 33 142.319 16.4032
    endloop
  endfacet
  facet normal 0 -0.803858 -0.594821
    outer loop
      vertex 36.2 142.319 16.4032
      vertex 33 142.494 16.1667
      vertex 36.2 142.494 16.1667
    endloop
  endfacet
  facet normal 0 0.856744 0.515743
    outer loop
      vertex 36.2 137.506 12.8333
      vertex 33 137.354 13.0858
      vertex 36.2 137.354 13.0858
    endloop
  endfacet
  facet normal 0 0.856744 0.515743
    outer loop
      vertex 33 137.354 13.0858
      vertex 36.2 137.506 12.8333
      vertex 33 137.506 12.8333
    endloop
  endfacet
  facet normal -0 0.146844 0.98916
    outer loop
      vertex 33 139.706 11.5144
      vertex 36.2 139.415 11.5576
      vertex 36.2 139.706 11.5144
    endloop
  endfacet
  facet normal 0 0.146844 0.98916
    outer loop
      vertex 36.2 139.415 11.5576
      vertex 33 139.706 11.5144
      vertex 33 139.415 11.5576
    endloop
  endfacet
  facet normal 0 0.740401 0.672166
    outer loop
      vertex 36.2 137.879 12.3787
      vertex 33 137.681 12.5968
      vertex 36.2 137.681 12.5968
    endloop
  endfacet
  facet normal 0 0.740401 0.672166
    outer loop
      vertex 33 137.681 12.5968
      vertex 36.2 137.879 12.3787
      vertex 33 137.879 12.3787
    endloop
  endfacet
  facet normal 0 0.988776 0.149403
    outer loop
      vertex 36.2 137.058 13.9147
      vertex 33 137.014 14.2059
      vertex 36.2 137.014 14.2059
    endloop
  endfacet
  facet normal 0 0.988776 0.149403
    outer loop
      vertex 33 137.014 14.2059
      vertex 36.2 137.058 13.9147
      vertex 33 137.058 13.9147
    endloop
  endfacet
  facet normal 0 0.970461 -0.241256
    outer loop
      vertex 36.2 137.058 15.0853
      vertex 33 137.129 15.3709
      vertex 36.2 137.129 15.3709
    endloop
  endfacet
  facet normal 0 0.970461 -0.241256
    outer loop
      vertex 33 137.129 15.3709
      vertex 36.2 137.058 15.0853
      vertex 33 137.058 15.0853
    endloop
  endfacet
  facet normal -0 0.671776 0.740754
    outer loop
      vertex 33 138.097 12.181
      vertex 36.2 137.879 12.3787
      vertex 36.2 138.097 12.181
    endloop
  endfacet
  facet normal 0 0.671776 0.740754
    outer loop
      vertex 36.2 137.879 12.3787
      vertex 33 138.097 12.181
      vertex 33 137.879 12.3787
    endloop
  endfacet
  facet normal 0 -0.513498 0.858091
    outer loop
      vertex 33 141.667 12.0056
      vertex 36.2 141.414 11.8542
      vertex 36.2 141.667 12.0056
    endloop
  endfacet
  facet normal 0 -0.513498 0.858091
    outer loop
      vertex 36.2 141.414 11.8542
      vertex 33 141.667 12.0056
      vertex 33 141.414 11.8542
    endloop
  endfacet
  facet normal -1 0 0
    outer loop
      vertex 36.2 142.986 14.2059
      vertex 36.2 142.986 14.7941
      vertex 36.2 143 14.5
    endloop
  endfacet
  facet normal -1 0 0
    outer loop
      vertex 36.2 142.942 13.9147
      vertex 36.2 142.986 14.7941
      vertex 36.2 142.986 14.2059
    endloop
  endfacet
  facet normal -1 0 0
    outer loop
      vertex 36.2 142.942 13.9147
      vertex 36.2 142.942 15.0853
      vertex 36.2 142.986 14.7941
    endloop
  endfacet
  facet normal -1 0 0
    outer loop
      vertex 36.2 142.871 13.6291
      vertex 36.2 142.942 15.0853
      vertex 36.2 142.942 13.9147
    endloop
  endfacet
  facet normal -1 0 0
    outer loop
      vertex 36.2 142.871 13.6291
      vertex 36.2 142.871 15.3709
      vertex 36.2 142.942 15.0853
    endloop
  endfacet
  facet normal -1 0 0
    outer loop
      vertex 36.2 142.772 13.3519
      vertex 36.2 142.871 15.3709
      vertex 36.2 142.871 13.6291
    endloop
  endfacet
  facet normal -1 0 0
    outer loop
      vertex 36.2 142.772 13.3519
      vertex 36.2 142.772 15.648
      vertex 36.2 142.871 15.3709
    endloop
  endfacet
  facet normal -1 0 0
    outer loop
      vertex 36.2 142.646 13.0858
      vertex 36.2 142.772 15.648
      vertex 36.2 142.772 13.3519
    endloop
  endfacet
  facet normal -1 0 0
    outer loop
      vertex 36.2 142.646 13.0858
      vertex 36.2 142.646 15.9142
      vertex 36.2 142.772 15.648
    endloop
  endfacet
  facet normal -1 0 0
    outer loop
      vertex 36.2 142.494 12.8333
      vertex 36.2 142.646 15.9142
      vertex 36.2 142.646 13.0858
    endloop
  endfacet
  facet normal -1 0 0
    outer loop
      vertex 36.2 142.494 12.8333
      vertex 36.2 142.494 16.1667
      vertex 36.2 142.646 15.9142
    endloop
  endfacet
  facet normal -1 0 0
    outer loop
      vertex 36.2 142.319 12.5968
      vertex 36.2 142.494 16.1667
      vertex 36.2 142.494 12.8333
    endloop
  endfacet
  facet normal -1 0 0
    outer loop
      vertex 36.2 142.319 12.5968
      vertex 36.2 142.319 16.4032
      vertex 36.2 142.494 16.1667
    endloop
  endfacet
  facet normal -1 0 0
    outer loop
      vertex 36.2 142.121 12.3787
      vertex 36.2 142.319 16.4032
      vertex 36.2 142.319 12.5968
    endloop
  endfacet
  facet normal -1 0 0
    outer loop
      vertex 36.2 142.121 12.3787
      vertex 36.2 142.121 16.6213
      vertex 36.2 142.319 16.4032
    endloop
  endfacet
  facet normal -1 0 0
    outer loop
      vertex 36.2 141.903 12.181
      vertex 36.2 142.121 16.6213
      vertex 36.2 142.121 12.3787
    endloop
  endfacet
  facet normal -1 0 0
    outer loop
      vertex 36.2 141.667 12.0056
      vertex 36.2 142.121 16.6213
      vertex 36.2 141.903 12.181
    endloop
  endfacet
  facet normal -1 0 0
    outer loop
      vertex 36.2 141.414 11.8542
      vertex 36.2 142.121 16.6213
      vertex 36.2 141.667 12.0056
    endloop
  endfacet
  facet normal -1 0 0
    outer loop
      vertex 36.2 141.148 11.7284
      vertex 36.2 142.121 16.6213
      vertex 36.2 141.414 11.8542
    endloop
  endfacet
  facet normal -1 0 0
    outer loop
      vertex 36.2 140.871 11.6292
      vertex 36.2 142.121 16.6213
      vertex 36.2 141.148 11.7284
    endloop
  endfacet
  facet normal -1 0 0
    outer loop
      vertex 36.2 140.585 11.5576
      vertex 36.2 142.121 16.6213
      vertex 36.2 140.871 11.6292
    endloop
  endfacet
  facet normal -1 0 0
    outer loop
      vertex 36.2 140.294 11.5144
      vertex 36.2 142.121 16.6213
      vertex 36.2 140.585 11.5576
    endloop
  endfacet
  facet normal -1 0 0
    outer loop
      vertex 36.2 137.879 16.6213
      vertex 36.2 142.121 16.6213
      vertex 36.2 140.294 11.5144
    endloop
  endfacet
  facet normal -1 0 0
    outer loop
      vertex 36.2 142.121 16.6213
      vertex 36.2 137.879 16.6213
      vertex 36.2 140.106 18.8061
    endloop
  endfacet
  facet normal -1 0 -0
    outer loop
      vertex 36.2 139.894 18.8061
      vertex 36.2 140.106 18.8061
      vertex 36.2 137.879 16.6213
    endloop
  endfacet
  facet normal -1 0 0
    outer loop
      vertex 36.2 140.106 18.8061
      vertex 36.2 139.894 18.8061
      vertex 36.2 140.095 18.816
    endloop
  endfacet
  facet normal -1 -0 0
    outer loop
      vertex 36.2 140.095 18.816
      vertex 36.2 139.894 18.8061
      vertex 36.2 140.083 18.8247
    endloop
  endfacet
  facet normal -1 -0 0
    outer loop
      vertex 36.2 140.083 18.8247
      vertex 36.2 139.894 18.8061
      vertex 36.2 140.071 18.8323
    endloop
  endfacet
  facet normal -1 -0 0
    outer loop
      vertex 36.2 140.071 18.8323
      vertex 36.2 139.894 18.8061
      vertex 36.2 140.057 18.8386
    endloop
  endfacet
  facet normal -1 -0 0
    outer loop
      vertex 36.2 140.057 18.8386
      vertex 36.2 139.894 18.8061
      vertex 36.2 140.044 18.8435
    endloop
  endfacet
  facet normal -1 0 0
    outer loop
      vertex 36.2 137.879 16.6213
      vertex 36.2 140.294 11.5144
      vertex 36.2 140 11.5
    endloop
  endfacet
  facet normal -1 -0 0
    outer loop
      vertex 36.2 140.044 18.8435
      vertex 36.2 139.894 18.8061
      vertex 36.2 140.029 18.8471
    endloop
  endfacet
  facet normal -1 -0 0
    outer loop
      vertex 36.2 140.029 18.8471
      vertex 36.2 139.894 18.8061
      vertex 36.2 140.015 18.8493
    endloop
  endfacet
  facet normal -1 0 0
    outer loop
      vertex 36.2 140 18.85
      vertex 36.2 139.894 18.8061
      vertex 36.2 139.985 18.8493
    endloop
  endfacet
  facet normal -1 0 0
    outer loop
      vertex 36.2 139.985 18.8493
      vertex 36.2 139.894 18.8061
      vertex 36.2 139.971 18.8471
    endloop
  endfacet
  facet normal -1 0 0
    outer loop
      vertex 36.2 139.971 18.8471
      vertex 36.2 139.894 18.8061
      vertex 36.2 139.956 18.8435
    endloop
  endfacet
  facet normal -1 0 0
    outer loop
      vertex 36.2 139.956 18.8435
      vertex 36.2 139.894 18.8061
      vertex 36.2 139.943 18.8386
    endloop
  endfacet
  facet normal -1 0 0
    outer loop
      vertex 36.2 139.943 18.8386
      vertex 36.2 139.894 18.8061
      vertex 36.2 139.929 18.8323
    endloop
  endfacet
  facet normal -1 0 0
    outer loop
      vertex 36.2 139.929 18.8323
      vertex 36.2 139.894 18.8061
      vertex 36.2 139.917 18.8247
    endloop
  endfacet
  facet normal -1 0 0
    outer loop
      vertex 36.2 139.917 18.8247
      vertex 36.2 139.894 18.8061
      vertex 36.2 139.905 18.816
    endloop
  endfacet
  facet normal -1 0 0
    outer loop
      vertex 36.2 137.879 16.6213
      vertex 36.2 140 11.5
      vertex 36.2 139.706 11.5144
    endloop
  endfacet
  facet normal -1 0 0
    outer loop
      vertex 36.2 137.879 16.6213
      vertex 36.2 139.706 11.5144
      vertex 36.2 139.415 11.5576
    endloop
  endfacet
  facet normal -1 0 0
    outer loop
      vertex 36.2 137.879 16.6213
      vertex 36.2 139.415 11.5576
      vertex 36.2 139.129 11.6292
    endloop
  endfacet
  facet normal -1 0 0
    outer loop
      vertex 36.2 137.879 16.6213
      vertex 36.2 139.129 11.6292
      vertex 36.2 138.852 11.7284
    endloop
  endfacet
  facet normal -1 0 0
    outer loop
      vertex 36.2 137.879 16.6213
      vertex 36.2 138.852 11.7284
      vertex 36.2 138.586 11.8542
    endloop
  endfacet
  facet normal -1 0 0
    outer loop
      vertex 36.2 137.879 16.6213
      vertex 36.2 138.586 11.8542
      vertex 36.2 138.333 12.0056
    endloop
  endfacet
  facet normal -1 0 0
    outer loop
      vertex 36.2 137.879 16.6213
      vertex 36.2 138.333 12.0056
      vertex 36.2 138.097 12.181
    endloop
  endfacet
  facet normal -1 0 0
    outer loop
      vertex 36.2 137.879 16.6213
      vertex 36.2 138.097 12.181
      vertex 36.2 137.879 12.3787
    endloop
  endfacet
  facet normal -1 -0 0
    outer loop
      vertex 36.2 140.015 18.8493
      vertex 36.2 139.894 18.8061
      vertex 36.2 140 18.85
    endloop
  endfacet
  facet normal -1 0 0
    outer loop
      vertex 36.2 137.681 12.5968
      vertex 36.2 137.879 16.6213
      vertex 36.2 137.879 12.3787
    endloop
  endfacet
  facet normal -1 0 0
    outer loop
      vertex 36.2 137.681 12.5968
      vertex 36.2 137.681 16.4032
      vertex 36.2 137.879 16.6213
    endloop
  endfacet
  facet normal -1 0 0
    outer loop
      vertex 36.2 137.506 12.8333
      vertex 36.2 137.681 16.4032
      vertex 36.2 137.681 12.5968
    endloop
  endfacet
  facet normal -1 0 0
    outer loop
      vertex 36.2 137.506 12.8333
      vertex 36.2 137.506 16.1667
      vertex 36.2 137.681 16.4032
    endloop
  endfacet
  facet normal -1 0 0
    outer loop
      vertex 36.2 137.354 13.0858
      vertex 36.2 137.506 16.1667
      vertex 36.2 137.506 12.8333
    endloop
  endfacet
  facet normal -1 0 0
    outer loop
      vertex 36.2 137.354 13.0858
      vertex 36.2 137.354 15.9142
      vertex 36.2 137.506 16.1667
    endloop
  endfacet
  facet normal -1 0 0
    outer loop
      vertex 36.2 137.228 13.3519
      vertex 36.2 137.354 15.9142
      vertex 36.2 137.354 13.0858
    endloop
  endfacet
  facet normal -1 0 0
    outer loop
      vertex 36.2 137.228 13.3519
      vertex 36.2 137.228 15.648
      vertex 36.2 137.354 15.9142
    endloop
  endfacet
  facet normal -1 0 0
    outer loop
      vertex 36.2 137.129 13.6291
      vertex 36.2 137.228 15.648
      vertex 36.2 137.228 13.3519
    endloop
  endfacet
  facet normal -1 0 0
    outer loop
      vertex 36.2 137.129 13.6291
      vertex 36.2 137.129 15.3709
      vertex 36.2 137.228 15.648
    endloop
  endfacet
  facet normal -1 0 0
    outer loop
      vertex 36.2 137.058 13.9147
      vertex 36.2 137.129 15.3709
      vertex 36.2 137.129 13.6291
    endloop
  endfacet
  facet normal -1 0 0
    outer loop
      vertex 36.2 137.058 13.9147
      vertex 36.2 137.058 15.0853
      vertex 36.2 137.129 15.3709
    endloop
  endfacet
  facet normal -1 0 0
    outer loop
      vertex 36.2 137.014 14.2059
      vertex 36.2 137.058 15.0853
      vertex 36.2 137.058 13.9147
    endloop
  endfacet
  facet normal -1 0 0
    outer loop
      vertex 36.2 137.014 14.2059
      vertex 36.2 137.014 14.7941
      vertex 36.2 137.058 15.0853
    endloop
  endfacet
  facet normal -1 0 -0
    outer loop
      vertex 36.2 137.014 14.7941
      vertex 36.2 137.014 14.2059
      vertex 36.2 137 14.5
    endloop
  endfacet
  facet normal 0 -0.410365 -0.911922
    outer loop
      vertex 33 140.057 18.8386
      vertex 36.2 140.071 18.8323
      vertex 36.2 140.057 18.8386
    endloop
  endfacet
  facet normal -0 -0.410365 -0.911922
    outer loop
      vertex 36.2 140.071 18.8323
      vertex 33 140.057 18.8386
      vertex 33 140.071 18.8323
    endloop
  endfacet
  facet normal 0 -0.535052 -0.844819
    outer loop
      vertex 33 140.071 18.8323
      vertex 36.2 140.083 18.8247
      vertex 36.2 140.071 18.8323
    endloop
  endfacet
  facet normal -0 -0.535052 -0.844819
    outer loop
      vertex 36.2 140.083 18.8247
      vertex 33 140.071 18.8323
      vertex 33 140.083 18.8247
    endloop
  endfacet
  facet normal 0 -0.0489209 0.998803
    outer loop
      vertex 33 140.294 11.5144
      vertex 36.2 140 11.5
      vertex 36.2 140.294 11.5144
    endloop
  endfacet
  facet normal 0 -0.0489209 0.998803
    outer loop
      vertex 36.2 140 11.5
      vertex 33 140.294 11.5144
      vertex 33 140 11.5
    endloop
  endfacet
  facet normal 0 -0.803858 0.594821
    outer loop
      vertex 33 142.319 12.5968
      vertex 36.2 142.494 12.8333
      vertex 33 142.494 12.8333
    endloop
  endfacet
  facet normal 0 -0.803858 0.594821
    outer loop
      vertex 36.2 142.494 12.8333
      vertex 33 142.319 12.5968
      vertex 36.2 142.319 12.5968
    endloop
  endfacet
  facet normal 0 -0.998869 0.047549
    outer loop
      vertex 33 142.986 14.2059
      vertex 36.2 143 14.5
      vertex 33 143 14.5
    endloop
  endfacet
  facet normal 0 -0.998869 0.047549
    outer loop
      vertex 36.2 143 14.5
      vertex 33 142.986 14.2059
      vertex 36.2 142.986 14.2059
    endloop
  endfacet
  facet normal 0 0.233373 -0.972387
    outer loop
      vertex 33 139.956 18.8435
      vertex 36.2 139.971 18.8471
      vertex 36.2 139.956 18.8435
    endloop
  endfacet
  facet normal 0 0.233373 -0.972387
    outer loop
      vertex 36.2 139.971 18.8471
      vertex 33 139.956 18.8435
      vertex 33 139.971 18.8471
    endloop
  endfacet
  facet normal 0 0.586968 -0.80961
    outer loop
      vertex 33 139.905 18.816
      vertex 36.2 139.917 18.8247
      vertex 36.2 139.905 18.816
    endloop
  endfacet
  facet normal 0 0.586968 -0.80961
    outer loop
      vertex 36.2 139.917 18.8247
      vertex 33 139.905 18.816
      vertex 33 139.917 18.8247
    endloop
  endfacet
  facet normal 0 -0.740401 -0.672166
    outer loop
      vertex 33 142.319 16.4032
      vertex 36.2 142.121 16.6213
      vertex 33 142.121 16.6213
    endloop
  endfacet
  facet normal 0 -0.740401 -0.672166
    outer loop
      vertex 36.2 142.121 16.6213
      vertex 33 142.319 16.4032
      vertex 36.2 142.319 16.4032
    endloop
  endfacet
  facet normal 0 0.735095 -0.677964
    outer loop
      vertex 36.2 137.879 16.6213
      vertex 33 139.894 18.8061
      vertex 36.2 139.894 18.8061
    endloop
  endfacet
  facet normal 0 0.735095 -0.677964
    outer loop
      vertex 33 139.894 18.8061
      vertex 36.2 137.879 16.6213
      vertex 33 137.879 16.6213
    endloop
  endfacet
  facet normal 0 0.988776 -0.149403
    outer loop
      vertex 36.2 137.014 14.7941
      vertex 33 137.058 15.0853
      vertex 36.2 137.058 15.0853
    endloop
  endfacet
  facet normal 0 0.988776 -0.149403
    outer loop
      vertex 33 137.058 15.0853
      vertex 36.2 137.014 14.7941
      vertex 33 137.014 14.7941
    endloop
  endfacet
  facet normal 0 -0.671776 0.740754
    outer loop
      vertex 33 142.121 12.3787
      vertex 36.2 141.903 12.181
      vertex 36.2 142.121 12.3787
    endloop
  endfacet
  facet normal 0 -0.671776 0.740754
    outer loop
      vertex 36.2 141.903 12.181
      vertex 33 142.121 12.3787
      vertex 33 141.903 12.181
    endloop
  endfacet
  facet normal 0 -0.988776 -0.149403
    outer loop
      vertex 33 142.986 14.7941
      vertex 36.2 142.942 15.0853
      vertex 33 142.942 15.0853
    endloop
  endfacet
  facet normal 0 -0.988776 -0.149403
    outer loop
      vertex 36.2 142.942 15.0853
      vertex 33 142.986 14.7941
      vertex 36.2 142.986 14.7941
    endloop
  endfacet
  facet normal 0 -0.242855 0.970063
    outer loop
      vertex 33 140.871 11.6292
      vertex 36.2 140.585 11.5576
      vertex 36.2 140.871 11.6292
    endloop
  endfacet
  facet normal 0 -0.242855 0.970063
    outer loop
      vertex 36.2 140.585 11.5576
      vertex 33 140.871 11.6292
      vertex 33 140.585 11.5576
    endloop
  endfacet
  facet normal -0 0.337154 0.941449
    outer loop
      vertex 33 139.129 11.6292
      vertex 36.2 138.852 11.7284
      vertex 36.2 139.129 11.6292
    endloop
  endfacet
  facet normal 0 0.337154 0.941449
    outer loop
      vertex 36.2 138.852 11.7284
      vertex 33 139.129 11.6292
      vertex 33 138.852 11.7284
    endloop
  endfacet
  facet normal 0 -0.856744 0.515743
    outer loop
      vertex 33 142.494 12.8333
      vertex 36.2 142.646 13.0858
      vertex 33 142.646 13.0858
    endloop
  endfacet
  facet normal 0 -0.856744 0.515743
    outer loop
      vertex 36.2 142.646 13.0858
      vertex 33 142.494 12.8333
      vertex 36.2 142.494 12.8333
    endloop
  endfacet
  facet normal 0 -0.427531 0.904001
    outer loop
      vertex 33 141.414 11.8542
      vertex 36.2 141.148 11.7284
      vertex 36.2 141.414 11.8542
    endloop
  endfacet
  facet normal 0 -0.427531 0.904001
    outer loop
      vertex 36.2 141.148 11.7284
      vertex 33 141.414 11.8542
      vertex 33 141.148 11.7284
    endloop
  endfacet
  facet normal 0 -0.9038 0.427955
    outer loop
      vertex 33 142.646 13.0858
      vertex 36.2 142.772 13.3519
      vertex 33 142.772 13.3519
    endloop
  endfacet
  facet normal 0 -0.9038 0.427955
    outer loop
      vertex 36.2 142.772 13.3519
      vertex 33 142.646 13.0858
      vertex 36.2 142.646 13.0858
    endloop
  endfacet
  facet normal 0 0.998869 -0.047549
    outer loop
      vertex 36.2 137 14.5
      vertex 33 137.014 14.7941
      vertex 36.2 137.014 14.7941
    endloop
  endfacet
  facet normal 0 0.998869 -0.047549
    outer loop
      vertex 33 137.014 14.7941
      vertex 36.2 137 14.5
      vertex 33 137 14.5
    endloop
  endfacet
  facet normal 0 -0.735095 -0.677964
    outer loop
      vertex 33 142.121 16.6213
      vertex 36.2 140.106 18.8061
      vertex 33 140.106 18.8061
    endloop
  endfacet
  facet normal 0 -0.735095 -0.677964
    outer loop
      vertex 36.2 140.106 18.8061
      vertex 33 142.121 16.6213
      vertex 36.2 142.121 16.6213
    endloop
  endfacet
  facet normal -0 0.513498 0.858091
    outer loop
      vertex 33 138.586 11.8542
      vertex 36.2 138.333 12.0056
      vertex 36.2 138.586 11.8542
    endloop
  endfacet
  facet normal 0 0.513498 0.858091
    outer loop
      vertex 36.2 138.333 12.0056
      vertex 33 138.586 11.8542
      vertex 33 138.333 12.0056
    endloop
  endfacet
  facet normal 0 -0.586968 -0.80961
    outer loop
      vertex 33 140.083 18.8247
      vertex 36.2 140.095 18.816
      vertex 36.2 140.083 18.8247
    endloop
  endfacet
  facet normal -0 -0.586968 -0.80961
    outer loop
      vertex 36.2 140.095 18.816
      vertex 33 140.083 18.8247
      vertex 33 140.095 18.816
    endloop
  endfacet
  facet normal 0 0.352701 -0.935736
    outer loop
      vertex 33 139.943 18.8386
      vertex 36.2 139.956 18.8435
      vertex 36.2 139.943 18.8386
    endloop
  endfacet
  facet normal 0 0.352701 -0.935736
    outer loop
      vertex 36.2 139.956 18.8435
      vertex 33 139.943 18.8386
      vertex 33 139.956 18.8435
    endloop
  endfacet
  facet normal 0 0.0466159 -0.998913
    outer loop
      vertex 33 139.985 18.8493
      vertex 36.2 140 18.85
      vertex 36.2 139.985 18.8493
    endloop
  endfacet
  facet normal 0 0.0466159 -0.998913
    outer loop
      vertex 36.2 140 18.85
      vertex 33 139.985 18.8493
      vertex 33 140 18.85
    endloop
  endfacet
  facet normal -0 0.427531 0.904001
    outer loop
      vertex 33 138.852 11.7284
      vertex 36.2 138.586 11.8542
      vertex 36.2 138.852 11.7284
    endloop
  endfacet
  facet normal 0 0.427531 0.904001
    outer loop
      vertex 36.2 138.586 11.8542
      vertex 33 138.852 11.7284
      vertex 33 138.586 11.8542
    endloop
  endfacet
  facet normal 0 -0.903862 -0.427824
    outer loop
      vertex 33 142.772 15.648
      vertex 36.2 142.646 15.9142
      vertex 33 142.646 15.9142
    endloop
  endfacet
  facet normal 0 -0.903862 -0.427824
    outer loop
      vertex 36.2 142.646 15.9142
      vertex 33 142.772 15.648
      vertex 36.2 142.772 15.648
    endloop
  endfacet
  facet normal 0 0.998869 0.047549
    outer loop
      vertex 36.2 137.014 14.2059
      vertex 33 137 14.5
      vertex 36.2 137 14.5
    endloop
  endfacet
  facet normal 0 0.998869 0.047549
    outer loop
      vertex 33 137 14.5
      vertex 36.2 137.014 14.2059
      vertex 33 137.014 14.2059
    endloop
  endfacet
  facet normal 0 0.856744 -0.515743
    outer loop
      vertex 36.2 137.354 15.9142
      vertex 33 137.506 16.1667
      vertex 36.2 137.506 16.1667
    endloop
  endfacet
  facet normal 0 0.856744 -0.515743
    outer loop
      vertex 33 137.506 16.1667
      vertex 36.2 137.354 15.9142
      vertex 33 137.354 15.9142
    endloop
  endfacet
  facet normal 0 -0.233373 -0.972387
    outer loop
      vertex 33 140.029 18.8471
      vertex 36.2 140.044 18.8435
      vertex 36.2 140.029 18.8471
    endloop
  endfacet
  facet normal -0 -0.233373 -0.972387
    outer loop
      vertex 36.2 140.044 18.8435
      vertex 33 140.029 18.8471
      vertex 33 140.044 18.8435
    endloop
  endfacet
  facet normal 0 -0.155238 -0.987877
    outer loop
      vertex 33 140.015 18.8493
      vertex 36.2 140.029 18.8471
      vertex 36.2 140.015 18.8493
    endloop
  endfacet
  facet normal -0 -0.155238 -0.987877
    outer loop
      vertex 36.2 140.029 18.8471
      vertex 33 140.015 18.8493
      vertex 33 140.029 18.8471
    endloop
  endfacet
  facet normal 0 0.803858 0.594821
    outer loop
      vertex 36.2 137.681 12.5968
      vertex 33 137.506 12.8333
      vertex 36.2 137.506 12.8333
    endloop
  endfacet
  facet normal 0 0.803858 0.594821
    outer loop
      vertex 33 137.506 12.8333
      vertex 36.2 137.681 12.5968
      vertex 33 137.681 12.5968
    endloop
  endfacet
  facet normal 0 -0.596512 0.802604
    outer loop
      vertex 33 141.903 12.181
      vertex 36.2 141.667 12.0056
      vertex 36.2 141.903 12.181
    endloop
  endfacet
  facet normal 0 -0.596512 0.802604
    outer loop
      vertex 36.2 141.667 12.0056
      vertex 33 141.903 12.181
      vertex 33 141.667 12.0056
    endloop
  endfacet
  facet normal 0 0.740401 -0.672166
    outer loop
      vertex 36.2 137.681 16.4032
      vertex 33 137.879 16.6213
      vertex 36.2 137.879 16.6213
    endloop
  endfacet
  facet normal 0 0.740401 -0.672166
    outer loop
      vertex 33 137.879 16.6213
      vertex 36.2 137.681 16.4032
      vertex 33 137.681 16.4032
    endloop
  endfacet
  facet normal 0 0.155238 -0.987877
    outer loop
      vertex 33 139.971 18.8471
      vertex 36.2 139.985 18.8493
      vertex 36.2 139.971 18.8471
    endloop
  endfacet
  facet normal 0 0.155238 -0.987877
    outer loop
      vertex 36.2 139.985 18.8493
      vertex 33 139.971 18.8471
      vertex 33 139.985 18.8493
    endloop
  endfacet
  facet normal 0 -0.988776 0.149403
    outer loop
      vertex 33 142.942 13.9147
      vertex 36.2 142.986 14.2059
      vertex 33 142.986 14.2059
    endloop
  endfacet
  facet normal 0 -0.988776 0.149403
    outer loop
      vertex 36.2 142.986 14.2059
      vertex 33 142.942 13.9147
      vertex 36.2 142.942 13.9147
    endloop
  endfacet
  facet normal 0 0.535052 -0.844819
    outer loop
      vertex 33 139.917 18.8247
      vertex 36.2 139.929 18.8323
      vertex 36.2 139.917 18.8247
    endloop
  endfacet
  facet normal 0 0.535052 -0.844819
    outer loop
      vertex 36.2 139.929 18.8323
      vertex 33 139.917 18.8247
      vertex 33 139.929 18.8323
    endloop
  endfacet
  facet normal 0 -0.970461 0.241256
    outer loop
      vertex 33 142.871 13.6291
      vertex 36.2 142.942 13.9147
      vertex 33 142.942 13.9147
    endloop
  endfacet
  facet normal 0 -0.970461 0.241256
    outer loop
      vertex 36.2 142.942 13.9147
      vertex 33 142.871 13.6291
      vertex 36.2 142.871 13.6291
    endloop
  endfacet
  facet normal 0 -0.941703 -0.336444
    outer loop
      vertex 33 182.871 15.3709
      vertex 36.2 182.772 15.648
      vertex 33 182.772 15.648
    endloop
  endfacet
  facet normal 0 -0.941703 -0.336444
    outer loop
      vertex 36.2 182.772 15.648
      vertex 33 182.871 15.3709
      vertex 36.2 182.871 15.3709
    endloop
  endfacet
  facet normal 0 -0.0466159 -0.998913
    outer loop
      vertex 33 180 18.85
      vertex 36.2 180.015 18.8493
      vertex 36.2 180 18.85
    endloop
  endfacet
  facet normal -0 -0.0466159 -0.998913
    outer loop
      vertex 36.2 180.015 18.8493
      vertex 33 180 18.85
      vertex 33 180.015 18.8493
    endloop
  endfacet
  facet normal 0 -0.970461 -0.241256
    outer loop
      vertex 33 182.942 15.0853
      vertex 36.2 182.871 15.3709
      vertex 33 182.871 15.3709
    endloop
  endfacet
  facet normal 0 -0.970461 -0.241256
    outer loop
      vertex 36.2 182.871 15.3709
      vertex 33 182.942 15.0853
      vertex 36.2 182.942 15.0853
    endloop
  endfacet
  facet normal 0 -0.146844 0.98916
    outer loop
      vertex 33 180.585 11.5576
      vertex 36.2 180.294 11.5144
      vertex 36.2 180.585 11.5576
    endloop
  endfacet
  facet normal 0 -0.146844 0.98916
    outer loop
      vertex 36.2 180.294 11.5144
      vertex 33 180.585 11.5576
      vertex 33 180.294 11.5144
    endloop
  endfacet
  facet normal 0 -0.337154 0.941449
    outer loop
      vertex 33 181.148 11.7284
      vertex 36.2 180.871 11.6292
      vertex 36.2 181.148 11.7284
    endloop
  endfacet
  facet normal 0 -0.337154 0.941449
    outer loop
      vertex 36.2 180.871 11.6292
      vertex 33 181.148 11.7284
      vertex 33 180.871 11.6292
    endloop
  endfacet
  facet normal 0 0.803858 -0.594821
    outer loop
      vertex 36.2 177.506 16.1667
      vertex 33 177.681 16.4032
      vertex 36.2 177.681 16.4032
    endloop
  endfacet
  facet normal 0 0.803858 -0.594821
    outer loop
      vertex 33 177.681 16.4032
      vertex 36.2 177.506 16.1667
      vertex 33 177.506 16.1667
    endloop
  endfacet
  facet normal 0 0.410365 -0.911922
    outer loop
      vertex 33 179.929 18.8323
      vertex 36.2 179.943 18.8386
      vertex 36.2 179.929 18.8323
    endloop
  endfacet
  facet normal 0 0.410365 -0.911922
    outer loop
      vertex 36.2 179.943 18.8386
      vertex 33 179.929 18.8323
      vertex 33 179.943 18.8386
    endloop
  endfacet
  facet normal 0 -0.998869 -0.047549
    outer loop
      vertex 33 183 14.5
      vertex 36.2 182.986 14.7941
      vertex 33 182.986 14.7941
    endloop
  endfacet
  facet normal 0 -0.998869 -0.047549
    outer loop
      vertex 36.2 182.986 14.7941
      vertex 33 183 14.5
      vertex 36.2 183 14.5
    endloop
  endfacet
  facet normal 0 0.668965 -0.743294
    outer loop
      vertex 33 179.894 18.8061
      vertex 36.2 179.905 18.816
      vertex 36.2 179.894 18.8061
    endloop
  endfacet
  facet normal 0 0.668965 -0.743294
    outer loop
      vertex 36.2 179.905 18.816
      vertex 33 179.894 18.8061
      vertex 33 179.905 18.816
    endloop
  endfacet
  facet normal 0 0.941703 -0.336444
    outer loop
      vertex 36.2 177.129 15.3709
      vertex 33 177.228 15.648
      vertex 36.2 177.228 15.648
    endloop
  endfacet
  facet normal 0 0.941703 -0.336444
    outer loop
      vertex 33 177.228 15.648
      vertex 36.2 177.129 15.3709
      vertex 33 177.129 15.3709
    endloop
  endfacet
  facet normal 0 0.9038 0.427955
    outer loop
      vertex 36.2 177.354 13.0858
      vertex 33 177.228 13.3519
      vertex 36.2 177.228 13.3519
    endloop
  endfacet
  facet normal 0 0.9038 0.427955
    outer loop
      vertex 33 177.228 13.3519
      vertex 36.2 177.354 13.0858
      vertex 33 177.354 13.0858
    endloop
  endfacet
  facet normal -0 0.242855 0.970063
    outer loop
      vertex 33 179.415 11.5576
      vertex 36.2 179.129 11.6292
      vertex 36.2 179.415 11.5576
    endloop
  endfacet
  facet normal 0 0.242855 0.970063
    outer loop
      vertex 36.2 179.129 11.6292
      vertex 33 179.415 11.5576
      vertex 33 179.129 11.6292
    endloop
  endfacet
  facet normal -0 0.596512 0.802604
    outer loop
      vertex 33 178.333 12.0056
      vertex 36.2 178.097 12.181
      vertex 36.2 178.333 12.0056
    endloop
  endfacet
  facet normal 0 0.596512 0.802604
    outer loop
      vertex 36.2 178.097 12.181
      vertex 33 178.333 12.0056
      vertex 33 178.097 12.181
    endloop
  endfacet
  facet normal 0 -0.856744 -0.515743
    outer loop
      vertex 33 182.646 15.9142
      vertex 36.2 182.494 16.1667
      vertex 33 182.494 16.1667
    endloop
  endfacet
  facet normal 0 -0.856744 -0.515743
    outer loop
      vertex 36.2 182.494 16.1667
      vertex 33 182.646 15.9142
      vertex 36.2 182.646 15.9142
    endloop
  endfacet
  facet normal -0 0.0489209 0.998803
    outer loop
      vertex 33 180 11.5
      vertex 36.2 179.706 11.5144
      vertex 36.2 180 11.5
    endloop
  endfacet
  facet normal 0 0.0489209 0.998803
    outer loop
      vertex 36.2 179.706 11.5144
      vertex 33 180 11.5
      vertex 33 179.706 11.5144
    endloop
  endfacet
  facet normal 0 -0.941742 0.336336
    outer loop
      vertex 33 182.772 13.3519
      vertex 36.2 182.871 13.6291
      vertex 33 182.871 13.6291
    endloop
  endfacet
  facet normal 0 -0.941742 0.336336
    outer loop
      vertex 36.2 182.871 13.6291
      vertex 33 182.772 13.3519
      vertex 36.2 182.772 13.3519
    endloop
  endfacet
  facet normal 0 -0.668965 -0.743294
    outer loop
      vertex 33 180.095 18.816
      vertex 36.2 180.106 18.8061
      vertex 36.2 180.095 18.816
    endloop
  endfacet
  facet normal -0 -0.668965 -0.743294
    outer loop
      vertex 36.2 180.106 18.8061
      vertex 33 180.095 18.816
      vertex 33 180.106 18.8061
    endloop
  endfacet
  facet normal 0 0.970461 0.241256
    outer loop
      vertex 36.2 177.129 13.6291
      vertex 33 177.058 13.9147
      vertex 36.2 177.058 13.9147
    endloop
  endfacet
  facet normal 0 0.970461 0.241256
    outer loop
      vertex 33 177.058 13.9147
      vertex 36.2 177.129 13.6291
      vertex 33 177.129 13.6291
    endloop
  endfacet
  facet normal 0 -0.740401 0.672166
    outer loop
      vertex 33 182.121 12.3787
      vertex 36.2 182.319 12.5968
      vertex 33 182.319 12.5968
    endloop
  endfacet
  facet normal 0 -0.740401 0.672166
    outer loop
      vertex 36.2 182.319 12.5968
      vertex 33 182.121 12.3787
      vertex 36.2 182.121 12.3787
    endloop
  endfacet
  facet normal 0 0.941742 0.336336
    outer loop
      vertex 36.2 177.228 13.3519
      vertex 33 177.129 13.6291
      vertex 36.2 177.129 13.6291
    endloop
  endfacet
  facet normal 0 0.941742 0.336336
    outer loop
      vertex 33 177.129 13.6291
      vertex 36.2 177.228 13.3519
      vertex 33 177.228 13.3519
    endloop
  endfacet
  facet normal 0 -0.352701 -0.935736
    outer loop
      vertex 33 180.044 18.8435
      vertex 36.2 180.057 18.8386
      vertex 36.2 180.044 18.8435
    endloop
  endfacet
  facet normal -0 -0.352701 -0.935736
    outer loop
      vertex 36.2 180.057 18.8386
      vertex 33 180.044 18.8435
      vertex 33 180.057 18.8386
    endloop
  endfacet
  facet normal 0 0.903862 -0.427824
    outer loop
      vertex 36.2 177.228 15.648
      vertex 33 177.354 15.9142
      vertex 36.2 177.354 15.9142
    endloop
  endfacet
  facet normal 0 0.903862 -0.427824
    outer loop
      vertex 33 177.354 15.9142
      vertex 36.2 177.228 15.648
      vertex 33 177.228 15.648
    endloop
  endfacet
  facet normal 0 -0.803858 -0.594821
    outer loop
      vertex 33 182.494 16.1667
      vertex 36.2 182.319 16.4032
      vertex 33 182.319 16.4032
    endloop
  endfacet
  facet normal 0 -0.803858 -0.594821
    outer loop
      vertex 36.2 182.319 16.4032
      vertex 33 182.494 16.1667
      vertex 36.2 182.494 16.1667
    endloop
  endfacet
  facet normal 0 0.856744 0.515743
    outer loop
      vertex 36.2 177.506 12.8333
      vertex 33 177.354 13.0858
      vertex 36.2 177.354 13.0858
    endloop
  endfacet
  facet normal 0 0.856744 0.515743
    outer loop
      vertex 33 177.354 13.0858
      vertex 36.2 177.506 12.8333
      vertex 33 177.506 12.8333
    endloop
  endfacet
  facet normal -0 0.146844 0.98916
    outer loop
      vertex 33 179.706 11.5144
      vertex 36.2 179.415 11.5576
      vertex 36.2 179.706 11.5144
    endloop
  endfacet
  facet normal 0 0.146844 0.98916
    outer loop
      vertex 36.2 179.415 11.5576
      vertex 33 179.706 11.5144
      vertex 33 179.415 11.5576
    endloop
  endfacet
  facet normal 0 0.740401 0.672166
    outer loop
      vertex 36.2 177.879 12.3787
      vertex 33 177.681 12.5968
      vertex 36.2 177.681 12.5968
    endloop
  endfacet
  facet normal 0 0.740401 0.672166
    outer loop
      vertex 33 177.681 12.5968
      vertex 36.2 177.879 12.3787
      vertex 33 177.879 12.3787
    endloop
  endfacet
  facet normal 0 0.970461 -0.241256
    outer loop
      vertex 36.2 177.058 15.0853
      vertex 33 177.129 15.3709
      vertex 36.2 177.129 15.3709
    endloop
  endfacet
  facet normal 0 0.970461 -0.241256
    outer loop
      vertex 33 177.129 15.3709
      vertex 36.2 177.058 15.0853
      vertex 33 177.058 15.0853
    endloop
  endfacet
  facet normal -0 0.671776 0.740754
    outer loop
      vertex 33 178.097 12.181
      vertex 36.2 177.879 12.3787
      vertex 36.2 178.097 12.181
    endloop
  endfacet
  facet normal 0 0.671776 0.740754
    outer loop
      vertex 36.2 177.879 12.3787
      vertex 33 178.097 12.181
      vertex 33 177.879 12.3787
    endloop
  endfacet
  facet normal 0 -0.513498 0.858091
    outer loop
      vertex 33 181.667 12.0056
      vertex 36.2 181.414 11.8542
      vertex 36.2 181.667 12.0056
    endloop
  endfacet
  facet normal 0 -0.513498 0.858091
    outer loop
      vertex 36.2 181.414 11.8542
      vertex 33 181.667 12.0056
      vertex 33 181.414 11.8542
    endloop
  endfacet
  facet normal -1 0 0
    outer loop
      vertex 36.2 182.986 14.2059
      vertex 36.2 182.986 14.7941
      vertex 36.2 183 14.5
    endloop
  endfacet
  facet normal -1 0 0
    outer loop
      vertex 36.2 182.942 13.9147
      vertex 36.2 182.986 14.7941
      vertex 36.2 182.986 14.2059
    endloop
  endfacet
  facet normal -1 0 0
    outer loop
      vertex 36.2 182.942 13.9147
      vertex 36.2 182.942 15.0853
      vertex 36.2 182.986 14.7941
    endloop
  endfacet
  facet normal -1 0 0
    outer loop
      vertex 36.2 182.871 13.6291
      vertex 36.2 182.942 15.0853
      vertex 36.2 182.942 13.9147
    endloop
  endfacet
  facet normal -1 0 0
    outer loop
      vertex 36.2 182.871 13.6291
      vertex 36.2 182.871 15.3709
      vertex 36.2 182.942 15.0853
    endloop
  endfacet
  facet normal -1 0 0
    outer loop
      vertex 36.2 182.772 13.3519
      vertex 36.2 182.871 15.3709
      vertex 36.2 182.871 13.6291
    endloop
  endfacet
  facet normal -1 0 0
    outer loop
      vertex 36.2 182.772 13.3519
      vertex 36.2 182.772 15.648
      vertex 36.2 182.871 15.3709
    endloop
  endfacet
  facet normal -1 0 0
    outer loop
      vertex 36.2 182.646 13.0858
      vertex 36.2 182.772 15.648
      vertex 36.2 182.772 13.3519
    endloop
  endfacet
  facet normal -1 0 0
    outer loop
      vertex 36.2 182.646 13.0858
      vertex 36.2 182.646 15.9142
      vertex 36.2 182.772 15.648
    endloop
  endfacet
  facet normal -1 0 0
    outer loop
      vertex 36.2 182.494 12.8333
      vertex 36.2 182.646 15.9142
      vertex 36.2 182.646 13.0858
    endloop
  endfacet
  facet normal -1 0 0
    outer loop
      vertex 36.2 182.494 12.8333
      vertex 36.2 182.494 16.1667
      vertex 36.2 182.646 15.9142
    endloop
  endfacet
  facet normal -1 0 0
    outer loop
      vertex 36.2 182.319 12.5968
      vertex 36.2 182.494 16.1667
      vertex 36.2 182.494 12.8333
    endloop
  endfacet
  facet normal -1 0 0
    outer loop
      vertex 36.2 182.319 12.5968
      vertex 36.2 182.319 16.4032
      vertex 36.2 182.494 16.1667
    endloop
  endfacet
  facet normal -1 0 0
    outer loop
      vertex 36.2 182.121 12.3787
      vertex 36.2 182.319 16.4032
      vertex 36.2 182.319 12.5968
    endloop
  endfacet
  facet normal -1 0 0
    outer loop
      vertex 36.2 182.121 12.3787
      vertex 36.2 182.121 16.6213
      vertex 36.2 182.319 16.4032
    endloop
  endfacet
  facet normal -1 0 0
    outer loop
      vertex 36.2 181.903 12.181
      vertex 36.2 182.121 16.6213
      vertex 36.2 182.121 12.3787
    endloop
  endfacet
  facet normal -1 0 0
    outer loop
      vertex 36.2 181.667 12.0056
      vertex 36.2 182.121 16.6213
      vertex 36.2 181.903 12.181
    endloop
  endfacet
  facet normal -1 0 0
    outer loop
      vertex 36.2 181.414 11.8542
      vertex 36.2 182.121 16.6213
      vertex 36.2 181.667 12.0056
    endloop
  endfacet
  facet normal -1 0 0
    outer loop
      vertex 36.2 181.148 11.7284
      vertex 36.2 182.121 16.6213
      vertex 36.2 181.414 11.8542
    endloop
  endfacet
  facet normal -1 0 0
    outer loop
      vertex 36.2 180.871 11.6292
      vertex 36.2 182.121 16.6213
      vertex 36.2 181.148 11.7284
    endloop
  endfacet
  facet normal -1 0 0
    outer loop
      vertex 36.2 180.585 11.5576
      vertex 36.2 182.121 16.6213
      vertex 36.2 180.871 11.6292
    endloop
  endfacet
  facet normal -1 0 0
    outer loop
      vertex 36.2 180.294 11.5144
      vertex 36.2 182.121 16.6213
      vertex 36.2 180.585 11.5576
    endloop
  endfacet
  facet normal -1 0 0
    outer loop
      vertex 36.2 177.879 16.6213
      vertex 36.2 182.121 16.6213
      vertex 36.2 180.294 11.5144
    endloop
  endfacet
  facet normal -1 0 0
    outer loop
      vertex 36.2 182.121 16.6213
      vertex 36.2 177.879 16.6213
      vertex 36.2 180.106 18.8061
    endloop
  endfacet
  facet normal -1 0 -0
    outer loop
      vertex 36.2 179.894 18.8061
      vertex 36.2 180.106 18.8061
      vertex 36.2 177.879 16.6213
    endloop
  endfacet
  facet normal -1 0 0
    outer loop
      vertex 36.2 180.106 18.8061
      vertex 36.2 179.894 18.8061
      vertex 36.2 180.095 18.816
    endloop
  endfacet
  facet normal -1 -0 0
    outer loop
      vertex 36.2 180.095 18.816
      vertex 36.2 179.894 18.8061
      vertex 36.2 180.083 18.8247
    endloop
  endfacet
  facet normal -1 -0 0
    outer loop
      vertex 36.2 180.083 18.8247
      vertex 36.2 179.894 18.8061
      vertex 36.2 180.071 18.8323
    endloop
  endfacet
  facet normal -1 -0 0
    outer loop
      vertex 36.2 180.071 18.8323
      vertex 36.2 179.894 18.8061
      vertex 36.2 180.057 18.8386
    endloop
  endfacet
  facet normal -1 -0 0
    outer loop
      vertex 36.2 180.057 18.8386
      vertex 36.2 179.894 18.8061
      vertex 36.2 180.044 18.8435
    endloop
  endfacet
  facet normal -1 0 0
    outer loop
      vertex 36.2 177.879 16.6213
      vertex 36.2 180.294 11.5144
      vertex 36.2 180 11.5
    endloop
  endfacet
  facet normal -1 -0 0
    outer loop
      vertex 36.2 180.044 18.8435
      vertex 36.2 179.894 18.8061
      vertex 36.2 180.029 18.8471
    endloop
  endfacet
  facet normal -1 -0 0
    outer loop
      vertex 36.2 180.029 18.8471
      vertex 36.2 179.894 18.8061
      vertex 36.2 180.015 18.8493
    endloop
  endfacet
  facet normal -1 0 0
    outer loop
      vertex 36.2 180 18.85
      vertex 36.2 179.894 18.8061
      vertex 36.2 179.985 18.8493
    endloop
  endfacet
  facet normal -1 0 0
    outer loop
      vertex 36.2 179.985 18.8493
      vertex 36.2 179.894 18.8061
      vertex 36.2 179.971 18.8471
    endloop
  endfacet
  facet normal -1 0 0
    outer loop
      vertex 36.2 179.971 18.8471
      vertex 36.2 179.894 18.8061
      vertex 36.2 179.956 18.8435
    endloop
  endfacet
  facet normal -1 0 0
    outer loop
      vertex 36.2 179.956 18.8435
      vertex 36.2 179.894 18.8061
      vertex 36.2 179.943 18.8386
    endloop
  endfacet
  facet normal -1 0 0
    outer loop
      vertex 36.2 179.943 18.8386
      vertex 36.2 179.894 18.8061
      vertex 36.2 179.929 18.8323
    endloop
  endfacet
  facet normal -1 0 0
    outer loop
      vertex 36.2 179.929 18.8323
      vertex 36.2 179.894 18.8061
      vertex 36.2 179.917 18.8247
    endloop
  endfacet
  facet normal -1 0 0
    outer loop
      vertex 36.2 179.917 18.8247
      vertex 36.2 179.894 18.8061
      vertex 36.2 179.905 18.816
    endloop
  endfacet
  facet normal -1 0 0
    outer loop
      vertex 36.2 177.879 16.6213
      vertex 36.2 180 11.5
      vertex 36.2 179.706 11.5144
    endloop
  endfacet
  facet normal -1 0 0
    outer loop
      vertex 36.2 177.879 16.6213
      vertex 36.2 179.706 11.5144
      vertex 36.2 179.415 11.5576
    endloop
  endfacet
  facet normal -1 0 0
    outer loop
      vertex 36.2 177.879 16.6213
      vertex 36.2 179.415 11.5576
      vertex 36.2 179.129 11.6292
    endloop
  endfacet
  facet normal -1 0 0
    outer loop
      vertex 36.2 177.879 16.6213
      vertex 36.2 179.129 11.6292
      vertex 36.2 178.852 11.7284
    endloop
  endfacet
  facet normal -1 0 0
    outer loop
      vertex 36.2 177.879 16.6213
      vertex 36.2 178.852 11.7284
      vertex 36.2 178.586 11.8542
    endloop
  endfacet
  facet normal -1 0 0
    outer loop
      vertex 36.2 177.879 16.6213
      vertex 36.2 178.586 11.8542
      vertex 36.2 178.333 12.0056
    endloop
  endfacet
  facet normal -1 0 0
    outer loop
      vertex 36.2 177.879 16.6213
      vertex 36.2 178.333 12.0056
      vertex 36.2 178.097 12.181
    endloop
  endfacet
  facet normal -1 0 0
    outer loop
      vertex 36.2 177.879 16.6213
      vertex 36.2 178.097 12.181
      vertex 36.2 177.879 12.3787
    endloop
  endfacet
  facet normal -1 -0 0
    outer loop
      vertex 36.2 180.015 18.8493
      vertex 36.2 179.894 18.8061
      vertex 36.2 180 18.85
    endloop
  endfacet
  facet normal -1 0 0
    outer loop
      vertex 36.2 177.681 12.5968
      vertex 36.2 177.879 16.6213
      vertex 36.2 177.879 12.3787
    endloop
  endfacet
  facet normal -1 0 0
    outer loop
      vertex 36.2 177.681 12.5968
      vertex 36.2 177.681 16.4032
      vertex 36.2 177.879 16.6213
    endloop
  endfacet
  facet normal -1 0 0
    outer loop
      vertex 36.2 177.506 12.8333
      vertex 36.2 177.681 16.4032
      vertex 36.2 177.681 12.5968
    endloop
  endfacet
  facet normal -1 0 0
    outer loop
      vertex 36.2 177.506 12.8333
      vertex 36.2 177.506 16.1667
      vertex 36.2 177.681 16.4032
    endloop
  endfacet
  facet normal -1 0 0
    outer loop
      vertex 36.2 177.354 13.0858
      vertex 36.2 177.506 16.1667
      vertex 36.2 177.506 12.8333
    endloop
  endfacet
  facet normal -1 0 0
    outer loop
      vertex 36.2 177.354 13.0858
      vertex 36.2 177.354 15.9142
      vertex 36.2 177.506 16.1667
    endloop
  endfacet
  facet normal -1 0 0
    outer loop
      vertex 36.2 177.228 13.3519
      vertex 36.2 177.354 15.9142
      vertex 36.2 177.354 13.0858
    endloop
  endfacet
  facet normal -1 0 0
    outer loop
      vertex 36.2 177.228 13.3519
      vertex 36.2 177.228 15.648
      vertex 36.2 177.354 15.9142
    endloop
  endfacet
  facet normal -1 0 0
    outer loop
      vertex 36.2 177.129 13.6291
      vertex 36.2 177.228 15.648
      vertex 36.2 177.228 13.3519
    endloop
  endfacet
  facet normal -1 0 0
    outer loop
      vertex 36.2 177.129 13.6291
      vertex 36.2 177.129 15.3709
      vertex 36.2 177.228 15.648
    endloop
  endfacet
  facet normal -1 0 0
    outer loop
      vertex 36.2 177.058 13.9147
      vertex 36.2 177.129 15.3709
      vertex 36.2 177.129 13.6291
    endloop
  endfacet
  facet normal -1 0 0
    outer loop
      vertex 36.2 177.058 13.9147
      vertex 36.2 177.058 15.0853
      vertex 36.2 177.129 15.3709
    endloop
  endfacet
  facet normal -1 0 0
    outer loop
      vertex 36.2 177.014 14.2059
      vertex 36.2 177.058 15.0853
      vertex 36.2 177.058 13.9147
    endloop
  endfacet
  facet normal -1 0 0
    outer loop
      vertex 36.2 177.014 14.2059
      vertex 36.2 177.014 14.7941
      vertex 36.2 177.058 15.0853
    endloop
  endfacet
  facet normal -1 0 -0
    outer loop
      vertex 36.2 177.014 14.7941
      vertex 36.2 177.014 14.2059
      vertex 36.2 177 14.5
    endloop
  endfacet
  facet normal 0 -0.410365 -0.911922
    outer loop
      vertex 33 180.057 18.8386
      vertex 36.2 180.071 18.8323
      vertex 36.2 180.057 18.8386
    endloop
  endfacet
  facet normal -0 -0.410365 -0.911922
    outer loop
      vertex 36.2 180.071 18.8323
      vertex 33 180.057 18.8386
      vertex 33 180.071 18.8323
    endloop
  endfacet
  facet normal 0 -0.535052 -0.844819
    outer loop
      vertex 33 180.071 18.8323
      vertex 36.2 180.083 18.8247
      vertex 36.2 180.071 18.8323
    endloop
  endfacet
  facet normal -0 -0.535052 -0.844819
    outer loop
      vertex 36.2 180.083 18.8247
      vertex 33 180.071 18.8323
      vertex 33 180.083 18.8247
    endloop
  endfacet
  facet normal 0 -0.0489209 0.998803
    outer loop
      vertex 33 180.294 11.5144
      vertex 36.2 180 11.5
      vertex 36.2 180.294 11.5144
    endloop
  endfacet
  facet normal 0 -0.0489209 0.998803
    outer loop
      vertex 36.2 180 11.5
      vertex 33 180.294 11.5144
      vertex 33 180 11.5
    endloop
  endfacet
  facet normal 0 -0.803858 0.594821
    outer loop
      vertex 33 182.319 12.5968
      vertex 36.2 182.494 12.8333
      vertex 33 182.494 12.8333
    endloop
  endfacet
  facet normal 0 -0.803858 0.594821
    outer loop
      vertex 36.2 182.494 12.8333
      vertex 33 182.319 12.5968
      vertex 36.2 182.319 12.5968
    endloop
  endfacet
  facet normal 0 -0.998869 0.047549
    outer loop
      vertex 33 182.986 14.2059
      vertex 36.2 183 14.5
      vertex 33 183 14.5
    endloop
  endfacet
  facet normal 0 -0.998869 0.047549
    outer loop
      vertex 36.2 183 14.5
      vertex 33 182.986 14.2059
      vertex 36.2 182.986 14.2059
    endloop
  endfacet
  facet normal 0 0.233373 -0.972387
    outer loop
      vertex 33 179.956 18.8435
      vertex 36.2 179.971 18.8471
      vertex 36.2 179.956 18.8435
    endloop
  endfacet
  facet normal 0 0.233373 -0.972387
    outer loop
      vertex 36.2 179.971 18.8471
      vertex 33 179.956 18.8435
      vertex 33 179.971 18.8471
    endloop
  endfacet
  facet normal 0 0.586968 -0.80961
    outer loop
      vertex 33 179.905 18.816
      vertex 36.2 179.917 18.8247
      vertex 36.2 179.905 18.816
    endloop
  endfacet
  facet normal 0 0.586968 -0.80961
    outer loop
      vertex 36.2 179.917 18.8247
      vertex 33 179.905 18.816
      vertex 33 179.917 18.8247
    endloop
  endfacet
  facet normal 0 -0.740401 -0.672166
    outer loop
      vertex 33 182.319 16.4032
      vertex 36.2 182.121 16.6213
      vertex 33 182.121 16.6213
    endloop
  endfacet
  facet normal 0 -0.740401 -0.672166
    outer loop
      vertex 36.2 182.121 16.6213
      vertex 33 182.319 16.4032
      vertex 36.2 182.319 16.4032
    endloop
  endfacet
  facet normal 0 0.735095 -0.677964
    outer loop
      vertex 36.2 177.879 16.6213
      vertex 33 179.894 18.8061
      vertex 36.2 179.894 18.8061
    endloop
  endfacet
  facet normal 0 0.735095 -0.677964
    outer loop
      vertex 33 179.894 18.8061
      vertex 36.2 177.879 16.6213
      vertex 33 177.879 16.6213
    endloop
  endfacet
  facet normal 0 0.988776 -0.149403
    outer loop
      vertex 36.2 177.014 14.7941
      vertex 33 177.058 15.0853
      vertex 36.2 177.058 15.0853
    endloop
  endfacet
  facet normal 0 0.988776 -0.149403
    outer loop
      vertex 33 177.058 15.0853
      vertex 36.2 177.014 14.7941
      vertex 33 177.014 14.7941
    endloop
  endfacet
  facet normal 0 -0.671776 0.740754
    outer loop
      vertex 33 182.121 12.3787
      vertex 36.2 181.903 12.181
      vertex 36.2 182.121 12.3787
    endloop
  endfacet
  facet normal 0 -0.671776 0.740754
    outer loop
      vertex 36.2 181.903 12.181
      vertex 33 182.121 12.3787
      vertex 33 181.903 12.181
    endloop
  endfacet
  facet normal 0 -0.988776 -0.149403
    outer loop
      vertex 33 182.986 14.7941
      vertex 36.2 182.942 15.0853
      vertex 33 182.942 15.0853
    endloop
  endfacet
  facet normal 0 -0.988776 -0.149403
    outer loop
      vertex 36.2 182.942 15.0853
      vertex 33 182.986 14.7941
      vertex 36.2 182.986 14.7941
    endloop
  endfacet
  facet normal 0 -0.242855 0.970063
    outer loop
      vertex 33 180.871 11.6292
      vertex 36.2 180.585 11.5576
      vertex 36.2 180.871 11.6292
    endloop
  endfacet
  facet normal 0 -0.242855 0.970063
    outer loop
      vertex 36.2 180.585 11.5576
      vertex 33 180.871 11.6292
      vertex 33 180.585 11.5576
    endloop
  endfacet
  facet normal -0 0.337154 0.941449
    outer loop
      vertex 33 179.129 11.6292
      vertex 36.2 178.852 11.7284
      vertex 36.2 179.129 11.6292
    endloop
  endfacet
  facet normal 0 0.337154 0.941449
    outer loop
      vertex 36.2 178.852 11.7284
      vertex 33 179.129 11.6292
      vertex 33 178.852 11.7284
    endloop
  endfacet
  facet normal 0 -0.856744 0.515743
    outer loop
      vertex 33 182.494 12.8333
      vertex 36.2 182.646 13.0858
      vertex 33 182.646 13.0858
    endloop
  endfacet
  facet normal 0 -0.856744 0.515743
    outer loop
      vertex 36.2 182.646 13.0858
      vertex 33 182.494 12.8333
      vertex 36.2 182.494 12.8333
    endloop
  endfacet
  facet normal 0 -0.427531 0.904001
    outer loop
      vertex 33 181.414 11.8542
      vertex 36.2 181.148 11.7284
      vertex 36.2 181.414 11.8542
    endloop
  endfacet
  facet normal 0 -0.427531 0.904001
    outer loop
      vertex 36.2 181.148 11.7284
      vertex 33 181.414 11.8542
      vertex 33 181.148 11.7284
    endloop
  endfacet
  facet normal 0 -0.9038 0.427955
    outer loop
      vertex 33 182.646 13.0858
      vertex 36.2 182.772 13.3519
      vertex 33 182.772 13.3519
    endloop
  endfacet
  facet normal 0 -0.9038 0.427955
    outer loop
      vertex 36.2 182.772 13.3519
      vertex 33 182.646 13.0858
      vertex 36.2 182.646 13.0858
    endloop
  endfacet
  facet normal 0 0.998869 -0.047549
    outer loop
      vertex 36.2 177 14.5
      vertex 33 177.014 14.7941
      vertex 36.2 177.014 14.7941
    endloop
  endfacet
  facet normal 0 0.998869 -0.047549
    outer loop
      vertex 33 177.014 14.7941
      vertex 36.2 177 14.5
      vertex 33 177 14.5
    endloop
  endfacet
  facet normal 0 -0.735095 -0.677964
    outer loop
      vertex 33 182.121 16.6213
      vertex 36.2 180.106 18.8061
      vertex 33 180.106 18.8061
    endloop
  endfacet
  facet normal 0 -0.735095 -0.677964
    outer loop
      vertex 36.2 180.106 18.8061
      vertex 33 182.121 16.6213
      vertex 36.2 182.121 16.6213
    endloop
  endfacet
  facet normal -0 0.513498 0.858091
    outer loop
      vertex 33 178.586 11.8542
      vertex 36.2 178.333 12.0056
      vertex 36.2 178.586 11.8542
    endloop
  endfacet
  facet normal 0 0.513498 0.858091
    outer loop
      vertex 36.2 178.333 12.0056
      vertex 33 178.586 11.8542
      vertex 33 178.333 12.0056
    endloop
  endfacet
  facet normal 0 -0.586968 -0.80961
    outer loop
      vertex 33 180.083 18.8247
      vertex 36.2 180.095 18.816
      vertex 36.2 180.083 18.8247
    endloop
  endfacet
  facet normal -0 -0.586968 -0.80961
    outer loop
      vertex 36.2 180.095 18.816
      vertex 33 180.083 18.8247
      vertex 33 180.095 18.816
    endloop
  endfacet
  facet normal 0 0.352701 -0.935736
    outer loop
      vertex 33 179.943 18.8386
      vertex 36.2 179.956 18.8435
      vertex 36.2 179.943 18.8386
    endloop
  endfacet
  facet normal 0 0.352701 -0.935736
    outer loop
      vertex 36.2 179.956 18.8435
      vertex 33 179.943 18.8386
      vertex 33 179.956 18.8435
    endloop
  endfacet
  facet normal 0 0.0466159 -0.998913
    outer loop
      vertex 33 179.985 18.8493
      vertex 36.2 180 18.85
      vertex 36.2 179.985 18.8493
    endloop
  endfacet
  facet normal 0 0.0466159 -0.998913
    outer loop
      vertex 36.2 180 18.85
      vertex 33 179.985 18.8493
      vertex 33 180 18.85
    endloop
  endfacet
  facet normal 0 -0.903862 -0.427824
    outer loop
      vertex 33 182.772 15.648
      vertex 36.2 182.646 15.9142
      vertex 33 182.646 15.9142
    endloop
  endfacet
  facet normal 0 -0.903862 -0.427824
    outer loop
      vertex 36.2 182.646 15.9142
      vertex 33 182.772 15.648
      vertex 36.2 182.772 15.648
    endloop
  endfacet
  facet normal 0 0.998869 0.047549
    outer loop
      vertex 36.2 177.014 14.2059
      vertex 33 177 14.5
      vertex 36.2 177 14.5
    endloop
  endfacet
  facet normal 0 0.998869 0.047549
    outer loop
      vertex 33 177 14.5
      vertex 36.2 177.014 14.2059
      vertex 33 177.014 14.2059
    endloop
  endfacet
  facet normal -0 0.427531 0.904001
    outer loop
      vertex 33 178.852 11.7284
      vertex 36.2 178.586 11.8542
      vertex 36.2 178.852 11.7284
    endloop
  endfacet
  facet normal 0 0.427531 0.904001
    outer loop
      vertex 36.2 178.586 11.8542
      vertex 33 178.852 11.7284
      vertex 33 178.586 11.8542
    endloop
  endfacet
  facet normal 0 0.988776 0.149403
    outer loop
      vertex 36.2 177.058 13.9147
      vertex 33 177.014 14.2059
      vertex 36.2 177.014 14.2059
    endloop
  endfacet
  facet normal 0 0.988776 0.149403
    outer loop
      vertex 33 177.014 14.2059
      vertex 36.2 177.058 13.9147
      vertex 33 177.058 13.9147
    endloop
  endfacet
  facet normal 0 0.856744 -0.515743
    outer loop
      vertex 36.2 177.354 15.9142
      vertex 33 177.506 16.1667
      vertex 36.2 177.506 16.1667
    endloop
  endfacet
  facet normal 0 0.856744 -0.515743
    outer loop
      vertex 33 177.506 16.1667
      vertex 36.2 177.354 15.9142
      vertex 33 177.354 15.9142
    endloop
  endfacet
  facet normal 0 -0.233373 -0.972387
    outer loop
      vertex 33 180.029 18.8471
      vertex 36.2 180.044 18.8435
      vertex 36.2 180.029 18.8471
    endloop
  endfacet
  facet normal -0 -0.233373 -0.972387
    outer loop
      vertex 36.2 180.044 18.8435
      vertex 33 180.029 18.8471
      vertex 33 180.044 18.8435
    endloop
  endfacet
  facet normal 0 -0.155238 -0.987877
    outer loop
      vertex 33 180.015 18.8493
      vertex 36.2 180.029 18.8471
      vertex 36.2 180.015 18.8493
    endloop
  endfacet
  facet normal -0 -0.155238 -0.987877
    outer loop
      vertex 36.2 180.029 18.8471
      vertex 33 180.015 18.8493
      vertex 33 180.029 18.8471
    endloop
  endfacet
  facet normal 0 0.803858 0.594821
    outer loop
      vertex 36.2 177.681 12.5968
      vertex 33 177.506 12.8333
      vertex 36.2 177.506 12.8333
    endloop
  endfacet
  facet normal 0 0.803858 0.594821
    outer loop
      vertex 33 177.506 12.8333
      vertex 36.2 177.681 12.5968
      vertex 33 177.681 12.5968
    endloop
  endfacet
  facet normal 0 -0.596512 0.802604
    outer loop
      vertex 33 181.903 12.181
      vertex 36.2 181.667 12.0056
      vertex 36.2 181.903 12.181
    endloop
  endfacet
  facet normal 0 -0.596512 0.802604
    outer loop
      vertex 36.2 181.667 12.0056
      vertex 33 181.903 12.181
      vertex 33 181.667 12.0056
    endloop
  endfacet
  facet normal 0 0.535052 -0.844819
    outer loop
      vertex 33 179.917 18.8247
      vertex 36.2 179.929 18.8323
      vertex 36.2 179.917 18.8247
    endloop
  endfacet
  facet normal 0 0.535052 -0.844819
    outer loop
      vertex 36.2 179.929 18.8323
      vertex 33 179.917 18.8247
      vertex 33 179.929 18.8323
    endloop
  endfacet
  facet normal 0 0.740401 -0.672166
    outer loop
      vertex 36.2 177.681 16.4032
      vertex 33 177.879 16.6213
      vertex 36.2 177.879 16.6213
    endloop
  endfacet
  facet normal 0 0.740401 -0.672166
    outer loop
      vertex 33 177.879 16.6213
      vertex 36.2 177.681 16.4032
      vertex 33 177.681 16.4032
    endloop
  endfacet
  facet normal 0 0.155238 -0.987877
    outer loop
      vertex 33 179.971 18.8471
      vertex 36.2 179.985 18.8493
      vertex 36.2 179.971 18.8471
    endloop
  endfacet
  facet normal 0 0.155238 -0.987877
    outer loop
      vertex 36.2 179.985 18.8493
      vertex 33 179.971 18.8471
      vertex 33 179.985 18.8493
    endloop
  endfacet
  facet normal 0 -0.988776 0.149403
    outer loop
      vertex 33 182.942 13.9147
      vertex 36.2 182.986 14.2059
      vertex 33 182.986 14.2059
    endloop
  endfacet
  facet normal 0 -0.988776 0.149403
    outer loop
      vertex 36.2 182.986 14.2059
      vertex 33 182.942 13.9147
      vertex 36.2 182.942 13.9147
    endloop
  endfacet
  facet normal 0 -0.970461 0.241256
    outer loop
      vertex 33 182.871 13.6291
      vertex 36.2 182.942 13.9147
      vertex 33 182.942 13.9147
    endloop
  endfacet
  facet normal 0 -0.970461 0.241256
    outer loop
      vertex 36.2 182.942 13.9147
      vertex 33 182.871 13.6291
      vertex 36.2 182.871 13.6291
    endloop
  endfacet
  facet normal -0.989138 -0.146988 0
    outer loop
      vertex 22.5899 50.2058 0
      vertex 22.5596 50.4097 2
      vertex 22.5596 50.4097 0
    endloop
  endfacet
  facet normal -0.989138 -0.146988 0
    outer loop
      vertex 22.5596 50.4097 2
      vertex 22.5899 50.2058 0
      vertex 22.5899 50.2058 2
    endloop
  endfacet
  facet normal -0.998798 -0.0490178 0
    outer loop
      vertex 22.6 50 0
      vertex 22.5899 50.2058 2
      vertex 22.5899 50.2058 0
    endloop
  endfacet
  facet normal -0.998798 -0.0490178 0
    outer loop
      vertex 22.5899 50.2058 2
      vertex 22.6 50 0
      vertex 22.6 50 2
    endloop
  endfacet
  facet normal -0.970114 -0.24265 0
    outer loop
      vertex 22.5596 50.4097 0
      vertex 22.5096 50.6096 2
      vertex 22.5096 50.6096 0
    endloop
  endfacet
  facet normal -0.970114 -0.24265 0
    outer loop
      vertex 22.5096 50.6096 2
      vertex 22.5596 50.4097 0
      vertex 22.5596 50.4097 2
    endloop
  endfacet
  facet normal -0.998798 0.0490178 0
    outer loop
      vertex 22.5899 49.7942 0
      vertex 22.6 50 2
      vertex 22.6 50 0
    endloop
  endfacet
  facet normal -0.998798 0.0490178 0
    outer loop
      vertex 22.6 50 2
      vertex 22.5899 49.7942 0
      vertex 22.5899 49.7942 2
    endloop
  endfacet
  facet normal -0.337258 0.941412 0
    outer loop
      vertex 21.3036 48.0599 0
      vertex 21.1096 47.9904 2
      vertex 21.3036 48.0599 2
    endloop
  endfacet
  facet normal -0.337258 0.941412 0
    outer loop
      vertex 21.1096 47.9904 2
      vertex 21.3036 48.0599 0
      vertex 21.1096 47.9904 0
    endloop
  endfacet
  facet normal 0.427502 0.904014 -0
    outer loop
      vertex 19.6964 48.0599 0
      vertex 19.5101 48.148 2
      vertex 19.6964 48.0599 2
    endloop
  endfacet
  facet normal 0.427502 0.904014 0
    outer loop
      vertex 19.5101 48.148 2
      vertex 19.6964 48.0599 0
      vertex 19.5101 48.148 0
    endloop
  endfacet
  facet normal 0.989138 0.146988 0
    outer loop
      vertex 18.4404 49.5903 2
      vertex 18.4101 49.7942 0
      vertex 18.4101 49.7942 2
    endloop
  endfacet
  facet normal 0.989138 0.146988 0
    outer loop
      vertex 18.4101 49.7942 0
      vertex 18.4404 49.5903 2
      vertex 18.4404 49.5903 0
    endloop
  endfacet
  facet normal 0.671561 -0.740949 0
    outer loop
      vertex 19.0151 51.4849 0
      vertex 19.1678 51.6233 2
      vertex 19.0151 51.4849 2
    endloop
  endfacet
  facet normal 0.671561 -0.740949 0
    outer loop
      vertex 19.1678 51.6233 2
      vertex 19.0151 51.4849 0
      vertex 19.1678 51.6233 0
    endloop
  endfacet
  facet normal 0.24265 0.970114 -0
    outer loop
      vertex 20.0903 47.9404 0
      vertex 19.8904 47.9904 2
      vertex 20.0903 47.9404 2
    endloop
  endfacet
  facet normal 0.24265 0.970114 0
    outer loop
      vertex 19.8904 47.9904 2
      vertex 20.0903 47.9404 0
      vertex 19.8904 47.9904 0
    endloop
  endfacet
  facet normal 0.970114 -0.24265 0
    outer loop
      vertex 18.4404 50.4097 2
      vertex 18.4904 50.6096 0
      vertex 18.4904 50.6096 2
    endloop
  endfacet
  facet normal 0.970114 -0.24265 0
    outer loop
      vertex 18.4904 50.6096 0
      vertex 18.4404 50.4097 2
      vertex 18.4404 50.4097 0
    endloop
  endfacet
  facet normal -0.803076 -0.595877 0
    outer loop
      vertex 22.2461 51.1667 0
      vertex 22.1233 51.3322 2
      vertex 22.1233 51.3322 0
    endloop
  endfacet
  facet normal -0.803076 -0.595877 0
    outer loop
      vertex 22.1233 51.3322 2
      vertex 22.2461 51.1667 0
      vertex 22.2461 51.1667 2
    endloop
  endfacet
  facet normal 0.0490178 -0.998798 0
    outer loop
      vertex 20.2942 52.0899 0
      vertex 20.5 52.1 2
      vertex 20.2942 52.0899 2
    endloop
  endfacet
  facet normal 0.0490178 -0.998798 0
    outer loop
      vertex 20.5 52.1 2
      vertex 20.2942 52.0899 0
      vertex 20.5 52.1 0
    endloop
  endfacet
  facet normal 0.740949 0.671561 0
    outer loop
      vertex 19.0151 48.5151 2
      vertex 18.8767 48.6678 0
      vertex 18.8767 48.6678 2
    endloop
  endfacet
  facet normal 0.740949 0.671561 0
    outer loop
      vertex 18.8767 48.6678 0
      vertex 19.0151 48.5151 2
      vertex 19.0151 48.5151 0
    endloop
  endfacet
  facet normal 0.595877 0.803076 -0
    outer loop
      vertex 19.3333 48.2539 0
      vertex 19.1678 48.3767 2
      vertex 19.3333 48.2539 2
    endloop
  endfacet
  facet normal 0.595877 0.803076 0
    outer loop
      vertex 19.1678 48.3767 2
      vertex 19.3333 48.2539 0
      vertex 19.1678 48.3767 0
    endloop
  endfacet
  facet normal 0.513853 0.857878 -0
    outer loop
      vertex 19.5101 48.148 0
      vertex 19.3333 48.2539 2
      vertex 19.5101 48.148 2
    endloop
  endfacet
  facet normal 0.513853 0.857878 0
    outer loop
      vertex 19.3333 48.2539 2
      vertex 19.5101 48.148 0
      vertex 19.3333 48.2539 0
    endloop
  endfacet
  facet normal -0.0490178 -0.998798 0
    outer loop
      vertex 20.5 52.1 0
      vertex 20.7058 52.0899 2
      vertex 20.5 52.1 2
    endloop
  endfacet
  facet normal -0.0490178 -0.998798 -0
    outer loop
      vertex 20.7058 52.0899 2
      vertex 20.5 52.1 0
      vertex 20.7058 52.0899 0
    endloop
  endfacet
  facet normal 0.803076 0.595877 0
    outer loop
      vertex 18.8767 48.6678 2
      vertex 18.7539 48.8333 0
      vertex 18.7539 48.8333 2
    endloop
  endfacet
  facet normal 0.803076 0.595877 0
    outer loop
      vertex 18.7539 48.8333 0
      vertex 18.8767 48.6678 2
      vertex 18.8767 48.6678 0
    endloop
  endfacet
  facet normal -0.989138 0.146988 0
    outer loop
      vertex 22.5596 49.5903 0
      vertex 22.5899 49.7942 2
      vertex 22.5899 49.7942 0
    endloop
  endfacet
  facet normal -0.989138 0.146988 0
    outer loop
      vertex 22.5899 49.7942 2
      vertex 22.5596 49.5903 0
      vertex 22.5596 49.5903 2
    endloop
  endfacet
  facet normal 0.740949 -0.671561 0
    outer loop
      vertex 18.8767 51.3322 2
      vertex 19.0151 51.4849 0
      vertex 19.0151 51.4849 2
    endloop
  endfacet
  facet normal 0.740949 -0.671561 0
    outer loop
      vertex 19.0151 51.4849 0
      vertex 18.8767 51.3322 2
      vertex 18.8767 51.3322 0
    endloop
  endfacet
  facet normal -0.941412 0.337258 0
    outer loop
      vertex 22.4401 49.1964 0
      vertex 22.5096 49.3904 2
      vertex 22.5096 49.3904 0
    endloop
  endfacet
  facet normal -0.941412 0.337258 0
    outer loop
      vertex 22.5096 49.3904 2
      vertex 22.4401 49.1964 0
      vertex 22.4401 49.1964 2
    endloop
  endfacet
  facet normal 0.337258 -0.941412 0
    outer loop
      vertex 19.6964 51.9401 0
      vertex 19.8904 52.0096 2
      vertex 19.6964 51.9401 2
    endloop
  endfacet
  facet normal 0.337258 -0.941412 0
    outer loop
      vertex 19.8904 52.0096 2
      vertex 19.6964 51.9401 0
      vertex 19.8904 52.0096 0
    endloop
  endfacet
  facet normal -0.941412 -0.337258 0
    outer loop
      vertex 22.5096 50.6096 0
      vertex 22.4401 50.8036 2
      vertex 22.4401 50.8036 0
    endloop
  endfacet
  facet normal -0.941412 -0.337258 0
    outer loop
      vertex 22.4401 50.8036 2
      vertex 22.5096 50.6096 0
      vertex 22.5096 50.6096 2
    endloop
  endfacet
  facet normal 0.904014 -0.427502 0
    outer loop
      vertex 18.5599 50.8036 2
      vertex 18.648 50.9899 0
      vertex 18.648 50.9899 2
    endloop
  endfacet
  facet normal 0.904014 -0.427502 0
    outer loop
      vertex 18.648 50.9899 0
      vertex 18.5599 50.8036 2
      vertex 18.5599 50.8036 0
    endloop
  endfacet
  facet normal -0.970114 0.24265 0
    outer loop
      vertex 22.5096 49.3904 0
      vertex 22.5596 49.5903 2
      vertex 22.5596 49.5903 0
    endloop
  endfacet
  facet normal -0.970114 0.24265 0
    outer loop
      vertex 22.5596 49.5903 2
      vertex 22.5096 49.3904 0
      vertex 22.5096 49.3904 2
    endloop
  endfacet
  facet normal -0.0490178 0.998798 0
    outer loop
      vertex 20.7058 47.9101 0
      vertex 20.5 47.9 2
      vertex 20.7058 47.9101 2
    endloop
  endfacet
  facet normal -0.0490178 0.998798 0
    outer loop
      vertex 20.5 47.9 2
      vertex 20.7058 47.9101 0
      vertex 20.5 47.9 0
    endloop
  endfacet
  facet normal -0.904014 -0.427502 0
    outer loop
      vertex 22.4401 50.8036 0
      vertex 22.352 50.9899 2
      vertex 22.352 50.9899 0
    endloop
  endfacet
  facet normal -0.904014 -0.427502 0
    outer loop
      vertex 22.352 50.9899 2
      vertex 22.4401 50.8036 0
      vertex 22.4401 50.8036 2
    endloop
  endfacet
  facet normal 0.941412 0.337258 0
    outer loop
      vertex 18.5599 49.1964 2
      vertex 18.4904 49.3904 0
      vertex 18.4904 49.3904 2
    endloop
  endfacet
  facet normal 0.941412 0.337258 0
    outer loop
      vertex 18.4904 49.3904 0
      vertex 18.5599 49.1964 2
      vertex 18.5599 49.1964 0
    endloop
  endfacet
  facet normal -0.427502 0.904014 0
    outer loop
      vertex 21.4899 48.148 0
      vertex 21.3036 48.0599 2
      vertex 21.4899 48.148 2
    endloop
  endfacet
  facet normal -0.427502 0.904014 0
    outer loop
      vertex 21.3036 48.0599 2
      vertex 21.4899 48.148 0
      vertex 21.3036 48.0599 0
    endloop
  endfacet
  facet normal -0.427502 -0.904014 0
    outer loop
      vertex 21.3036 51.9401 0
      vertex 21.4899 51.852 2
      vertex 21.3036 51.9401 2
    endloop
  endfacet
  facet normal -0.427502 -0.904014 -0
    outer loop
      vertex 21.4899 51.852 2
      vertex 21.3036 51.9401 0
      vertex 21.4899 51.852 0
    endloop
  endfacet
  facet normal 0.427502 -0.904014 0
    outer loop
      vertex 19.5101 51.852 0
      vertex 19.6964 51.9401 2
      vertex 19.5101 51.852 2
    endloop
  endfacet
  facet normal 0.427502 -0.904014 0
    outer loop
      vertex 19.6964 51.9401 2
      vertex 19.5101 51.852 0
      vertex 19.6964 51.9401 0
    endloop
  endfacet
  facet normal -0.595877 0.803076 0
    outer loop
      vertex 21.8322 48.3767 0
      vertex 21.6667 48.2539 2
      vertex 21.8322 48.3767 2
    endloop
  endfacet
  facet normal -0.595877 0.803076 0
    outer loop
      vertex 21.6667 48.2539 2
      vertex 21.8322 48.3767 0
      vertex 21.6667 48.2539 0
    endloop
  endfacet
  facet normal -0.740949 0.671561 0
    outer loop
      vertex 21.9849 48.5151 0
      vertex 22.1233 48.6678 2
      vertex 22.1233 48.6678 0
    endloop
  endfacet
  facet normal -0.740949 0.671561 0
    outer loop
      vertex 22.1233 48.6678 2
      vertex 21.9849 48.5151 0
      vertex 21.9849 48.5151 2
    endloop
  endfacet
  facet normal 0.904014 0.427502 0
    outer loop
      vertex 18.648 49.0101 2
      vertex 18.5599 49.1964 0
      vertex 18.5599 49.1964 2
    endloop
  endfacet
  facet normal 0.904014 0.427502 0
    outer loop
      vertex 18.5599 49.1964 0
      vertex 18.648 49.0101 2
      vertex 18.648 49.0101 0
    endloop
  endfacet
  facet normal -0.146988 0.989138 0
    outer loop
      vertex 20.9097 47.9404 0
      vertex 20.7058 47.9101 2
      vertex 20.9097 47.9404 2
    endloop
  endfacet
  facet normal -0.146988 0.989138 0
    outer loop
      vertex 20.7058 47.9101 2
      vertex 20.9097 47.9404 0
      vertex 20.7058 47.9101 0
    endloop
  endfacet
  facet normal -0.24265 -0.970114 0
    outer loop
      vertex 20.9097 52.0596 0
      vertex 21.1096 52.0096 2
      vertex 20.9097 52.0596 2
    endloop
  endfacet
  facet normal -0.24265 -0.970114 -0
    outer loop
      vertex 21.1096 52.0096 2
      vertex 20.9097 52.0596 0
      vertex 21.1096 52.0096 0
    endloop
  endfacet
  facet normal -0.671561 -0.740949 0
    outer loop
      vertex 21.8322 51.6233 0
      vertex 21.9849 51.4849 2
      vertex 21.8322 51.6233 2
    endloop
  endfacet
  facet normal -0.671561 -0.740949 -0
    outer loop
      vertex 21.9849 51.4849 2
      vertex 21.8322 51.6233 0
      vertex 21.9849 51.4849 0
    endloop
  endfacet
  facet normal 0.989138 -0.146988 0
    outer loop
      vertex 18.4101 50.2058 2
      vertex 18.4404 50.4097 0
      vertex 18.4404 50.4097 2
    endloop
  endfacet
  facet normal 0.989138 -0.146988 0
    outer loop
      vertex 18.4404 50.4097 0
      vertex 18.4101 50.2058 2
      vertex 18.4101 50.2058 0
    endloop
  endfacet
  facet normal -0.595877 -0.803076 0
    outer loop
      vertex 21.6667 51.7461 0
      vertex 21.8322 51.6233 2
      vertex 21.6667 51.7461 2
    endloop
  endfacet
  facet normal -0.595877 -0.803076 -0
    outer loop
      vertex 21.8322 51.6233 2
      vertex 21.6667 51.7461 0
      vertex 21.8322 51.6233 0
    endloop
  endfacet
  facet normal -0.513853 -0.857878 0
    outer loop
      vertex 21.4899 51.852 0
      vertex 21.6667 51.7461 2
      vertex 21.4899 51.852 2
    endloop
  endfacet
  facet normal -0.513853 -0.857878 -0
    outer loop
      vertex 21.6667 51.7461 2
      vertex 21.4899 51.852 0
      vertex 21.6667 51.7461 0
    endloop
  endfacet
  facet normal -0.803076 0.595877 0
    outer loop
      vertex 22.1233 48.6678 0
      vertex 22.2461 48.8333 2
      vertex 22.2461 48.8333 0
    endloop
  endfacet
  facet normal -0.803076 0.595877 0
    outer loop
      vertex 22.2461 48.8333 2
      vertex 22.1233 48.6678 0
      vertex 22.1233 48.6678 2
    endloop
  endfacet
  facet normal -0.337258 -0.941412 0
    outer loop
      vertex 21.1096 52.0096 0
      vertex 21.3036 51.9401 2
      vertex 21.1096 52.0096 2
    endloop
  endfacet
  facet normal -0.337258 -0.941412 -0
    outer loop
      vertex 21.3036 51.9401 2
      vertex 21.1096 52.0096 0
      vertex 21.3036 51.9401 0
    endloop
  endfacet
  facet normal 0.857878 0.513853 0
    outer loop
      vertex 18.7539 48.8333 2
      vertex 18.648 49.0101 0
      vertex 18.648 49.0101 2
    endloop
  endfacet
  facet normal 0.857878 0.513853 0
    outer loop
      vertex 18.648 49.0101 0
      vertex 18.7539 48.8333 2
      vertex 18.7539 48.8333 0
    endloop
  endfacet
  facet normal -0.24265 0.970114 0
    outer loop
      vertex 21.1096 47.9904 0
      vertex 20.9097 47.9404 2
      vertex 21.1096 47.9904 2
    endloop
  endfacet
  facet normal -0.24265 0.970114 0
    outer loop
      vertex 20.9097 47.9404 2
      vertex 21.1096 47.9904 0
      vertex 20.9097 47.9404 0
    endloop
  endfacet
  facet normal -0.740949 -0.671561 0
    outer loop
      vertex 22.1233 51.3322 0
      vertex 21.9849 51.4849 2
      vertex 21.9849 51.4849 0
    endloop
  endfacet
  facet normal -0.740949 -0.671561 0
    outer loop
      vertex 21.9849 51.4849 2
      vertex 22.1233 51.3322 0
      vertex 22.1233 51.3322 2
    endloop
  endfacet
  facet normal -0.857878 -0.513853 0
    outer loop
      vertex 22.352 50.9899 0
      vertex 22.2461 51.1667 2
      vertex 22.2461 51.1667 0
    endloop
  endfacet
  facet normal -0.857878 -0.513853 0
    outer loop
      vertex 22.2461 51.1667 2
      vertex 22.352 50.9899 0
      vertex 22.352 50.9899 2
    endloop
  endfacet
  facet normal 0.513853 -0.857878 0
    outer loop
      vertex 19.3333 51.7461 0
      vertex 19.5101 51.852 2
      vertex 19.3333 51.7461 2
    endloop
  endfacet
  facet normal 0.513853 -0.857878 0
    outer loop
      vertex 19.5101 51.852 2
      vertex 19.3333 51.7461 0
      vertex 19.5101 51.852 0
    endloop
  endfacet
  facet normal 0.24265 -0.970114 0
    outer loop
      vertex 19.8904 52.0096 0
      vertex 20.0903 52.0596 2
      vertex 19.8904 52.0096 2
    endloop
  endfacet
  facet normal 0.24265 -0.970114 0
    outer loop
      vertex 20.0903 52.0596 2
      vertex 19.8904 52.0096 0
      vertex 20.0903 52.0596 0
    endloop
  endfacet
  facet normal 0.146988 -0.989138 0
    outer loop
      vertex 20.0903 52.0596 0
      vertex 20.2942 52.0899 2
      vertex 20.0903 52.0596 2
    endloop
  endfacet
  facet normal 0.146988 -0.989138 0
    outer loop
      vertex 20.2942 52.0899 2
      vertex 20.0903 52.0596 0
      vertex 20.2942 52.0899 0
    endloop
  endfacet
  facet normal 0.998798 -0.0490178 0
    outer loop
      vertex 18.4 50 2
      vertex 18.4101 50.2058 0
      vertex 18.4101 50.2058 2
    endloop
  endfacet
  facet normal 0.998798 -0.0490178 0
    outer loop
      vertex 18.4101 50.2058 0
      vertex 18.4 50 2
      vertex 18.4 50 0
    endloop
  endfacet
  facet normal 0.803076 -0.595877 0
    outer loop
      vertex 18.7539 51.1667 2
      vertex 18.8767 51.3322 0
      vertex 18.8767 51.3322 2
    endloop
  endfacet
  facet normal 0.803076 -0.595877 0
    outer loop
      vertex 18.8767 51.3322 0
      vertex 18.7539 51.1667 2
      vertex 18.7539 51.1667 0
    endloop
  endfacet
  facet normal 0.970114 0.24265 0
    outer loop
      vertex 18.4904 49.3904 2
      vertex 18.4404 49.5903 0
      vertex 18.4404 49.5903 2
    endloop
  endfacet
  facet normal 0.970114 0.24265 0
    outer loop
      vertex 18.4404 49.5903 0
      vertex 18.4904 49.3904 2
      vertex 18.4904 49.3904 0
    endloop
  endfacet
  facet normal -0.857878 0.513853 0
    outer loop
      vertex 22.2461 48.8333 0
      vertex 22.352 49.0101 2
      vertex 22.352 49.0101 0
    endloop
  endfacet
  facet normal -0.857878 0.513853 0
    outer loop
      vertex 22.352 49.0101 2
      vertex 22.2461 48.8333 0
      vertex 22.2461 48.8333 2
    endloop
  endfacet
  facet normal -0.904014 0.427502 0
    outer loop
      vertex 22.352 49.0101 0
      vertex 22.4401 49.1964 2
      vertex 22.4401 49.1964 0
    endloop
  endfacet
  facet normal -0.904014 0.427502 0
    outer loop
      vertex 22.4401 49.1964 2
      vertex 22.352 49.0101 0
      vertex 22.352 49.0101 2
    endloop
  endfacet
  facet normal -0.513853 0.857878 0
    outer loop
      vertex 21.6667 48.2539 0
      vertex 21.4899 48.148 2
      vertex 21.6667 48.2539 2
    endloop
  endfacet
  facet normal -0.513853 0.857878 0
    outer loop
      vertex 21.4899 48.148 2
      vertex 21.6667 48.2539 0
      vertex 21.4899 48.148 0
    endloop
  endfacet
  facet normal 0.941412 -0.337258 0
    outer loop
      vertex 18.4904 50.6096 2
      vertex 18.5599 50.8036 0
      vertex 18.5599 50.8036 2
    endloop
  endfacet
  facet normal 0.941412 -0.337258 0
    outer loop
      vertex 18.5599 50.8036 0
      vertex 18.4904 50.6096 2
      vertex 18.4904 50.6096 0
    endloop
  endfacet
  facet normal 0.0490178 0.998798 -0
    outer loop
      vertex 20.5 47.9 0
      vertex 20.2942 47.9101 2
      vertex 20.5 47.9 2
    endloop
  endfacet
  facet normal 0.0490178 0.998798 0
    outer loop
      vertex 20.2942 47.9101 2
      vertex 20.5 47.9 0
      vertex 20.2942 47.9101 0
    endloop
  endfacet
  facet normal 0.146988 0.989138 -0
    outer loop
      vertex 20.2942 47.9101 0
      vertex 20.0903 47.9404 2
      vertex 20.2942 47.9101 2
    endloop
  endfacet
  facet normal 0.146988 0.989138 0
    outer loop
      vertex 20.0903 47.9404 2
      vertex 20.2942 47.9101 0
      vertex 20.0903 47.9404 0
    endloop
  endfacet
  facet normal 0.595877 -0.803076 0
    outer loop
      vertex 19.1678 51.6233 0
      vertex 19.3333 51.7461 2
      vertex 19.1678 51.6233 2
    endloop
  endfacet
  facet normal 0.595877 -0.803076 0
    outer loop
      vertex 19.3333 51.7461 2
      vertex 19.1678 51.6233 0
      vertex 19.3333 51.7461 0
    endloop
  endfacet
  facet normal -0.671561 0.740949 0
    outer loop
      vertex 21.9849 48.5151 0
      vertex 21.8322 48.3767 2
      vertex 21.9849 48.5151 2
    endloop
  endfacet
  facet normal -0.671561 0.740949 0
    outer loop
      vertex 21.8322 48.3767 2
      vertex 21.9849 48.5151 0
      vertex 21.8322 48.3767 0
    endloop
  endfacet
  facet normal 0.337258 0.941412 -0
    outer loop
      vertex 19.8904 47.9904 0
      vertex 19.6964 48.0599 2
      vertex 19.8904 47.9904 2
    endloop
  endfacet
  facet normal 0.337258 0.941412 0
    outer loop
      vertex 19.6964 48.0599 2
      vertex 19.8904 47.9904 0
      vertex 19.6964 48.0599 0
    endloop
  endfacet
  facet normal -0.146988 -0.989138 0
    outer loop
      vertex 20.7058 52.0899 0
      vertex 20.9097 52.0596 2
      vertex 20.7058 52.0899 2
    endloop
  endfacet
  facet normal -0.146988 -0.989138 -0
    outer loop
      vertex 20.9097 52.0596 2
      vertex 20.7058 52.0899 0
      vertex 20.9097 52.0596 0
    endloop
  endfacet
  facet normal 0.671561 0.740949 -0
    outer loop
      vertex 19.1678 48.3767 0
      vertex 19.0151 48.5151 2
      vertex 19.1678 48.3767 2
    endloop
  endfacet
  facet normal 0.671561 0.740949 0
    outer loop
      vertex 19.0151 48.5151 2
      vertex 19.1678 48.3767 0
      vertex 19.0151 48.5151 0
    endloop
  endfacet
  facet normal 0.857878 -0.513853 0
    outer loop
      vertex 18.648 50.9899 2
      vertex 18.7539 51.1667 0
      vertex 18.7539 51.1667 2
    endloop
  endfacet
  facet normal 0.857878 -0.513853 0
    outer loop
      vertex 18.7539 51.1667 0
      vertex 18.648 50.9899 2
      vertex 18.648 50.9899 0
    endloop
  endfacet
  facet normal 0.998798 0.0490178 0
    outer loop
      vertex 18.4101 49.7942 2
      vertex 18.4 50 0
      vertex 18.4 50 2
    endloop
  endfacet
  facet normal 0.998798 0.0490178 0
    outer loop
      vertex 18.4 50 0
      vertex 18.4101 49.7942 2
      vertex 18.4101 49.7942 0
    endloop
  endfacet
  facet normal -0.708439 -0.0347679 0.704915
    outer loop
      vertex 22.6 50 2
      vertex 24.59 50.001 4
      vertex 22.5899 50.2058 2
    endloop
  endfacet
  facet normal -0.708877 0 0.705332
    outer loop
      vertex 24.59 50.001 4
      vertex 22.6 50 2
      vertex 24.59 50 4
    endloop
  endfacet
  facet normal -0.667819 0.238962 0.704922
    outer loop
      vertex 24.2787 48.4348 4
      vertex 24.4136 48.8118 4
      vertex 22.4401 49.1964 2
    endloop
  endfacet
  facet normal -0.678983 -0.203695 0.70533
    outer loop
      vertex 22.5096 50.6096 2
      vertex 24.4142 51.1863 4
      vertex 24.4139 51.1873 4
    endloop
  endfacet
  facet normal -0.688101 -0.172111 0.704907
    outer loop
      vertex 24.4142 51.1863 4
      vertex 22.5096 50.6096 2
      vertex 22.5596 50.4097 2
    endloop
  endfacet
  facet normal -0.104176 0.701596 0.704918
    outer loop
      vertex 20.9009 45.9296 4
      vertex 21.2969 45.9884 4
      vertex 20.7058 47.9101 2
    endloop
  endfacet
  facet normal -0.525476 0.476401 0.704924
    outer loop
      vertex 23.3928 47.1087 4
      vertex 23.6617 47.4053 4
      vertex 22.1233 48.6678 2
    endloop
  endfacet
  facet normal 0.172111 0.688101 0.704907
    outer loop
      vertex 19.8904 47.9904 2
      vertex 19.3137 46.0858 4
      vertex 20.0903 47.9404 2
    endloop
  endfacet
  facet normal 0.203695 0.678983 0.70533
    outer loop
      vertex 19.3137 46.0858 4
      vertex 19.8904 47.9904 2
      vertex 19.3127 46.0861 4
    endloop
  endfacet
  facet normal 0.172359 -0.688019 0.704927
    outer loop
      vertex 20.0903 52.0596 2
      vertex 19.7021 54.0115 4
      vertex 19.3137 53.9142 4
    endloop
  endfacet
  facet normal 0.534061 -0.467304 0.704561
    outer loop
      vertex 17.6072 52.8913 4
      vertex 19.0151 51.4849 2
      vertex 17.6079 52.8921 4
    endloop
  endfacet
  facet normal 0.525548 -0.476332 0.704916
    outer loop
      vertex 19.0151 51.4849 2
      vertex 17.6072 52.8913 4
      vertex 18.8767 51.3322 2
    endloop
  endfacet
  facet normal -0.172359 -0.688019 0.704927
    outer loop
      vertex 21.6863 53.9142 4
      vertex 21.2979 54.0115 4
      vertex 20.9097 52.0596 2
    endloop
  endfacet
  facet normal -0.238962 0.667819 0.704922
    outer loop
      vertex 21.6882 46.0864 4
      vertex 22.0652 46.2213 4
      vertex 21.3036 48.0599 2
    endloop
  endfacet
  facet normal 0 0.708877 0.705332
    outer loop
      vertex 20.5 47.9 2
      vertex 20.499 45.91 4
      vertex 20.5 45.91 4
    endloop
  endfacet
  facet normal 0.0347679 0.708439 0.704915
    outer loop
      vertex 20.499 45.91 4
      vertex 20.5 47.9 2
      vertex 20.2942 47.9101 2
    endloop
  endfacet
  facet normal -0.0347222 -0.708438 0.704918
    outer loop
      vertex 20.7058 52.0899 2
      vertex 20.9009 54.0704 4
      vertex 20.501 54.09 4
    endloop
  endfacet
  facet normal 0.708438 -0.0347222 0.704918
    outer loop
      vertex 18.4101 50.2058 2
      vertex 16.4296 50.4009 4
      vertex 16.41 50.001 4
    endloop
  endfacet
  facet normal 0.476332 -0.525548 0.704916
    outer loop
      vertex 17.6087 52.8928 4
      vertex 19.0151 51.4849 2
      vertex 19.1678 51.6233 2
    endloop
  endfacet
  facet normal 0.467304 -0.534061 0.704561
    outer loop
      vertex 19.0151 51.4849 2
      vertex 17.6087 52.8928 4
      vertex 17.6079 52.8921 4
    endloop
  endfacet
  facet normal -0.647869 0.287942 0.705234
    outer loop
      vertex 22.4401 49.1964 2
      vertex 24.2783 48.4339 4
      vertex 24.2787 48.4348 4
    endloop
  endfacet
  facet normal -0.641199 0.303218 0.704928
    outer loop
      vertex 24.2783 48.4339 4
      vertex 22.4401 49.1964 2
      vertex 22.352 49.0101 2
    endloop
  endfacet
  facet normal -0.608493 0.364476 0.704907
    outer loop
      vertex 22.2461 48.8333 2
      vertex 23.9013 47.7286 4
      vertex 22.352 49.0101 2
    endloop
  endfacet
  facet normal -0.620694 0.34483 0.704153
    outer loop
      vertex 23.9013 47.7286 4
      vertex 22.2461 48.8333 2
      vertex 23.9008 47.7277 4
    endloop
  endfacet
  facet normal 0.224208 -0.672624 0.705201
    outer loop
      vertex 19.3118 53.9136 4
      vertex 19.8904 52.0096 2
      vertex 19.3127 53.9139 4
    endloop
  endfacet
  facet normal 0.239219 -0.667748 0.704902
    outer loop
      vertex 19.8904 52.0096 2
      vertex 19.3118 53.9136 4
      vertex 19.6964 51.9401 2
    endloop
  endfacet
  facet normal -0.0706976 0.706976 0.703695
    outer loop
      vertex 20.9097 47.9404 2
      vertex 21.2969 45.9884 4
      vertex 21.2979 45.9885 4
    endloop
  endfacet
  facet normal -0.104256 0.701578 0.704924
    outer loop
      vertex 21.2969 45.9884 4
      vertex 20.9097 47.9404 2
      vertex 20.7058 47.9101 2
    endloop
  endfacet
  facet normal 0.0347222 -0.708438 0.704918
    outer loop
      vertex 20.2942 52.0899 2
      vertex 20.499 54.09 4
      vertex 20.0991 54.0704 4
    endloop
  endfacet
  facet normal 0.0347679 -0.708439 0.704915
    outer loop
      vertex 20.5 52.1 2
      vertex 20.499 54.09 4
      vertex 20.2942 52.0899 2
    endloop
  endfacet
  facet normal 0 -0.708877 0.705332
    outer loop
      vertex 20.499 54.09 4
      vertex 20.5 52.1 2
      vertex 20.5 54.09 4
    endloop
  endfacet
  facet normal 0.422389 0.5698 0.704923
    outer loop
      vertex 18.2269 46.5999 4
      vertex 19.1678 48.3767 2
      vertex 17.9053 46.8383 4
    endloop
  endfacet
  facet normal 0.476401 0.525476 0.704924
    outer loop
      vertex 17.9053 46.8383 4
      vertex 19.1678 48.3767 2
      vertex 17.6087 47.1072 4
    endloop
  endfacet
  facet normal 0.238962 0.667819 0.704922
    outer loop
      vertex 19.3118 46.0864 4
      vertex 19.6964 48.0599 2
      vertex 18.9348 46.2213 4
    endloop
  endfacet
  facet normal 0.476401 -0.525476 0.704924
    outer loop
      vertex 19.1678 51.6233 2
      vertex 17.9053 53.1617 4
      vertex 17.6087 52.8928 4
    endloop
  endfacet
  facet normal -0.701596 -0.104176 0.704918
    outer loop
      vertex 24.5704 50.4009 4
      vertex 24.5116 50.7969 4
      vertex 22.5899 50.2058 2
    endloop
  endfacet
  facet normal -0.688019 0.172359 0.704927
    outer loop
      vertex 24.4142 48.8137 4
      vertex 24.5115 49.2021 4
      vertex 22.5596 49.5903 2
    endloop
  endfacet
  facet normal 0.238962 -0.667819 0.704922
    outer loop
      vertex 19.6964 51.9401 2
      vertex 19.3118 53.9136 4
      vertex 18.9348 53.7787 4
    endloop
  endfacet
  facet normal 0.688019 -0.172359 0.704927
    outer loop
      vertex 18.4404 50.4097 2
      vertex 16.5858 51.1863 4
      vertex 16.4885 50.7979 4
    endloop
  endfacet
  facet normal -0.672624 -0.224208 0.705201
    outer loop
      vertex 24.4136 51.1882 4
      vertex 22.5096 50.6096 2
      vertex 24.4139 51.1873 4
    endloop
  endfacet
  facet normal -0.667748 -0.239219 0.704902
    outer loop
      vertex 22.5096 50.6096 2
      vertex 24.4136 51.1882 4
      vertex 22.4401 50.8036 2
    endloop
  endfacet
  facet normal 0.364613 0.608396 0.70492
    outer loop
      vertex 18.572 46.3929 4
      vertex 19.5101 48.148 2
      vertex 18.2286 46.5987 4
    endloop
  endfacet
  facet normal -0.467304 0.534061 0.704561
    outer loop
      vertex 21.9849 48.5151 2
      vertex 23.3913 47.1072 4
      vertex 23.3921 47.1079 4
    endloop
  endfacet
  facet normal -0.476332 0.525548 0.704916
    outer loop
      vertex 23.3913 47.1072 4
      vertex 21.9849 48.5151 2
      vertex 21.8322 48.3767 2
    endloop
  endfacet
  facet normal 0.0347222 0.708438 0.704918
    outer loop
      vertex 20.499 45.91 4
      vertex 20.2942 47.9101 2
      vertex 20.0991 45.9296 4
    endloop
  endfacet
  facet normal 0.303218 0.641199 0.704928
    outer loop
      vertex 18.9339 46.2217 4
      vertex 19.6964 48.0599 2
      vertex 19.5101 48.148 2
    endloop
  endfacet
  facet normal 0.287942 0.647869 0.705234
    outer loop
      vertex 19.6964 48.0599 2
      vertex 18.9339 46.2217 4
      vertex 18.9348 46.2213 4
    endloop
  endfacet
  facet normal -0.688101 0.172111 0.704907
    outer loop
      vertex 22.5096 49.3904 2
      vertex 24.4142 48.8137 4
      vertex 22.5596 49.5903 2
    endloop
  endfacet
  facet normal -0.678983 0.203695 0.70533
    outer loop
      vertex 24.4142 48.8137 4
      vertex 22.5096 49.3904 2
      vertex 24.4139 48.8127 4
    endloop
  endfacet
  facet normal -0.172359 0.688019 0.704927
    outer loop
      vertex 21.2979 45.9885 4
      vertex 21.6863 46.0858 4
      vertex 20.9097 47.9404 2
    endloop
  endfacet
  facet normal -0.0347222 0.708438 0.704918
    outer loop
      vertex 20.9009 45.9296 4
      vertex 20.7058 47.9101 2
      vertex 20.501 45.91 4
    endloop
  endfacet
  facet normal -0.104176 -0.701596 0.704918
    outer loop
      vertex 21.2969 54.0116 4
      vertex 20.9009 54.0704 4
      vertex 20.7058 52.0899 2
    endloop
  endfacet
  facet normal 0.667748 -0.239219 0.704902
    outer loop
      vertex 16.5864 51.1882 4
      vertex 18.4904 50.6096 2
      vertex 18.5599 50.8036 2
    endloop
  endfacet
  facet normal 0.672624 -0.224208 0.705201
    outer loop
      vertex 18.4904 50.6096 2
      vertex 16.5864 51.1882 4
      vertex 16.5861 51.1873 4
    endloop
  endfacet
  facet normal -0.641164 -0.303308 0.70492
    outer loop
      vertex 24.2783 51.5661 4
      vertex 24.1071 51.928 4
      vertex 22.352 50.9899 2
    endloop
  endfacet
  facet normal 0.172359 0.688019 0.704927
    outer loop
      vertex 19.7021 45.9885 4
      vertex 20.0903 47.9404 2
      vertex 19.3137 46.0858 4
    endloop
  endfacet
  facet normal -0.535712 -0.468748 0.702345
    outer loop
      vertex 23.9001 52.2731 4
      vertex 22.2461 51.1667 2
      vertex 23.9008 52.2723 4
    endloop
  endfacet
  facet normal -0.569628 -0.422661 0.704898
    outer loop
      vertex 22.2461 51.1667 2
      vertex 23.9001 52.2731 4
      vertex 22.1233 51.3322 2
    endloop
  endfacet
  facet normal -0.5698 -0.422389 0.704923
    outer loop
      vertex 23.9001 52.2731 4
      vertex 23.6617 52.5947 4
      vertex 22.1233 51.3322 2
    endloop
  endfacet
  facet normal -0.708438 -0.0347222 0.704918
    outer loop
      vertex 24.59 50.001 4
      vertex 24.5704 50.4009 4
      vertex 22.5899 50.2058 2
    endloop
  endfacet
  facet normal -0.708877 0 0.705332
    outer loop
      vertex 22.6 50 2
      vertex 24.59 49.999 4
      vertex 24.59 50 4
    endloop
  endfacet
  facet normal -0.708439 0.0347679 0.704915
    outer loop
      vertex 24.59 49.999 4
      vertex 22.6 50 2
      vertex 22.5899 49.7942 2
    endloop
  endfacet
  facet normal -0.701596 0.104176 0.704918
    outer loop
      vertex 24.5116 49.2031 4
      vertex 24.5704 49.5991 4
      vertex 22.5899 49.7942 2
    endloop
  endfacet
  facet normal 0.708877 0 0.705332
    outer loop
      vertex 18.4 50 2
      vertex 16.41 50.001 4
      vertex 16.41 50 4
    endloop
  endfacet
  facet normal 0.708439 -0.0347679 0.704915
    outer loop
      vertex 16.41 50.001 4
      vertex 18.4 50 2
      vertex 18.4101 50.2058 2
    endloop
  endfacet
  facet normal -0.535712 0.468748 0.702345
    outer loop
      vertex 22.2461 48.8333 2
      vertex 23.9001 47.7269 4
      vertex 23.9008 47.7277 4
    endloop
  endfacet
  facet normal -0.569628 0.422661 0.704898
    outer loop
      vertex 23.9001 47.7269 4
      vertex 22.2461 48.8333 2
      vertex 22.1233 48.6678 2
    endloop
  endfacet
  facet normal -0.667819 -0.238962 0.704922
    outer loop
      vertex 24.4136 51.1882 4
      vertex 24.2787 51.5652 4
      vertex 22.4401 50.8036 2
    endloop
  endfacet
  facet normal 0.608396 -0.364613 0.70492
    outer loop
      vertex 18.648 50.9899 2
      vertex 17.0987 52.2714 4
      vertex 16.8929 51.928 4
    endloop
  endfacet
  facet normal 0.104176 -0.701596 0.704918
    outer loop
      vertex 20.2942 52.0899 2
      vertex 20.0991 54.0704 4
      vertex 19.7031 54.0116 4
    endloop
  endfacet
  facet normal 0.667819 -0.238962 0.704922
    outer loop
      vertex 18.5599 50.8036 2
      vertex 16.7213 51.5652 4
      vertex 16.5864 51.1882 4
    endloop
  endfacet
  facet normal 0.476332 0.525548 0.704916
    outer loop
      vertex 19.0151 48.5151 2
      vertex 17.6087 47.1072 4
      vertex 19.1678 48.3767 2
    endloop
  endfacet
  facet normal 0.467304 0.534061 0.704561
    outer loop
      vertex 17.6087 47.1072 4
      vertex 19.0151 48.5151 2
      vertex 17.6079 47.1079 4
    endloop
  endfacet
  facet normal 0.608396 0.364613 0.70492
    outer loop
      vertex 17.0987 47.7286 4
      vertex 18.648 49.0101 2
      vertex 16.8929 48.072 4
    endloop
  endfacet
  facet normal -0.701578 0.104256 0.704924
    outer loop
      vertex 22.5596 49.5903 2
      vertex 24.5116 49.2031 4
      vertex 22.5899 49.7942 2
    endloop
  endfacet
  facet normal -0.706976 0.0706976 0.703695
    outer loop
      vertex 24.5116 49.2031 4
      vertex 22.5596 49.5903 2
      vertex 24.5115 49.2021 4
    endloop
  endfacet
  facet normal -0.238962 -0.667819 0.704922
    outer loop
      vertex 22.0652 53.7787 4
      vertex 21.6882 53.9136 4
      vertex 21.3036 51.9401 2
    endloop
  endfacet
  facet normal -0.422389 0.5698 0.704923
    outer loop
      vertex 22.7731 46.5999 4
      vertex 23.0947 46.8383 4
      vertex 21.8322 48.3767 2
    endloop
  endfacet
  facet normal 0.701578 0.104256 0.704924
    outer loop
      vertex 16.4884 49.2031 4
      vertex 18.4404 49.5903 2
      vertex 18.4101 49.7942 2
    endloop
  endfacet
  facet normal 0.706976 0.0706976 0.703695
    outer loop
      vertex 18.4404 49.5903 2
      vertex 16.4884 49.2031 4
      vertex 16.4885 49.2021 4
    endloop
  endfacet
  facet normal 0.701596 -0.104176 0.704918
    outer loop
      vertex 18.4101 50.2058 2
      vertex 16.4884 50.7969 4
      vertex 16.4296 50.4009 4
    endloop
  endfacet
  facet normal -0.672624 0.224208 0.705201
    outer loop
      vertex 22.5096 49.3904 2
      vertex 24.4136 48.8118 4
      vertex 24.4139 48.8127 4
    endloop
  endfacet
  facet normal -0.667748 0.239219 0.704902
    outer loop
      vertex 24.4136 48.8118 4
      vertex 22.5096 49.3904 2
      vertex 22.4401 49.1964 2
    endloop
  endfacet
  facet normal 0.701596 0.104176 0.704918
    outer loop
      vertex 16.4884 49.2031 4
      vertex 18.4101 49.7942 2
      vertex 16.4296 49.5991 4
    endloop
  endfacet
  facet normal -0.303308 0.641164 0.70492
    outer loop
      vertex 22.0661 46.2217 4
      vertex 22.428 46.3929 4
      vertex 21.4899 48.148 2
    endloop
  endfacet
  facet normal 0.706976 -0.0706976 0.703695
    outer loop
      vertex 16.4884 50.7969 4
      vertex 18.4404 50.4097 2
      vertex 16.4885 50.7979 4
    endloop
  endfacet
  facet normal 0.701578 -0.104256 0.704924
    outer loop
      vertex 18.4404 50.4097 2
      vertex 16.4884 50.7969 4
      vertex 18.4101 50.2058 2
    endloop
  endfacet
  facet normal -0.708438 0.0347222 0.704918
    outer loop
      vertex 24.5704 49.5991 4
      vertex 24.59 49.999 4
      vertex 22.5899 49.7942 2
    endloop
  endfacet
  facet normal -0.203695 -0.678983 0.70533
    outer loop
      vertex 21.6863 53.9142 4
      vertex 21.1096 52.0096 2
      vertex 21.6873 53.9139 4
    endloop
  endfacet
  facet normal -0.172111 -0.688101 0.704907
    outer loop
      vertex 21.1096 52.0096 2
      vertex 21.6863 53.9142 4
      vertex 20.9097 52.0596 2
    endloop
  endfacet
  facet normal -0.608396 -0.364613 0.70492
    outer loop
      vertex 24.1071 51.928 4
      vertex 23.9013 52.2714 4
      vertex 22.352 50.9899 2
    endloop
  endfacet
  facet normal -0.688019 -0.172359 0.704927
    outer loop
      vertex 24.5115 50.7979 4
      vertex 24.4142 51.1863 4
      vertex 22.5596 50.4097 2
    endloop
  endfacet
  facet normal -0.706976 -0.0706976 0.703695
    outer loop
      vertex 22.5596 50.4097 2
      vertex 24.5116 50.7969 4
      vertex 24.5115 50.7979 4
    endloop
  endfacet
  facet normal -0.701578 -0.104256 0.704924
    outer loop
      vertex 24.5116 50.7969 4
      vertex 22.5596 50.4097 2
      vertex 22.5899 50.2058 2
    endloop
  endfacet
  facet normal -0.0347679 0.708439 0.704915
    outer loop
      vertex 20.5 47.9 2
      vertex 20.501 45.91 4
      vertex 20.7058 47.9101 2
    endloop
  endfacet
  facet normal 0 0.708877 0.705332
    outer loop
      vertex 20.501 45.91 4
      vertex 20.5 47.9 2
      vertex 20.5 45.91 4
    endloop
  endfacet
  facet normal 0.641199 -0.303218 0.704928
    outer loop
      vertex 16.7217 51.5661 4
      vertex 18.5599 50.8036 2
      vertex 18.648 50.9899 2
    endloop
  endfacet
  facet normal 0.647869 -0.287942 0.705234
    outer loop
      vertex 18.5599 50.8036 2
      vertex 16.7217 51.5661 4
      vertex 16.7213 51.5652 4
    endloop
  endfacet
  facet normal 0.104176 0.701596 0.704918
    outer loop
      vertex 20.0991 45.9296 4
      vertex 20.2942 47.9101 2
      vertex 19.7031 45.9884 4
    endloop
  endfacet
  facet normal -0.203695 0.678983 0.70533
    outer loop
      vertex 21.1096 47.9904 2
      vertex 21.6863 46.0858 4
      vertex 21.6873 46.0861 4
    endloop
  endfacet
  facet normal -0.172111 0.688101 0.704907
    outer loop
      vertex 21.6863 46.0858 4
      vertex 21.1096 47.9904 2
      vertex 20.9097 47.9404 2
    endloop
  endfacet
  facet normal -0.239219 0.667748 0.704902
    outer loop
      vertex 21.1096 47.9904 2
      vertex 21.6882 46.0864 4
      vertex 21.3036 48.0599 2
    endloop
  endfacet
  facet normal -0.224208 0.672624 0.705201
    outer loop
      vertex 21.6882 46.0864 4
      vertex 21.1096 47.9904 2
      vertex 21.6873 46.0861 4
    endloop
  endfacet
  facet normal -0.34483 0.620694 0.704153
    outer loop
      vertex 21.6667 48.2539 2
      vertex 22.7714 46.5987 4
      vertex 22.7723 46.5992 4
    endloop
  endfacet
  facet normal -0.364476 0.608493 0.704907
    outer loop
      vertex 22.7714 46.5987 4
      vertex 21.6667 48.2539 2
      vertex 21.4899 48.148 2
    endloop
  endfacet
  facet normal -0.0706976 -0.706976 0.703695
    outer loop
      vertex 21.2969 54.0116 4
      vertex 20.9097 52.0596 2
      vertex 21.2979 54.0115 4
    endloop
  endfacet
  facet normal -0.104256 -0.701578 0.704924
    outer loop
      vertex 20.9097 52.0596 2
      vertex 21.2969 54.0116 4
      vertex 20.7058 52.0899 2
    endloop
  endfacet
  facet normal 0.5698 0.422389 0.704923
    outer loop
      vertex 17.3383 47.4053 4
      vertex 18.8767 48.6678 2
      vertex 17.0999 47.7269 4
    endloop
  endfacet
  facet normal 0.569628 -0.422661 0.704898
    outer loop
      vertex 17.0999 52.2731 4
      vertex 18.7539 51.1667 2
      vertex 18.8767 51.3322 2
    endloop
  endfacet
  facet normal 0.535712 -0.468748 0.702345
    outer loop
      vertex 18.7539 51.1667 2
      vertex 17.0999 52.2731 4
      vertex 17.0992 52.2723 4
    endloop
  endfacet
  facet normal -0.287942 -0.647869 0.705234
    outer loop
      vertex 21.3036 51.9401 2
      vertex 22.0661 53.7783 4
      vertex 22.0652 53.7787 4
    endloop
  endfacet
  facet normal -0.303218 -0.641199 0.704928
    outer loop
      vertex 22.0661 53.7783 4
      vertex 21.3036 51.9401 2
      vertex 21.4899 51.852 2
    endloop
  endfacet
  facet normal 0.303308 -0.641164 0.70492
    outer loop
      vertex 19.5101 51.852 2
      vertex 18.9339 53.7783 4
      vertex 18.572 53.6071 4
    endloop
  endfacet
  facet normal 0 -0.708877 0.705332
    outer loop
      vertex 20.5 52.1 2
      vertex 20.501 54.09 4
      vertex 20.5 54.09 4
    endloop
  endfacet
  facet normal -0.0347679 -0.708439 0.704915
    outer loop
      vertex 20.501 54.09 4
      vertex 20.5 52.1 2
      vertex 20.7058 52.0899 2
    endloop
  endfacet
  facet normal 0.525476 0.476401 0.704924
    outer loop
      vertex 17.6072 47.1087 4
      vertex 18.8767 48.6678 2
      vertex 17.3383 47.4053 4
    endloop
  endfacet
  facet normal 0.678983 -0.203695 0.70533
    outer loop
      vertex 16.5858 51.1863 4
      vertex 18.4904 50.6096 2
      vertex 16.5861 51.1873 4
    endloop
  endfacet
  facet normal 0.688101 -0.172111 0.704907
    outer loop
      vertex 18.4904 50.6096 2
      vertex 16.5858 51.1863 4
      vertex 18.4404 50.4097 2
    endloop
  endfacet
  facet normal 0.303308 0.641164 0.70492
    outer loop
      vertex 18.9339 46.2217 4
      vertex 19.5101 48.148 2
      vertex 18.572 46.3929 4
    endloop
  endfacet
  facet normal -0.476401 -0.525476 0.704924
    outer loop
      vertex 23.3913 52.8928 4
      vertex 23.0947 53.1617 4
      vertex 21.8322 51.6233 2
    endloop
  endfacet
  facet normal -0.476401 0.525476 0.704924
    outer loop
      vertex 23.0947 46.8383 4
      vertex 23.3913 47.1072 4
      vertex 21.8322 48.3767 2
    endloop
  endfacet
  facet normal -0.224208 -0.672624 0.705201
    outer loop
      vertex 21.1096 52.0096 2
      vertex 21.6882 53.9136 4
      vertex 21.6873 53.9139 4
    endloop
  endfacet
  facet normal -0.239219 -0.667748 0.704902
    outer loop
      vertex 21.6882 53.9136 4
      vertex 21.1096 52.0096 2
      vertex 21.3036 51.9401 2
    endloop
  endfacet
  facet normal -0.620694 -0.34483 0.704153
    outer loop
      vertex 22.2461 51.1667 2
      vertex 23.9013 52.2714 4
      vertex 23.9008 52.2723 4
    endloop
  endfacet
  facet normal -0.608493 -0.364476 0.704907
    outer loop
      vertex 23.9013 52.2714 4
      vertex 22.2461 51.1667 2
      vertex 22.352 50.9899 2
    endloop
  endfacet
  facet normal 0.708438 0.0347222 0.704918
    outer loop
      vertex 16.4296 49.5991 4
      vertex 18.4101 49.7942 2
      vertex 16.41 49.999 4
    endloop
  endfacet
  facet normal 0.620694 -0.34483 0.704153
    outer loop
      vertex 17.0987 52.2714 4
      vertex 18.7539 51.1667 2
      vertex 17.0992 52.2723 4
    endloop
  endfacet
  facet normal 0.608493 -0.364476 0.704907
    outer loop
      vertex 18.7539 51.1667 2
      vertex 17.0987 52.2714 4
      vertex 18.648 50.9899 2
    endloop
  endfacet
  facet normal 0.104256 -0.701578 0.704924
    outer loop
      vertex 19.7031 54.0116 4
      vertex 20.0903 52.0596 2
      vertex 20.2942 52.0899 2
    endloop
  endfacet
  facet normal 0.0706976 -0.706976 0.703695
    outer loop
      vertex 20.0903 52.0596 2
      vertex 19.7031 54.0116 4
      vertex 19.7021 54.0115 4
    endloop
  endfacet
  facet normal 0.708877 -0 0.705332
    outer loop
      vertex 16.41 49.999 4
      vertex 18.4 50 2
      vertex 16.41 50 4
    endloop
  endfacet
  facet normal 0.708439 0.0347679 0.704915
    outer loop
      vertex 18.4 50 2
      vertex 16.41 49.999 4
      vertex 18.4101 49.7942 2
    endloop
  endfacet
  facet normal 0.172111 -0.688101 0.704907
    outer loop
      vertex 19.3137 53.9142 4
      vertex 19.8904 52.0096 2
      vertex 20.0903 52.0596 2
    endloop
  endfacet
  facet normal 0.203695 -0.678983 0.70533
    outer loop
      vertex 19.8904 52.0096 2
      vertex 19.3137 53.9142 4
      vertex 19.3127 53.9139 4
    endloop
  endfacet
  facet normal -0.525476 -0.476401 0.704924
    outer loop
      vertex 23.6617 52.5947 4
      vertex 23.3928 52.8913 4
      vertex 22.1233 51.3322 2
    endloop
  endfacet
  facet normal -0.534061 -0.467304 0.704561
    outer loop
      vertex 21.9849 51.4849 2
      vertex 23.3928 52.8913 4
      vertex 23.3921 52.8921 4
    endloop
  endfacet
  facet normal -0.525548 -0.476332 0.704916
    outer loop
      vertex 23.3928 52.8913 4
      vertex 21.9849 51.4849 2
      vertex 22.1233 51.3322 2
    endloop
  endfacet
  facet normal 0.641164 -0.303308 0.70492
    outer loop
      vertex 18.648 50.9899 2
      vertex 16.8929 51.928 4
      vertex 16.7217 51.5661 4
    endloop
  endfacet
  facet normal 0.364613 -0.608396 0.70492
    outer loop
      vertex 19.5101 51.852 2
      vertex 18.572 53.6071 4
      vertex 18.2286 53.4013 4
    endloop
  endfacet
  facet normal -0.647869 -0.287942 0.705234
    outer loop
      vertex 24.2783 51.5661 4
      vertex 22.4401 50.8036 2
      vertex 24.2787 51.5652 4
    endloop
  endfacet
  facet normal -0.641199 -0.303218 0.704928
    outer loop
      vertex 22.4401 50.8036 2
      vertex 24.2783 51.5661 4
      vertex 22.352 50.9899 2
    endloop
  endfacet
  facet normal 0.608493 0.364476 0.704907
    outer loop
      vertex 17.0987 47.7286 4
      vertex 18.7539 48.8333 2
      vertex 18.648 49.0101 2
    endloop
  endfacet
  facet normal 0.620694 0.34483 0.704153
    outer loop
      vertex 18.7539 48.8333 2
      vertex 17.0987 47.7286 4
      vertex 17.0992 47.7277 4
    endloop
  endfacet
  facet normal 0.688019 0.172359 0.704927
    outer loop
      vertex 16.5858 48.8137 4
      vertex 18.4404 49.5903 2
      vertex 16.4885 49.2021 4
    endloop
  endfacet
  facet normal -0.608396 0.364613 0.70492
    outer loop
      vertex 23.9013 47.7286 4
      vertex 24.1071 48.072 4
      vertex 22.352 49.0101 2
    endloop
  endfacet
  facet normal -0.641164 0.303308 0.70492
    outer loop
      vertex 24.1071 48.072 4
      vertex 24.2783 48.4339 4
      vertex 22.352 49.0101 2
    endloop
  endfacet
  facet normal -0.468748 -0.535712 0.702345
    outer loop
      vertex 21.6667 51.7461 2
      vertex 22.7731 53.4001 4
      vertex 22.7723 53.4008 4
    endloop
  endfacet
  facet normal -0.422661 -0.569628 0.704898
    outer loop
      vertex 22.7731 53.4001 4
      vertex 21.6667 51.7461 2
      vertex 21.8322 51.6233 2
    endloop
  endfacet
  facet normal 0.688101 0.172111 0.704907
    outer loop
      vertex 16.5858 48.8137 4
      vertex 18.4904 49.3904 2
      vertex 18.4404 49.5903 2
    endloop
  endfacet
  facet normal 0.678983 0.203695 0.70533
    outer loop
      vertex 18.4904 49.3904 2
      vertex 16.5858 48.8137 4
      vertex 16.5861 48.8127 4
    endloop
  endfacet
  facet normal -0.525548 0.476332 0.704916
    outer loop
      vertex 21.9849 48.5151 2
      vertex 23.3928 47.1087 4
      vertex 22.1233 48.6678 2
    endloop
  endfacet
  facet normal -0.534061 0.467304 0.704561
    outer loop
      vertex 23.3928 47.1087 4
      vertex 21.9849 48.5151 2
      vertex 23.3921 47.1079 4
    endloop
  endfacet
  facet normal -0.5698 0.422389 0.704923
    outer loop
      vertex 23.6617 47.4053 4
      vertex 23.9001 47.7269 4
      vertex 22.1233 48.6678 2
    endloop
  endfacet
  facet normal -0.303218 0.641199 0.704928
    outer loop
      vertex 21.3036 48.0599 2
      vertex 22.0661 46.2217 4
      vertex 21.4899 48.148 2
    endloop
  endfacet
  facet normal -0.287942 0.647869 0.705234
    outer loop
      vertex 22.0661 46.2217 4
      vertex 21.3036 48.0599 2
      vertex 22.0652 46.2213 4
    endloop
  endfacet
  facet normal -0.364613 0.608396 0.70492
    outer loop
      vertex 22.428 46.3929 4
      vertex 22.7714 46.5987 4
      vertex 21.4899 48.148 2
    endloop
  endfacet
  facet normal 0.287942 -0.647869 0.705234
    outer loop
      vertex 18.9339 53.7783 4
      vertex 19.6964 51.9401 2
      vertex 18.9348 53.7787 4
    endloop
  endfacet
  facet normal 0.303218 -0.641199 0.704928
    outer loop
      vertex 19.6964 51.9401 2
      vertex 18.9339 53.7783 4
      vertex 19.5101 51.852 2
    endloop
  endfacet
  facet normal 0.525548 0.476332 0.704916
    outer loop
      vertex 17.6072 47.1087 4
      vertex 19.0151 48.5151 2
      vertex 18.8767 48.6678 2
    endloop
  endfacet
  facet normal 0.534061 0.467304 0.704561
    outer loop
      vertex 19.0151 48.5151 2
      vertex 17.6072 47.1087 4
      vertex 17.6079 47.1079 4
    endloop
  endfacet
  facet normal -0.364613 -0.608396 0.70492
    outer loop
      vertex 22.7714 53.4013 4
      vertex 22.428 53.6071 4
      vertex 21.4899 51.852 2
    endloop
  endfacet
  facet normal 0.239219 0.667748 0.704902
    outer loop
      vertex 19.3118 46.0864 4
      vertex 19.8904 47.9904 2
      vertex 19.6964 48.0599 2
    endloop
  endfacet
  facet normal 0.224208 0.672624 0.705201
    outer loop
      vertex 19.8904 47.9904 2
      vertex 19.3118 46.0864 4
      vertex 19.3127 46.0861 4
    endloop
  endfacet
  facet normal 0.667748 0.239219 0.704902
    outer loop
      vertex 18.4904 49.3904 2
      vertex 16.5864 48.8118 4
      vertex 18.5599 49.1964 2
    endloop
  endfacet
  facet normal 0.672624 0.224208 0.705201
    outer loop
      vertex 16.5864 48.8118 4
      vertex 18.4904 49.3904 2
      vertex 16.5861 48.8127 4
    endloop
  endfacet
  facet normal 0.422389 -0.5698 0.704923
    outer loop
      vertex 19.1678 51.6233 2
      vertex 18.2269 53.4001 4
      vertex 17.9053 53.1617 4
    endloop
  endfacet
  facet normal -0.34483 -0.620694 0.704153
    outer loop
      vertex 22.7714 53.4013 4
      vertex 21.6667 51.7461 2
      vertex 22.7723 53.4008 4
    endloop
  endfacet
  facet normal -0.364476 -0.608493 0.704907
    outer loop
      vertex 21.6667 51.7461 2
      vertex 22.7714 53.4013 4
      vertex 21.4899 51.852 2
    endloop
  endfacet
  facet normal -0.467304 -0.534061 0.704561
    outer loop
      vertex 23.3913 52.8928 4
      vertex 21.9849 51.4849 2
      vertex 23.3921 52.8921 4
    endloop
  endfacet
  facet normal -0.476332 -0.525548 0.704916
    outer loop
      vertex 21.9849 51.4849 2
      vertex 23.3913 52.8928 4
      vertex 21.8322 51.6233 2
    endloop
  endfacet
  facet normal -0.422389 -0.5698 0.704923
    outer loop
      vertex 23.0947 53.1617 4
      vertex 22.7731 53.4001 4
      vertex 21.8322 51.6233 2
    endloop
  endfacet
  facet normal -0.303308 -0.641164 0.70492
    outer loop
      vertex 22.428 53.6071 4
      vertex 22.0661 53.7783 4
      vertex 21.4899 51.852 2
    endloop
  endfacet
  facet normal 0.468748 -0.535712 0.702345
    outer loop
      vertex 18.2269 53.4001 4
      vertex 19.3333 51.7461 2
      vertex 18.2277 53.4008 4
    endloop
  endfacet
  facet normal 0.422661 -0.569628 0.704898
    outer loop
      vertex 19.3333 51.7461 2
      vertex 18.2269 53.4001 4
      vertex 19.1678 51.6233 2
    endloop
  endfacet
  facet normal 0.641164 0.303308 0.70492
    outer loop
      vertex 16.8929 48.072 4
      vertex 18.648 49.0101 2
      vertex 16.7217 48.4339 4
    endloop
  endfacet
  facet normal 0.5698 -0.422389 0.704923
    outer loop
      vertex 18.8767 51.3322 2
      vertex 17.3383 52.5947 4
      vertex 17.0999 52.2731 4
    endloop
  endfacet
  facet normal 0.525476 -0.476401 0.704924
    outer loop
      vertex 18.8767 51.3322 2
      vertex 17.6072 52.8913 4
      vertex 17.3383 52.5947 4
    endloop
  endfacet
  facet normal 0.667819 0.238962 0.704922
    outer loop
      vertex 16.7213 48.4348 4
      vertex 18.5599 49.1964 2
      vertex 16.5864 48.8118 4
    endloop
  endfacet
  facet normal 0.641199 0.303218 0.704928
    outer loop
      vertex 18.5599 49.1964 2
      vertex 16.7217 48.4339 4
      vertex 18.648 49.0101 2
    endloop
  endfacet
  facet normal 0.647869 0.287942 0.705234
    outer loop
      vertex 16.7217 48.4339 4
      vertex 18.5599 49.1964 2
      vertex 16.7213 48.4348 4
    endloop
  endfacet
  facet normal -0.422661 0.569628 0.704898
    outer loop
      vertex 21.6667 48.2539 2
      vertex 22.7731 46.5999 4
      vertex 21.8322 48.3767 2
    endloop
  endfacet
  facet normal -0.468748 0.535712 0.702345
    outer loop
      vertex 22.7731 46.5999 4
      vertex 21.6667 48.2539 2
      vertex 22.7723 46.5992 4
    endloop
  endfacet
  facet normal 0.569628 0.422661 0.704898
    outer loop
      vertex 18.7539 48.8333 2
      vertex 17.0999 47.7269 4
      vertex 18.8767 48.6678 2
    endloop
  endfacet
  facet normal 0.535712 0.468748 0.702345
    outer loop
      vertex 17.0999 47.7269 4
      vertex 18.7539 48.8333 2
      vertex 17.0992 47.7277 4
    endloop
  endfacet
  facet normal 0.104256 0.701578 0.704924
    outer loop
      vertex 20.0903 47.9404 2
      vertex 19.7031 45.9884 4
      vertex 20.2942 47.9101 2
    endloop
  endfacet
  facet normal 0.0706976 0.706976 0.703695
    outer loop
      vertex 19.7031 45.9884 4
      vertex 20.0903 47.9404 2
      vertex 19.7021 45.9885 4
    endloop
  endfacet
  facet normal 0.364476 0.608493 0.704907
    outer loop
      vertex 19.3333 48.2539 2
      vertex 18.2286 46.5987 4
      vertex 19.5101 48.148 2
    endloop
  endfacet
  facet normal 0.34483 0.620694 0.704153
    outer loop
      vertex 18.2286 46.5987 4
      vertex 19.3333 48.2539 2
      vertex 18.2277 46.5992 4
    endloop
  endfacet
  facet normal 0.422661 0.569628 0.704898
    outer loop
      vertex 18.2269 46.5999 4
      vertex 19.3333 48.2539 2
      vertex 19.1678 48.3767 2
    endloop
  endfacet
  facet normal 0.468748 0.535712 0.702345
    outer loop
      vertex 19.3333 48.2539 2
      vertex 18.2269 46.5999 4
      vertex 18.2277 46.5992 4
    endloop
  endfacet
  facet normal 0.364476 -0.608493 0.704907
    outer loop
      vertex 18.2286 53.4013 4
      vertex 19.3333 51.7461 2
      vertex 19.5101 51.852 2
    endloop
  endfacet
  facet normal 0.34483 -0.620694 0.704153
    outer loop
      vertex 19.3333 51.7461 2
      vertex 18.2286 53.4013 4
      vertex 18.2277 53.4008 4
    endloop
  endfacet
  facet normal -0.989149 -0.146918 0
    outer loop
      vertex 22.5899 150.206 0
      vertex 22.5596 150.41 2
      vertex 22.5596 150.41 0
    endloop
  endfacet
  facet normal -0.989149 -0.146918 0
    outer loop
      vertex 22.5596 150.41 2
      vertex 22.5899 150.206 0
      vertex 22.5899 150.206 2
    endloop
  endfacet
  facet normal -0.9988 -0.0489703 0
    outer loop
      vertex 22.6 150 0
      vertex 22.5899 150.206 2
      vertex 22.5899 150.206 0
    endloop
  endfacet
  facet normal -0.9988 -0.0489703 0
    outer loop
      vertex 22.5899 150.206 2
      vertex 22.6 150 0
      vertex 22.6 150 2
    endloop
  endfacet
  facet normal -0.970143 -0.242536 0
    outer loop
      vertex 22.5596 150.41 0
      vertex 22.5096 150.61 2
      vertex 22.5096 150.61 0
    endloop
  endfacet
  facet normal -0.970143 -0.242536 0
    outer loop
      vertex 22.5096 150.61 2
      vertex 22.5596 150.41 0
      vertex 22.5596 150.41 2
    endloop
  endfacet
  facet normal -0.9988 0.0489703 0
    outer loop
      vertex 22.5899 149.794 0
      vertex 22.6 150 2
      vertex 22.6 150 0
    endloop
  endfacet
  facet normal -0.9988 0.0489703 0
    outer loop
      vertex 22.6 150 2
      vertex 22.5899 149.794 0
      vertex 22.5899 149.794 2
    endloop
  endfacet
  facet normal -0.339406 0.94064 0
    outer loop
      vertex 21.3036 148.06 0
      vertex 21.1096 147.99 2
      vertex 21.3036 148.06 2
    endloop
  endfacet
  facet normal -0.339406 0.94064 0
    outer loop
      vertex 21.1096 147.99 2
      vertex 21.3036 148.06 0
      vertex 21.1096 147.99 0
    endloop
  endfacet
  facet normal 0.427106 0.904202 -0
    outer loop
      vertex 19.6964 148.06 0
      vertex 19.5101 148.148 2
      vertex 19.6964 148.06 2
    endloop
  endfacet
  facet normal 0.427106 0.904202 0
    outer loop
      vertex 19.5101 148.148 2
      vertex 19.6964 148.06 0
      vertex 19.5101 148.148 0
    endloop
  endfacet
  facet normal 0.989149 0.146918 0
    outer loop
      vertex 18.4404 149.59 2
      vertex 18.4101 149.794 0
      vertex 18.4101 149.794 2
    endloop
  endfacet
  facet normal 0.989149 0.146918 0
    outer loop
      vertex 18.4101 149.794 0
      vertex 18.4404 149.59 2
      vertex 18.4404 149.59 0
    endloop
  endfacet
  facet normal 0.670493 -0.741916 0
    outer loop
      vertex 19.0151 151.485 0
      vertex 19.1678 151.623 2
      vertex 19.0151 151.485 2
    endloop
  endfacet
  facet normal 0.670493 -0.741916 0
    outer loop
      vertex 19.1678 151.623 2
      vertex 19.0151 151.485 0
      vertex 19.1678 151.623 0
    endloop
  endfacet
  facet normal 0.24265 0.970114 -0
    outer loop
      vertex 20.0903 147.94 0
      vertex 19.8904 147.99 2
      vertex 20.0903 147.94 2
    endloop
  endfacet
  facet normal 0.24265 0.970114 0
    outer loop
      vertex 19.8904 147.99 2
      vertex 20.0903 147.94 0
      vertex 19.8904 147.99 0
    endloop
  endfacet
  facet normal 0.970143 -0.242536 0
    outer loop
      vertex 18.4404 150.41 2
      vertex 18.4904 150.61 0
      vertex 18.4904 150.61 2
    endloop
  endfacet
  facet normal 0.970143 -0.242536 0
    outer loop
      vertex 18.4904 150.61 0
      vertex 18.4404 150.41 2
      vertex 18.4404 150.41 0
    endloop
  endfacet
  facet normal -0.802212 -0.59704 0
    outer loop
      vertex 22.2461 151.167 0
      vertex 22.1233 151.332 2
      vertex 22.1233 151.332 0
    endloop
  endfacet
  facet normal -0.802212 -0.59704 0
    outer loop
      vertex 22.1233 151.332 2
      vertex 22.2461 151.167 0
      vertex 22.2461 151.167 2
    endloop
  endfacet
  facet normal 0.0485336 -0.998822 0
    outer loop
      vertex 20.2942 152.09 0
      vertex 20.5 152.1 2
      vertex 20.2942 152.09 2
    endloop
  endfacet
  facet normal 0.0485336 -0.998822 0
    outer loop
      vertex 20.5 152.1 2
      vertex 20.2942 152.09 0
      vertex 20.5 152.1 0
    endloop
  endfacet
  facet normal 0.741605 0.670837 0
    outer loop
      vertex 19.0151 148.515 2
      vertex 18.8767 148.668 0
      vertex 18.8767 148.668 2
    endloop
  endfacet
  facet normal 0.741605 0.670837 0
    outer loop
      vertex 18.8767 148.668 0
      vertex 19.0151 148.515 2
      vertex 19.0151 148.515 0
    endloop
  endfacet
  facet normal 0.596503 0.802611 -0
    outer loop
      vertex 19.3333 148.254 0
      vertex 19.1678 148.377 2
      vertex 19.3333 148.254 2
    endloop
  endfacet
  facet normal 0.596503 0.802611 0
    outer loop
      vertex 19.1678 148.377 2
      vertex 19.3333 148.254 0
      vertex 19.1678 148.377 0
    endloop
  endfacet
  facet normal -0.0485336 -0.998822 0
    outer loop
      vertex 20.5 152.1 0
      vertex 20.7058 152.09 2
      vertex 20.5 152.1 2
    endloop
  endfacet
  facet normal -0.0485336 -0.998822 -0
    outer loop
      vertex 20.7058 152.09 2
      vertex 20.5 152.1 0
      vertex 20.7058 152.09 0
    endloop
  endfacet
  facet normal 0.802212 0.59704 0
    outer loop
      vertex 18.8767 148.668 2
      vertex 18.7539 148.833 0
      vertex 18.7539 148.833 2
    endloop
  endfacet
  facet normal 0.802212 0.59704 0
    outer loop
      vertex 18.7539 148.833 0
      vertex 18.8767 148.668 2
      vertex 18.8767 148.668 0
    endloop
  endfacet
  facet normal -0.989149 0.146918 0
    outer loop
      vertex 22.5596 149.59 0
      vertex 22.5899 149.794 2
      vertex 22.5899 149.794 0
    endloop
  endfacet
  facet normal -0.989149 0.146918 0
    outer loop
      vertex 22.5899 149.794 2
      vertex 22.5596 149.59 0
      vertex 22.5596 149.59 2
    endloop
  endfacet
  facet normal 0.741605 -0.670837 0
    outer loop
      vertex 18.8767 151.332 2
      vertex 19.0151 151.485 0
      vertex 19.0151 151.485 2
    endloop
  endfacet
  facet normal 0.741605 -0.670837 0
    outer loop
      vertex 19.0151 151.485 0
      vertex 18.8767 151.332 2
      vertex 18.8767 151.332 0
    endloop
  endfacet
  facet normal -0.941412 0.337258 0
    outer loop
      vertex 22.4401 149.196 0
      vertex 22.5096 149.39 2
      vertex 22.5096 149.39 0
    endloop
  endfacet
  facet normal -0.941412 0.337258 0
    outer loop
      vertex 22.5096 149.39 2
      vertex 22.4401 149.196 0
      vertex 22.4401 149.196 2
    endloop
  endfacet
  facet normal -0.941412 -0.337258 0
    outer loop
      vertex 22.5096 150.61 0
      vertex 22.4401 150.804 2
      vertex 22.4401 150.804 0
    endloop
  endfacet
  facet normal -0.941412 -0.337258 0
    outer loop
      vertex 22.4401 150.804 2
      vertex 22.5096 150.61 0
      vertex 22.5096 150.61 2
    endloop
  endfacet
  facet normal 0.903748 -0.428065 0
    outer loop
      vertex 18.5599 150.804 2
      vertex 18.648 150.99 0
      vertex 18.648 150.99 2
    endloop
  endfacet
  facet normal 0.903748 -0.428065 0
    outer loop
      vertex 18.648 150.99 0
      vertex 18.5599 150.804 2
      vertex 18.5599 150.804 0
    endloop
  endfacet
  facet normal -0.970143 0.242536 0
    outer loop
      vertex 22.5096 149.39 0
      vertex 22.5596 149.59 2
      vertex 22.5596 149.59 0
    endloop
  endfacet
  facet normal -0.970143 0.242536 0
    outer loop
      vertex 22.5596 149.59 2
      vertex 22.5096 149.39 0
      vertex 22.5096 149.39 2
    endloop
  endfacet
  facet normal -0.0485336 0.998822 0
    outer loop
      vertex 20.7058 147.91 0
      vertex 20.5 147.9 2
      vertex 20.7058 147.91 2
    endloop
  endfacet
  facet normal -0.0485336 0.998822 0
    outer loop
      vertex 20.5 147.9 2
      vertex 20.7058 147.91 0
      vertex 20.5 147.9 0
    endloop
  endfacet
  facet normal -0.903748 -0.428065 0
    outer loop
      vertex 22.4401 150.804 0
      vertex 22.352 150.99 2
      vertex 22.352 150.99 0
    endloop
  endfacet
  facet normal -0.903748 -0.428065 0
    outer loop
      vertex 22.352 150.99 2
      vertex 22.4401 150.804 0
      vertex 22.4401 150.804 2
    endloop
  endfacet
  facet normal 0.941412 0.337258 0
    outer loop
      vertex 18.5599 149.196 2
      vertex 18.4904 149.39 0
      vertex 18.4904 149.39 2
    endloop
  endfacet
  facet normal 0.941412 0.337258 0
    outer loop
      vertex 18.4904 149.39 0
      vertex 18.5599 149.196 2
      vertex 18.5599 149.196 0
    endloop
  endfacet
  facet normal -0.427106 0.904202 0
    outer loop
      vertex 21.4899 148.148 0
      vertex 21.3036 148.06 2
      vertex 21.4899 148.148 2
    endloop
  endfacet
  facet normal -0.427106 0.904202 0
    outer loop
      vertex 21.3036 148.06 2
      vertex 21.4899 148.148 0
      vertex 21.3036 148.06 0
    endloop
  endfacet
  facet normal -0.427106 -0.904202 0
    outer loop
      vertex 21.3036 151.94 0
      vertex 21.4899 151.852 2
      vertex 21.3036 151.94 2
    endloop
  endfacet
  facet normal -0.427106 -0.904202 -0
    outer loop
      vertex 21.4899 151.852 2
      vertex 21.3036 151.94 0
      vertex 21.4899 151.852 0
    endloop
  endfacet
  facet normal 0.427106 -0.904202 0
    outer loop
      vertex 19.5101 151.852 0
      vertex 19.6964 151.94 2
      vertex 19.5101 151.852 2
    endloop
  endfacet
  facet normal 0.427106 -0.904202 0
    outer loop
      vertex 19.6964 151.94 2
      vertex 19.5101 151.852 0
      vertex 19.6964 151.94 0
    endloop
  endfacet
  facet normal -0.596503 0.802611 0
    outer loop
      vertex 21.8322 148.377 0
      vertex 21.6667 148.254 2
      vertex 21.8322 148.377 2
    endloop
  endfacet
  facet normal -0.596503 0.802611 0
    outer loop
      vertex 21.6667 148.254 2
      vertex 21.8322 148.377 0
      vertex 21.6667 148.254 0
    endloop
  endfacet
  facet normal -0.741605 0.670837 0
    outer loop
      vertex 21.9849 148.515 0
      vertex 22.1233 148.668 2
      vertex 22.1233 148.668 0
    endloop
  endfacet
  facet normal -0.741605 0.670837 0
    outer loop
      vertex 22.1233 148.668 2
      vertex 21.9849 148.515 0
      vertex 21.9849 148.515 2
    endloop
  endfacet
  facet normal 0.903748 0.428065 0
    outer loop
      vertex 18.648 149.01 2
      vertex 18.5599 149.196 0
      vertex 18.5599 149.196 2
    endloop
  endfacet
  facet normal 0.903748 0.428065 0
    outer loop
      vertex 18.5599 149.196 0
      vertex 18.648 149.01 2
      vertex 18.648 149.01 0
    endloop
  endfacet
  facet normal -0.145564 0.989349 0
    outer loop
      vertex 20.9097 147.94 0
      vertex 20.7058 147.91 2
      vertex 20.9097 147.94 2
    endloop
  endfacet
  facet normal -0.145564 0.989349 0
    outer loop
      vertex 20.7058 147.91 2
      vertex 20.9097 147.94 0
      vertex 20.7058 147.91 0
    endloop
  endfacet
  facet normal -0.24265 -0.970114 0
    outer loop
      vertex 20.9097 152.06 0
      vertex 21.1096 152.01 2
      vertex 20.9097 152.06 2
    endloop
  endfacet
  facet normal -0.24265 -0.970114 -0
    outer loop
      vertex 21.1096 152.01 2
      vertex 20.9097 152.06 0
      vertex 21.1096 152.01 0
    endloop
  endfacet
  facet normal -0.670493 -0.741916 0
    outer loop
      vertex 21.8322 151.623 0
      vertex 21.9849 151.485 2
      vertex 21.8322 151.623 2
    endloop
  endfacet
  facet normal -0.670493 -0.741916 -0
    outer loop
      vertex 21.9849 151.485 2
      vertex 21.8322 151.623 0
      vertex 21.9849 151.485 0
    endloop
  endfacet
  facet normal 0.989149 -0.146918 0
    outer loop
      vertex 18.4101 150.206 2
      vertex 18.4404 150.41 0
      vertex 18.4404 150.41 2
    endloop
  endfacet
  facet normal 0.989149 -0.146918 0
    outer loop
      vertex 18.4404 150.41 0
      vertex 18.4101 150.206 2
      vertex 18.4101 150.206 0
    endloop
  endfacet
  facet normal -0.596503 -0.802611 0
    outer loop
      vertex 21.6667 151.746 0
      vertex 21.8322 151.623 2
      vertex 21.6667 151.746 2
    endloop
  endfacet
  facet normal -0.596503 -0.802611 -0
    outer loop
      vertex 21.8322 151.623 2
      vertex 21.6667 151.746 0
      vertex 21.8322 151.623 0
    endloop
  endfacet
  facet normal -0.51421 -0.857664 0
    outer loop
      vertex 21.4899 151.852 0
      vertex 21.6667 151.746 2
      vertex 21.4899 151.852 2
    endloop
  endfacet
  facet normal -0.51421 -0.857664 -0
    outer loop
      vertex 21.6667 151.746 2
      vertex 21.4899 151.852 0
      vertex 21.6667 151.746 0
    endloop
  endfacet
  facet normal -0.802212 0.59704 0
    outer loop
      vertex 22.1233 148.668 0
      vertex 22.2461 148.833 2
      vertex 22.2461 148.833 0
    endloop
  endfacet
  facet normal -0.802212 0.59704 0
    outer loop
      vertex 22.2461 148.833 2
      vertex 22.1233 148.668 0
      vertex 22.1233 148.668 2
    endloop
  endfacet
  facet normal -0.339406 -0.94064 0
    outer loop
      vertex 21.1096 152.01 0
      vertex 21.3036 151.94 2
      vertex 21.1096 152.01 2
    endloop
  endfacet
  facet normal -0.339406 -0.94064 -0
    outer loop
      vertex 21.3036 151.94 2
      vertex 21.1096 152.01 0
      vertex 21.3036 151.94 0
    endloop
  endfacet
  facet normal -0.24265 0.970114 0
    outer loop
      vertex 21.1096 147.99 0
      vertex 20.9097 147.94 2
      vertex 21.1096 147.99 2
    endloop
  endfacet
  facet normal -0.24265 0.970114 0
    outer loop
      vertex 20.9097 147.94 2
      vertex 21.1096 147.99 0
      vertex 20.9097 147.94 0
    endloop
  endfacet
  facet normal -0.741605 -0.670837 0
    outer loop
      vertex 22.1233 151.332 0
      vertex 21.9849 151.485 2
      vertex 21.9849 151.485 0
    endloop
  endfacet
  facet normal -0.741605 -0.670837 0
    outer loop
      vertex 21.9849 151.485 2
      vertex 22.1233 151.332 0
      vertex 22.1233 151.332 2
    endloop
  endfacet
  facet normal -0.858134 -0.513426 0
    outer loop
      vertex 22.352 150.99 0
      vertex 22.2461 151.167 2
      vertex 22.2461 151.167 0
    endloop
  endfacet
  facet normal -0.858134 -0.513426 0
    outer loop
      vertex 22.2461 151.167 2
      vertex 22.352 150.99 0
      vertex 22.352 150.99 2
    endloop
  endfacet
  facet normal 0.51421 -0.857664 0
    outer loop
      vertex 19.3333 151.746 0
      vertex 19.5101 151.852 2
      vertex 19.3333 151.746 2
    endloop
  endfacet
  facet normal 0.51421 -0.857664 0
    outer loop
      vertex 19.5101 151.852 2
      vertex 19.3333 151.746 0
      vertex 19.5101 151.852 0
    endloop
  endfacet
  facet normal 0.24265 -0.970114 0
    outer loop
      vertex 19.8904 152.01 0
      vertex 20.0903 152.06 2
      vertex 19.8904 152.01 2
    endloop
  endfacet
  facet normal 0.24265 -0.970114 0
    outer loop
      vertex 20.0903 152.06 2
      vertex 19.8904 152.01 0
      vertex 20.0903 152.06 0
    endloop
  endfacet
  facet normal 0.145564 -0.989349 0
    outer loop
      vertex 20.0903 152.06 0
      vertex 20.2942 152.09 2
      vertex 20.0903 152.06 2
    endloop
  endfacet
  facet normal 0.145564 -0.989349 0
    outer loop
      vertex 20.2942 152.09 2
      vertex 20.0903 152.06 0
      vertex 20.2942 152.09 0
    endloop
  endfacet
  facet normal 0.339406 -0.94064 0
    outer loop
      vertex 19.6964 151.94 0
      vertex 19.8904 152.01 2
      vertex 19.6964 151.94 2
    endloop
  endfacet
  facet normal 0.339406 -0.94064 0
    outer loop
      vertex 19.8904 152.01 2
      vertex 19.6964 151.94 0
      vertex 19.8904 152.01 0
    endloop
  endfacet
  facet normal 0.9988 -0.0489703 0
    outer loop
      vertex 18.4 150 2
      vertex 18.4101 150.206 0
      vertex 18.4101 150.206 2
    endloop
  endfacet
  facet normal 0.9988 -0.0489703 0
    outer loop
      vertex 18.4101 150.206 0
      vertex 18.4 150 2
      vertex 18.4 150 0
    endloop
  endfacet
  facet normal 0.802212 -0.59704 0
    outer loop
      vertex 18.7539 151.167 2
      vertex 18.8767 151.332 0
      vertex 18.8767 151.332 2
    endloop
  endfacet
  facet normal 0.802212 -0.59704 0
    outer loop
      vertex 18.8767 151.332 0
      vertex 18.7539 151.167 2
      vertex 18.7539 151.167 0
    endloop
  endfacet
  facet normal 0.970143 0.242536 0
    outer loop
      vertex 18.4904 149.39 2
      vertex 18.4404 149.59 0
      vertex 18.4404 149.59 2
    endloop
  endfacet
  facet normal 0.970143 0.242536 0
    outer loop
      vertex 18.4404 149.59 0
      vertex 18.4904 149.39 2
      vertex 18.4904 149.39 0
    endloop
  endfacet
  facet normal -0.858134 0.513426 0
    outer loop
      vertex 22.2461 148.833 0
      vertex 22.352 149.01 2
      vertex 22.352 149.01 0
    endloop
  endfacet
  facet normal -0.858134 0.513426 0
    outer loop
      vertex 22.352 149.01 2
      vertex 22.2461 148.833 0
      vertex 22.2461 148.833 2
    endloop
  endfacet
  facet normal -0.903748 0.428065 0
    outer loop
      vertex 22.352 149.01 0
      vertex 22.4401 149.196 2
      vertex 22.4401 149.196 0
    endloop
  endfacet
  facet normal -0.903748 0.428065 0
    outer loop
      vertex 22.4401 149.196 2
      vertex 22.352 149.01 0
      vertex 22.352 149.01 2
    endloop
  endfacet
  facet normal -0.51421 0.857664 0
    outer loop
      vertex 21.6667 148.254 0
      vertex 21.4899 148.148 2
      vertex 21.6667 148.254 2
    endloop
  endfacet
  facet normal -0.51421 0.857664 0
    outer loop
      vertex 21.4899 148.148 2
      vertex 21.6667 148.254 0
      vertex 21.4899 148.148 0
    endloop
  endfacet
  facet normal 0.941412 -0.337258 0
    outer loop
      vertex 18.4904 150.61 2
      vertex 18.5599 150.804 0
      vertex 18.5599 150.804 2
    endloop
  endfacet
  facet normal 0.941412 -0.337258 0
    outer loop
      vertex 18.5599 150.804 0
      vertex 18.4904 150.61 2
      vertex 18.4904 150.61 0
    endloop
  endfacet
  facet normal 0.0485336 0.998822 -0
    outer loop
      vertex 20.5 147.9 0
      vertex 20.2942 147.91 2
      vertex 20.5 147.9 2
    endloop
  endfacet
  facet normal 0.0485336 0.998822 0
    outer loop
      vertex 20.2942 147.91 2
      vertex 20.5 147.9 0
      vertex 20.2942 147.91 0
    endloop
  endfacet
  facet normal 0.145564 0.989349 -0
    outer loop
      vertex 20.2942 147.91 0
      vertex 20.0903 147.94 2
      vertex 20.2942 147.91 2
    endloop
  endfacet
  facet normal 0.145564 0.989349 0
    outer loop
      vertex 20.0903 147.94 2
      vertex 20.2942 147.91 0
      vertex 20.0903 147.94 0
    endloop
  endfacet
  facet normal 0.596503 -0.802611 0
    outer loop
      vertex 19.1678 151.623 0
      vertex 19.3333 151.746 2
      vertex 19.1678 151.623 2
    endloop
  endfacet
  facet normal 0.596503 -0.802611 0
    outer loop
      vertex 19.3333 151.746 2
      vertex 19.1678 151.623 0
      vertex 19.3333 151.746 0
    endloop
  endfacet
  facet normal -0.670493 0.741916 0
    outer loop
      vertex 21.9849 148.515 0
      vertex 21.8322 148.377 2
      vertex 21.9849 148.515 2
    endloop
  endfacet
  facet normal -0.670493 0.741916 0
    outer loop
      vertex 21.8322 148.377 2
      vertex 21.9849 148.515 0
      vertex 21.8322 148.377 0
    endloop
  endfacet
  facet normal 0.339406 0.94064 -0
    outer loop
      vertex 19.8904 147.99 0
      vertex 19.6964 148.06 2
      vertex 19.8904 147.99 2
    endloop
  endfacet
  facet normal 0.339406 0.94064 0
    outer loop
      vertex 19.6964 148.06 2
      vertex 19.8904 147.99 0
      vertex 19.6964 148.06 0
    endloop
  endfacet
  facet normal -0.145564 -0.989349 0
    outer loop
      vertex 20.7058 152.09 0
      vertex 20.9097 152.06 2
      vertex 20.7058 152.09 2
    endloop
  endfacet
  facet normal -0.145564 -0.989349 -0
    outer loop
      vertex 20.9097 152.06 2
      vertex 20.7058 152.09 0
      vertex 20.9097 152.06 0
    endloop
  endfacet
  facet normal 0.670493 0.741916 -0
    outer loop
      vertex 19.1678 148.377 0
      vertex 19.0151 148.515 2
      vertex 19.1678 148.377 2
    endloop
  endfacet
  facet normal 0.670493 0.741916 0
    outer loop
      vertex 19.0151 148.515 2
      vertex 19.1678 148.377 0
      vertex 19.0151 148.515 0
    endloop
  endfacet
  facet normal 0.858134 -0.513426 0
    outer loop
      vertex 18.648 150.99 2
      vertex 18.7539 151.167 0
      vertex 18.7539 151.167 2
    endloop
  endfacet
  facet normal 0.858134 -0.513426 0
    outer loop
      vertex 18.7539 151.167 0
      vertex 18.648 150.99 2
      vertex 18.648 150.99 0
    endloop
  endfacet
  facet normal 0.51421 0.857664 -0
    outer loop
      vertex 19.5101 148.148 0
      vertex 19.3333 148.254 2
      vertex 19.5101 148.148 2
    endloop
  endfacet
  facet normal 0.51421 0.857664 0
    outer loop
      vertex 19.3333 148.254 2
      vertex 19.5101 148.148 0
      vertex 19.3333 148.254 0
    endloop
  endfacet
  facet normal 0.9988 0.0489703 0
    outer loop
      vertex 18.4101 149.794 2
      vertex 18.4 150 0
      vertex 18.4 150 2
    endloop
  endfacet
  facet normal 0.9988 0.0489703 0
    outer loop
      vertex 18.4 150 0
      vertex 18.4101 149.794 2
      vertex 18.4101 149.794 0
    endloop
  endfacet
  facet normal 0.858134 0.513426 0
    outer loop
      vertex 18.7539 148.833 2
      vertex 18.648 149.01 0
      vertex 18.648 149.01 2
    endloop
  endfacet
  facet normal 0.858134 0.513426 0
    outer loop
      vertex 18.648 149.01 0
      vertex 18.7539 148.833 2
      vertex 18.7539 148.833 0
    endloop
  endfacet
  facet normal -0.70844 -0.0347342 0.704915
    outer loop
      vertex 22.6 150 2
      vertex 24.59 150.001 4
      vertex 22.5899 150.206 2
    endloop
  endfacet
  facet normal -0.708877 0 0.705332
    outer loop
      vertex 24.59 150.001 4
      vertex 22.6 150 2
      vertex 24.59 150 4
    endloop
  endfacet
  facet normal -0.667852 0.238974 0.704886
    outer loop
      vertex 24.2787 148.435 4
      vertex 24.4136 148.812 4
      vertex 22.4401 149.196 2
    endloop
  endfacet
  facet normal -0.679017 -0.203705 0.705295
    outer loop
      vertex 22.5096 150.61 2
      vertex 24.4142 151.186 4
      vertex 24.4139 151.187 4
    endloop
  endfacet
  facet normal -0.688153 -0.172038 0.704875
    outer loop
      vertex 24.4142 151.186 4
      vertex 22.5096 150.61 2
      vertex 22.5596 150.41 2
    endloop
  endfacet
  facet normal -0.102797 0.701855 0.704864
    outer loop
      vertex 20.9009 145.93 4
      vertex 21.2969 145.988 4
      vertex 20.7058 147.91 2
    endloop
  endfacet
  facet normal -0.524964 0.476902 0.704966
    outer loop
      vertex 23.3928 147.109 4
      vertex 23.6617 147.405 4
      vertex 22.1233 148.668 2
    endloop
  endfacet
  facet normal 0.172136 0.688201 0.704803
    outer loop
      vertex 19.8904 147.99 2
      vertex 19.3137 146.086 4
      vertex 20.0903 147.94 2
    endloop
  endfacet
  facet normal 0 0.724276 0.68951
    outer loop
      vertex 19.3137 146.086 4
      vertex 19.8904 147.99 2
      vertex 19.3127 146.086 4
    endloop
  endfacet
  facet normal 0.171893 -0.688282 0.704784
    outer loop
      vertex 20.0903 152.06 2
      vertex 19.7021 154.011 4
      vertex 19.3137 153.914 4
    endloop
  endfacet
  facet normal 0.585152 -0.409606 0.699871
    outer loop
      vertex 17.6072 152.891 4
      vertex 19.0151 151.485 2
      vertex 17.6079 152.892 4
    endloop
  endfacet
  facet normal 0.526061 -0.475862 0.704851
    outer loop
      vertex 19.0151 151.485 2
      vertex 17.6072 152.891 4
      vertex 18.8767 151.332 2
    endloop
  endfacet
  facet normal -0.171893 -0.688282 0.704784
    outer loop
      vertex 21.6863 153.914 4
      vertex 21.2979 154.011 4
      vertex 20.9097 152.06 2
    endloop
  endfacet
  facet normal -0.239095 0.667696 0.704994
    outer loop
      vertex 21.6882 146.086 4
      vertex 22.0652 146.221 4
      vertex 21.3036 148.06 2
    endloop
  endfacet
  facet normal 0 0.708877 0.705332
    outer loop
      vertex 20.5 147.9 2
      vertex 20.499 145.91 4
      vertex 20.5 145.91 4
    endloop
  endfacet
  facet normal 0.0344241 0.708448 0.704923
    outer loop
      vertex 20.499 145.91 4
      vertex 20.5 147.9 2
      vertex 20.2942 147.91 2
    endloop
  endfacet
  facet normal -0.0354326 -0.708475 0.704846
    outer loop
      vertex 20.7058 152.09 2
      vertex 20.9009 154.07 4
      vertex 20.501 154.09 4
    endloop
  endfacet
  facet normal 0.70844 -0.0347135 0.704917
    outer loop
      vertex 18.4101 150.206 2
      vertex 16.4296 150.401 4
      vertex 16.41 150.001 4
    endloop
  endfacet
  facet normal 0.475583 -0.526242 0.704904
    outer loop
      vertex 17.6087 152.893 4
      vertex 19.0151 151.485 2
      vertex 19.1678 151.623 2
    endloop
  endfacet
  facet normal 0.555233 -0.444186 0.703147
    outer loop
      vertex 19.0151 151.485 2
      vertex 17.6087 152.893 4
      vertex 17.6079 152.892 4
    endloop
  endfacet
  facet normal -0.658221 0.263288 0.705283
    outer loop
      vertex 22.4401 149.196 2
      vertex 24.2783 148.434 4
      vertex 24.2787 148.435 4
    endloop
  endfacet
  facet normal -0.641053 0.303639 0.704879
    outer loop
      vertex 24.2783 148.434 4
      vertex 22.4401 149.196 2
      vertex 22.352 149.01 2
    endloop
  endfacet
  facet normal -0.608736 0.36421 0.704834
    outer loop
      vertex 22.2461 148.833 2
      vertex 23.9013 147.729 4
      vertex 22.352 149.01 2
    endloop
  endfacet
  facet normal -0.636551 0.318276 0.702498
    outer loop
      vertex 23.9013 147.729 4
      vertex 22.2461 148.833 2
      vertex 23.9008 147.728 4
    endloop
  endfacet
  facet normal 0 -0.724276 0.68951
    outer loop
      vertex 19.3118 153.914 4
      vertex 19.8904 152.01 2
      vertex 19.3127 153.914 4
    endloop
  endfacet
  facet normal 0.240756 -0.667238 0.704861
    outer loop
      vertex 19.8904 152.01 2
      vertex 19.3118 153.914 4
      vertex 19.6964 151.94 2
    endloop
  endfacet
  facet normal -0.544899 0.544899 0.637314
    outer loop
      vertex 20.9097 147.94 2
      vertex 21.2969 145.988 4
      vertex 21.2979 145.989 4
    endloop
  endfacet
  facet normal -0.103249 0.701752 0.704899
    outer loop
      vertex 21.2969 145.988 4
      vertex 20.9097 147.94 2
      vertex 20.7058 147.91 2
    endloop
  endfacet
  facet normal 0.0354326 -0.708475 0.704846
    outer loop
      vertex 20.2942 152.09 2
      vertex 20.499 154.09 4
      vertex 20.0991 154.07 4
    endloop
  endfacet
  facet normal 0.0344241 -0.708448 0.704923
    outer loop
      vertex 20.5 152.1 2
      vertex 20.499 154.09 4
      vertex 20.2942 152.09 2
    endloop
  endfacet
  facet normal 0 -0.708877 0.705332
    outer loop
      vertex 20.499 154.09 4
      vertex 20.5 152.1 2
      vertex 20.5 154.09 4
    endloop
  endfacet
  facet normal 0.421888 0.570081 0.704995
    outer loop
      vertex 18.2269 146.6 4
      vertex 19.1678 148.377 2
      vertex 17.9053 146.838 4
    endloop
  endfacet
  facet normal 0.476447 0.525332 0.705
    outer loop
      vertex 17.9053 146.838 4
      vertex 19.1678 148.377 2
      vertex 17.6087 147.107 4
    endloop
  endfacet
  facet normal 0.239095 0.667696 0.704994
    outer loop
      vertex 19.3118 146.086 4
      vertex 19.6964 148.06 2
      vertex 18.9348 146.221 4
    endloop
  endfacet
  facet normal 0.476447 -0.525332 0.705
    outer loop
      vertex 19.1678 151.623 2
      vertex 17.9053 153.162 4
      vertex 17.6087 152.893 4
    endloop
  endfacet
  facet normal -0.701599 -0.104177 0.704916
    outer loop
      vertex 24.5704 150.401 4
      vertex 24.5116 150.797 4
      vertex 22.5899 150.206 2
    endloop
  endfacet
  facet normal -0.68799 0.172529 0.704914
    outer loop
      vertex 24.4142 148.814 4
      vertex 24.5115 149.202 4
      vertex 22.5596 149.59 2
    endloop
  endfacet
  facet normal 0.239095 -0.667696 0.704994
    outer loop
      vertex 19.6964 151.94 2
      vertex 19.3118 153.914 4
      vertex 18.9348 153.779 4
    endloop
  endfacet
  facet normal 0.68799 -0.172529 0.704914
    outer loop
      vertex 18.4404 150.41 2
      vertex 16.5858 151.186 4
      vertex 16.4885 150.798 4
    endloop
  endfacet
  facet normal -0.679017 -0.203705 0.705295
    outer loop
      vertex 24.4136 151.188 4
      vertex 22.5096 150.61 2
      vertex 24.4139 151.187 4
    endloop
  endfacet
  facet normal -0.667782 -0.239231 0.704866
    outer loop
      vertex 22.5096 150.61 2
      vertex 24.4136 151.188 4
      vertex 22.4401 150.804 2
    endloop
  endfacet
  facet normal 0.364885 0.608259 0.704897
    outer loop
      vertex 18.572 146.393 4
      vertex 19.5101 148.148 2
      vertex 18.2286 146.599 4
    endloop
  endfacet
  facet normal -0.555233 0.444186 0.703147
    outer loop
      vertex 21.9849 148.515 2
      vertex 23.3913 147.107 4
      vertex 23.3921 147.108 4
    endloop
  endfacet
  facet normal -0.475583 0.526242 0.704904
    outer loop
      vertex 23.3913 147.107 4
      vertex 21.9849 148.515 2
      vertex 21.8322 148.377 2
    endloop
  endfacet
  facet normal 0.0354326 0.708475 0.704846
    outer loop
      vertex 20.499 145.91 4
      vertex 20.2942 147.91 2
      vertex 20.0991 145.93 4
    endloop
  endfacet
  facet normal 0.302948 0.641354 0.704903
    outer loop
      vertex 18.9339 146.222 4
      vertex 19.6964 148.06 2
      vertex 19.5101 148.148 2
    endloop
  endfacet
  facet normal 0.552992 0.497693 0.668208
    outer loop
      vertex 19.6964 148.06 2
      vertex 18.9339 146.222 4
      vertex 18.9348 146.221 4
    endloop
  endfacet
  facet normal -0.688153 0.172038 0.704875
    outer loop
      vertex 22.5096 149.39 2
      vertex 24.4142 148.814 4
      vertex 22.5596 149.59 2
    endloop
  endfacet
  facet normal -0.679017 0.203705 0.705295
    outer loop
      vertex 24.4142 148.814 4
      vertex 22.5096 149.39 2
      vertex 24.4139 148.813 4
    endloop
  endfacet
  facet normal -0.171893 0.688282 0.704784
    outer loop
      vertex 21.2979 145.989 4
      vertex 21.6863 146.086 4
      vertex 20.9097 147.94 2
    endloop
  endfacet
  facet normal -0.0354326 0.708475 0.704846
    outer loop
      vertex 20.9009 145.93 4
      vertex 20.7058 147.91 2
      vertex 20.501 145.91 4
    endloop
  endfacet
  facet normal -0.102797 -0.701855 0.704864
    outer loop
      vertex 21.2969 154.012 4
      vertex 20.9009 154.07 4
      vertex 20.7058 152.09 2
    endloop
  endfacet
  facet normal 0.667782 -0.239231 0.704866
    outer loop
      vertex 16.5864 151.188 4
      vertex 18.4904 150.61 2
      vertex 18.5599 150.804 2
    endloop
  endfacet
  facet normal 0.679017 -0.203705 0.705295
    outer loop
      vertex 18.4904 150.61 2
      vertex 16.5864 151.188 4
      vertex 16.5861 151.187 4
    endloop
  endfacet
  facet normal -0.641205 -0.303244 0.704911
    outer loop
      vertex 24.2783 151.566 4
      vertex 24.1071 151.928 4
      vertex 22.352 150.99 2
    endloop
  endfacet
  facet normal 0.171893 0.688282 0.704784
    outer loop
      vertex 19.7021 145.989 4
      vertex 20.0903 147.94 2
      vertex 19.3137 146.086 4
    endloop
  endfacet
  facet normal -0.580842 -0.406589 0.7052
    outer loop
      vertex 23.9001 152.273 4
      vertex 22.2461 151.167 2
      vertex 23.9008 152.272 4
    endloop
  endfacet
  facet normal -0.56907 -0.423526 0.70483
    outer loop
      vertex 22.2461 151.167 2
      vertex 23.9001 152.273 4
      vertex 22.1233 151.332 2
    endloop
  endfacet
  facet normal -0.570017 -0.422025 0.704965
    outer loop
      vertex 23.9001 152.273 4
      vertex 23.6617 152.595 4
      vertex 22.1233 151.332 2
    endloop
  endfacet
  facet normal -0.70844 -0.0347135 0.704917
    outer loop
      vertex 24.59 150.001 4
      vertex 24.5704 150.401 4
      vertex 22.5899 150.206 2
    endloop
  endfacet
  facet normal -0.708877 0 0.705332
    outer loop
      vertex 22.6 150 2
      vertex 24.59 149.999 4
      vertex 24.59 150 4
    endloop
  endfacet
  facet normal -0.70844 0.0347342 0.704915
    outer loop
      vertex 24.59 149.999 4
      vertex 22.6 150 2
      vertex 22.5899 149.794 2
    endloop
  endfacet
  facet normal -0.701599 0.104177 0.704916
    outer loop
      vertex 24.5116 149.203 4
      vertex 24.5704 149.599 4
      vertex 22.5899 149.794 2
    endloop
  endfacet
  facet normal 0.708877 0 0.705332
    outer loop
      vertex 18.4 150 2
      vertex 16.41 150.001 4
      vertex 16.41 150 4
    endloop
  endfacet
  facet normal 0.70844 -0.0347342 0.704915
    outer loop
      vertex 16.41 150.001 4
      vertex 18.4 150 2
      vertex 18.4101 150.206 2
    endloop
  endfacet
  facet normal -0.580842 0.406589 0.7052
    outer loop
      vertex 22.2461 148.833 2
      vertex 23.9001 147.727 4
      vertex 23.9008 147.728 4
    endloop
  endfacet
  facet normal -0.56907 0.423526 0.70483
    outer loop
      vertex 23.9001 147.727 4
      vertex 22.2461 148.833 2
      vertex 22.1233 148.668 2
    endloop
  endfacet
  facet normal -0.667852 -0.238974 0.704886
    outer loop
      vertex 24.4136 151.188 4
      vertex 24.2787 151.565 4
      vertex 22.4401 150.804 2
    endloop
  endfacet
  facet normal 0.608224 -0.364935 0.704901
    outer loop
      vertex 18.648 150.99 2
      vertex 17.0987 152.271 4
      vertex 16.8929 151.928 4
    endloop
  endfacet
  facet normal 0.102797 -0.701855 0.704864
    outer loop
      vertex 20.2942 152.09 2
      vertex 20.0991 154.07 4
      vertex 19.7031 154.012 4
    endloop
  endfacet
  facet normal 0.667852 -0.238974 0.704886
    outer loop
      vertex 18.5599 150.804 2
      vertex 16.7213 151.565 4
      vertex 16.5864 151.188 4
    endloop
  endfacet
  facet normal 0.475583 0.526242 0.704904
    outer loop
      vertex 19.0151 148.515 2
      vertex 17.6087 147.107 4
      vertex 19.1678 148.377 2
    endloop
  endfacet
  facet normal 0.555233 0.444186 0.703147
    outer loop
      vertex 17.6087 147.107 4
      vertex 19.0151 148.515 2
      vertex 17.6079 147.108 4
    endloop
  endfacet
  facet normal 0.608224 0.364935 0.704901
    outer loop
      vertex 17.0987 147.729 4
      vertex 18.648 149.01 2
      vertex 16.8929 148.072 4
    endloop
  endfacet
  facet normal -0.701592 0.104207 0.704918
    outer loop
      vertex 22.5596 149.59 2
      vertex 24.5116 149.203 4
      vertex 22.5899 149.794 2
    endloop
  endfacet
  facet normal -0.706979 0.0706979 0.703692
    outer loop
      vertex 24.5116 149.203 4
      vertex 22.5596 149.59 2
      vertex 24.5115 149.202 4
    endloop
  endfacet
  facet normal -0.239095 -0.667696 0.704994
    outer loop
      vertex 22.0652 153.779 4
      vertex 21.6882 153.914 4
      vertex 21.3036 151.94 2
    endloop
  endfacet
  facet normal -0.421888 0.570081 0.704995
    outer loop
      vertex 22.7731 146.6 4
      vertex 23.0947 146.838 4
      vertex 21.8322 148.377 2
    endloop
  endfacet
  facet normal 0.701592 0.104207 0.704918
    outer loop
      vertex 16.4884 149.203 4
      vertex 18.4404 149.59 2
      vertex 18.4101 149.794 2
    endloop
  endfacet
  facet normal 0.706979 0.0706979 0.703692
    outer loop
      vertex 18.4404 149.59 2
      vertex 16.4884 149.203 4
      vertex 16.4885 149.202 4
    endloop
  endfacet
  facet normal 0.701599 -0.104177 0.704916
    outer loop
      vertex 18.4101 150.206 2
      vertex 16.4884 150.797 4
      vertex 16.4296 150.401 4
    endloop
  endfacet
  facet normal -0.679017 0.203705 0.705295
    outer loop
      vertex 22.5096 149.39 2
      vertex 24.4136 148.812 4
      vertex 24.4139 148.813 4
    endloop
  endfacet
  facet normal -0.667782 0.239231 0.704866
    outer loop
      vertex 24.4136 148.812 4
      vertex 22.5096 149.39 2
      vertex 22.4401 149.196 2
    endloop
  endfacet
  facet normal 0.701599 0.104177 0.704916
    outer loop
      vertex 16.4884 149.203 4
      vertex 18.4101 149.794 2
      vertex 16.4296 149.599 4
    endloop
  endfacet
  facet normal -0.303029 0.641323 0.704896
    outer loop
      vertex 22.0661 146.222 4
      vertex 22.428 146.393 4
      vertex 21.4899 148.148 2
    endloop
  endfacet
  facet normal 0.706979 -0.0706979 0.703692
    outer loop
      vertex 16.4884 150.797 4
      vertex 18.4404 150.41 2
      vertex 16.4885 150.798 4
    endloop
  endfacet
  facet normal 0.701592 -0.104207 0.704918
    outer loop
      vertex 18.4404 150.41 2
      vertex 16.4884 150.797 4
      vertex 18.4101 150.206 2
    endloop
  endfacet
  facet normal -0.70844 0.0347135 0.704917
    outer loop
      vertex 24.5704 149.599 4
      vertex 24.59 149.999 4
      vertex 22.5899 149.794 2
    endloop
  endfacet
  facet normal 0 -0.724276 0.68951
    outer loop
      vertex 21.6863 153.914 4
      vertex 21.1096 152.01 2
      vertex 21.6873 153.914 4
    endloop
  endfacet
  facet normal -0.172136 -0.688201 0.704803
    outer loop
      vertex 21.1096 152.01 2
      vertex 21.6863 153.914 4
      vertex 20.9097 152.06 2
    endloop
  endfacet
  facet normal -0.608224 -0.364935 0.704901
    outer loop
      vertex 24.1071 151.928 4
      vertex 23.9013 152.271 4
      vertex 22.352 150.99 2
    endloop
  endfacet
  facet normal -0.68799 -0.172529 0.704914
    outer loop
      vertex 24.5115 150.798 4
      vertex 24.4142 151.186 4
      vertex 22.5596 150.41 2
    endloop
  endfacet
  facet normal -0.706979 -0.0706979 0.703692
    outer loop
      vertex 22.5596 150.41 2
      vertex 24.5116 150.797 4
      vertex 24.5115 150.798 4
    endloop
  endfacet
  facet normal -0.701592 -0.104207 0.704918
    outer loop
      vertex 24.5116 150.797 4
      vertex 22.5596 150.41 2
      vertex 22.5899 150.206 2
    endloop
  endfacet
  facet normal -0.0344241 0.708448 0.704923
    outer loop
      vertex 20.5 147.9 2
      vertex 20.501 145.91 4
      vertex 20.7058 147.91 2
    endloop
  endfacet
  facet normal 0 0.708877 0.705332
    outer loop
      vertex 20.501 145.91 4
      vertex 20.5 147.9 2
      vertex 20.5 145.91 4
    endloop
  endfacet
  facet normal 0.641053 -0.303639 0.704879
    outer loop
      vertex 16.7217 151.566 4
      vertex 18.5599 150.804 2
      vertex 18.648 150.99 2
    endloop
  endfacet
  facet normal 0.658221 -0.263288 0.705283
    outer loop
      vertex 18.5599 150.804 2
      vertex 16.7217 151.566 4
      vertex 16.7213 151.565 4
    endloop
  endfacet
  facet normal 0.102797 0.701855 0.704864
    outer loop
      vertex 20.0991 145.93 4
      vertex 20.2942 147.91 2
      vertex 19.7031 145.988 4
    endloop
  endfacet
  facet normal 0 0.724276 0.68951
    outer loop
      vertex 21.1096 147.99 2
      vertex 21.6863 146.086 4
      vertex 21.6873 146.086 4
    endloop
  endfacet
  facet normal -0.172136 0.688201 0.704803
    outer loop
      vertex 21.6863 146.086 4
      vertex 21.1096 147.99 2
      vertex 20.9097 147.94 2
    endloop
  endfacet
  facet normal -0.240756 0.667238 0.704861
    outer loop
      vertex 21.1096 147.99 2
      vertex 21.6882 146.086 4
      vertex 21.3036 148.06 2
    endloop
  endfacet
  facet normal 0 0.724276 0.68951
    outer loop
      vertex 21.6882 146.086 4
      vertex 21.1096 147.99 2
      vertex 21.6873 146.086 4
    endloop
  endfacet
  facet normal 0 0.770427 0.637528
    outer loop
      vertex 21.6667 148.254 2
      vertex 22.7714 146.599 4
      vertex 22.7723 146.599 4
    endloop
  endfacet
  facet normal -0.364741 0.608361 0.704884
    outer loop
      vertex 22.7714 146.599 4
      vertex 21.6667 148.254 2
      vertex 21.4899 148.148 2
    endloop
  endfacet
  facet normal -0.544899 -0.544899 0.637314
    outer loop
      vertex 21.2969 154.012 4
      vertex 20.9097 152.06 2
      vertex 21.2979 154.011 4
    endloop
  endfacet
  facet normal -0.103249 -0.701752 0.704899
    outer loop
      vertex 20.9097 152.06 2
      vertex 21.2969 154.012 4
      vertex 20.7058 152.09 2
    endloop
  endfacet
  facet normal 0.570017 0.422025 0.704965
    outer loop
      vertex 17.3383 147.405 4
      vertex 18.8767 148.668 2
      vertex 17.0999 147.727 4
    endloop
  endfacet
  facet normal 0.56907 -0.423526 0.70483
    outer loop
      vertex 17.0999 152.273 4
      vertex 18.7539 151.167 2
      vertex 18.8767 151.332 2
    endloop
  endfacet
  facet normal 0.580842 -0.406589 0.7052
    outer loop
      vertex 18.7539 151.167 2
      vertex 17.0999 152.273 4
      vertex 17.0992 152.272 4
    endloop
  endfacet
  facet normal -0.552992 -0.497693 0.668208
    outer loop
      vertex 21.3036 151.94 2
      vertex 22.0661 153.778 4
      vertex 22.0652 153.779 4
    endloop
  endfacet
  facet normal -0.302948 -0.641354 0.704903
    outer loop
      vertex 22.0661 153.778 4
      vertex 21.3036 151.94 2
      vertex 21.4899 151.852 2
    endloop
  endfacet
  facet normal 0.303029 -0.641323 0.704896
    outer loop
      vertex 19.5101 151.852 2
      vertex 18.9339 153.778 4
      vertex 18.572 153.607 4
    endloop
  endfacet
  facet normal 0 -0.708877 0.705332
    outer loop
      vertex 20.5 152.1 2
      vertex 20.501 154.09 4
      vertex 20.5 154.09 4
    endloop
  endfacet
  facet normal -0.0344241 -0.708448 0.704923
    outer loop
      vertex 20.501 154.09 4
      vertex 20.5 152.1 2
      vertex 20.7058 152.09 2
    endloop
  endfacet
  facet normal 0.524964 0.476902 0.704966
    outer loop
      vertex 17.6072 147.109 4
      vertex 18.8767 148.668 2
      vertex 17.3383 147.405 4
    endloop
  endfacet
  facet normal 0.679017 -0.203705 0.705295
    outer loop
      vertex 16.5858 151.186 4
      vertex 18.4904 150.61 2
      vertex 16.5861 151.187 4
    endloop
  endfacet
  facet normal 0.688153 -0.172038 0.704875
    outer loop
      vertex 18.4904 150.61 2
      vertex 16.5858 151.186 4
      vertex 18.4404 150.41 2
    endloop
  endfacet
  facet normal 0.303029 0.641323 0.704896
    outer loop
      vertex 18.9339 146.222 4
      vertex 19.5101 148.148 2
      vertex 18.572 146.393 4
    endloop
  endfacet
  facet normal -0.476447 -0.525332 0.705
    outer loop
      vertex 23.3913 152.893 4
      vertex 23.0947 153.162 4
      vertex 21.8322 151.623 2
    endloop
  endfacet
  facet normal -0.476447 0.525332 0.705
    outer loop
      vertex 23.0947 146.838 4
      vertex 23.3913 147.107 4
      vertex 21.8322 148.377 2
    endloop
  endfacet
  facet normal 0 -0.724276 0.68951
    outer loop
      vertex 21.1096 152.01 2
      vertex 21.6882 153.914 4
      vertex 21.6873 153.914 4
    endloop
  endfacet
  facet normal -0.240756 -0.667238 0.704861
    outer loop
      vertex 21.6882 153.914 4
      vertex 21.1096 152.01 2
      vertex 21.3036 151.94 2
    endloop
  endfacet
  facet normal -0.636551 -0.318276 0.702498
    outer loop
      vertex 22.2461 151.167 2
      vertex 23.9013 152.271 4
      vertex 23.9008 152.272 4
    endloop
  endfacet
  facet normal -0.608736 -0.36421 0.704834
    outer loop
      vertex 23.9013 152.271 4
      vertex 22.2461 151.167 2
      vertex 22.352 150.99 2
    endloop
  endfacet
  facet normal 0.70844 0.0347135 0.704917
    outer loop
      vertex 16.4296 149.599 4
      vertex 18.4101 149.794 2
      vertex 16.41 149.999 4
    endloop
  endfacet
  facet normal 0.636551 -0.318276 0.702498
    outer loop
      vertex 17.0987 152.271 4
      vertex 18.7539 151.167 2
      vertex 17.0992 152.272 4
    endloop
  endfacet
  facet normal 0.608736 -0.36421 0.704834
    outer loop
      vertex 18.7539 151.167 2
      vertex 17.0987 152.271 4
      vertex 18.648 150.99 2
    endloop
  endfacet
  facet normal 0.103249 -0.701752 0.704899
    outer loop
      vertex 19.7031 154.012 4
      vertex 20.0903 152.06 2
      vertex 20.2942 152.09 2
    endloop
  endfacet
  facet normal 0.544899 -0.544899 0.637314
    outer loop
      vertex 20.0903 152.06 2
      vertex 19.7031 154.012 4
      vertex 19.7021 154.011 4
    endloop
  endfacet
  facet normal 0.708877 -0 0.705332
    outer loop
      vertex 16.41 149.999 4
      vertex 18.4 150 2
      vertex 16.41 150 4
    endloop
  endfacet
  facet normal 0.70844 0.0347342 0.704915
    outer loop
      vertex 18.4 150 2
      vertex 16.41 149.999 4
      vertex 18.4101 149.794 2
    endloop
  endfacet
  facet normal 0.172136 -0.688201 0.704803
    outer loop
      vertex 19.3137 153.914 4
      vertex 19.8904 152.01 2
      vertex 20.0903 152.06 2
    endloop
  endfacet
  facet normal 0 -0.724276 0.68951
    outer loop
      vertex 19.8904 152.01 2
      vertex 19.3137 153.914 4
      vertex 19.3127 153.914 4
    endloop
  endfacet
  facet normal -0.524964 -0.476902 0.704966
    outer loop
      vertex 23.6617 152.595 4
      vertex 23.3928 152.891 4
      vertex 22.1233 151.332 2
    endloop
  endfacet
  facet normal -0.585152 -0.409606 0.699871
    outer loop
      vertex 21.9849 151.485 2
      vertex 23.3928 152.891 4
      vertex 23.3921 152.892 4
    endloop
  endfacet
  facet normal -0.526061 -0.475862 0.704851
    outer loop
      vertex 23.3928 152.891 4
      vertex 21.9849 151.485 2
      vertex 22.1233 151.332 2
    endloop
  endfacet
  facet normal 0.641205 -0.303244 0.704911
    outer loop
      vertex 18.648 150.99 2
      vertex 16.8929 151.928 4
      vertex 16.7217 151.566 4
    endloop
  endfacet
  facet normal 0.364885 -0.608259 0.704897
    outer loop
      vertex 19.5101 151.852 2
      vertex 18.572 153.607 4
      vertex 18.2286 153.401 4
    endloop
  endfacet
  facet normal -0.658221 -0.263288 0.705283
    outer loop
      vertex 24.2783 151.566 4
      vertex 22.4401 150.804 2
      vertex 24.2787 151.565 4
    endloop
  endfacet
  facet normal -0.641053 -0.303639 0.704879
    outer loop
      vertex 22.4401 150.804 2
      vertex 24.2783 151.566 4
      vertex 22.352 150.99 2
    endloop
  endfacet
  facet normal 0.608736 0.36421 0.704834
    outer loop
      vertex 17.0987 147.729 4
      vertex 18.7539 148.833 2
      vertex 18.648 149.01 2
    endloop
  endfacet
  facet normal 0.636551 0.318276 0.702498
    outer loop
      vertex 18.7539 148.833 2
      vertex 17.0987 147.729 4
      vertex 17.0992 147.728 4
    endloop
  endfacet
  facet normal 0.68799 0.172529 0.704914
    outer loop
      vertex 16.5858 148.814 4
      vertex 18.4404 149.59 2
      vertex 16.4885 149.202 4
    endloop
  endfacet
  facet normal -0.608224 0.364935 0.704901
    outer loop
      vertex 23.9013 147.729 4
      vertex 24.1071 148.072 4
      vertex 22.352 149.01 2
    endloop
  endfacet
  facet normal -0.641205 0.303244 0.704911
    outer loop
      vertex 24.1071 148.072 4
      vertex 24.2783 148.434 4
      vertex 22.352 149.01 2
    endloop
  endfacet
  facet normal -0.566525 -0.45322 0.688215
    outer loop
      vertex 21.6667 151.746 2
      vertex 22.7731 153.4 4
      vertex 22.7723 153.401 4
    endloop
  endfacet
  facet normal -0.423112 -0.56931 0.704885
    outer loop
      vertex 22.7731 153.4 4
      vertex 21.6667 151.746 2
      vertex 21.8322 151.623 2
    endloop
  endfacet
  facet normal 0.688153 0.172038 0.704875
    outer loop
      vertex 16.5858 148.814 4
      vertex 18.4904 149.39 2
      vertex 18.4404 149.59 2
    endloop
  endfacet
  facet normal 0.679017 0.203705 0.705295
    outer loop
      vertex 18.4904 149.39 2
      vertex 16.5858 148.814 4
      vertex 16.5861 148.813 4
    endloop
  endfacet
  facet normal -0.526061 0.475862 0.704851
    outer loop
      vertex 21.9849 148.515 2
      vertex 23.3928 147.109 4
      vertex 22.1233 148.668 2
    endloop
  endfacet
  facet normal -0.585152 0.409606 0.699871
    outer loop
      vertex 23.3928 147.109 4
      vertex 21.9849 148.515 2
      vertex 23.3921 147.108 4
    endloop
  endfacet
  facet normal -0.570017 0.422025 0.704965
    outer loop
      vertex 23.6617 147.405 4
      vertex 23.9001 147.727 4
      vertex 22.1233 148.668 2
    endloop
  endfacet
  facet normal -0.302948 0.641354 0.704903
    outer loop
      vertex 21.3036 148.06 2
      vertex 22.0661 146.222 4
      vertex 21.4899 148.148 2
    endloop
  endfacet
  facet normal -0.552992 0.497693 0.668208
    outer loop
      vertex 22.0661 146.222 4
      vertex 21.3036 148.06 2
      vertex 22.0652 146.221 4
    endloop
  endfacet
  facet normal -0.364885 0.608259 0.704897
    outer loop
      vertex 22.428 146.393 4
      vertex 22.7714 146.599 4
      vertex 21.4899 148.148 2
    endloop
  endfacet
  facet normal 0.552992 -0.497693 0.668208
    outer loop
      vertex 18.9339 153.778 4
      vertex 19.6964 151.94 2
      vertex 18.9348 153.779 4
    endloop
  endfacet
  facet normal 0.302948 -0.641354 0.704903
    outer loop
      vertex 19.6964 151.94 2
      vertex 18.9339 153.778 4
      vertex 19.5101 151.852 2
    endloop
  endfacet
  facet normal 0.526061 0.475862 0.704851
    outer loop
      vertex 17.6072 147.109 4
      vertex 19.0151 148.515 2
      vertex 18.8767 148.668 2
    endloop
  endfacet
  facet normal 0.585152 0.409606 0.699871
    outer loop
      vertex 19.0151 148.515 2
      vertex 17.6072 147.109 4
      vertex 17.6079 147.108 4
    endloop
  endfacet
  facet normal -0.364885 -0.608259 0.704897
    outer loop
      vertex 22.7714 153.401 4
      vertex 22.428 153.607 4
      vertex 21.4899 151.852 2
    endloop
  endfacet
  facet normal 0.240756 0.667238 0.704861
    outer loop
      vertex 19.3118 146.086 4
      vertex 19.8904 147.99 2
      vertex 19.6964 148.06 2
    endloop
  endfacet
  facet normal 0 0.724276 0.68951
    outer loop
      vertex 19.8904 147.99 2
      vertex 19.3118 146.086 4
      vertex 19.3127 146.086 4
    endloop
  endfacet
  facet normal 0.667782 0.239231 0.704866
    outer loop
      vertex 18.4904 149.39 2
      vertex 16.5864 148.812 4
      vertex 18.5599 149.196 2
    endloop
  endfacet
  facet normal 0.679017 0.203705 0.705295
    outer loop
      vertex 16.5864 148.812 4
      vertex 18.4904 149.39 2
      vertex 16.5861 148.813 4
    endloop
  endfacet
  facet normal 0.421888 -0.570081 0.704995
    outer loop
      vertex 19.1678 151.623 2
      vertex 18.2269 153.4 4
      vertex 17.9053 153.162 4
    endloop
  endfacet
  facet normal 0 -0.770427 0.637528
    outer loop
      vertex 22.7714 153.401 4
      vertex 21.6667 151.746 2
      vertex 22.7723 153.401 4
    endloop
  endfacet
  facet normal -0.364741 -0.608361 0.704884
    outer loop
      vertex 21.6667 151.746 2
      vertex 22.7714 153.401 4
      vertex 21.4899 151.852 2
    endloop
  endfacet
  facet normal -0.555233 -0.444186 0.703147
    outer loop
      vertex 23.3913 152.893 4
      vertex 21.9849 151.485 2
      vertex 23.3921 152.892 4
    endloop
  endfacet
  facet normal -0.475583 -0.526242 0.704904
    outer loop
      vertex 21.9849 151.485 2
      vertex 23.3913 152.893 4
      vertex 21.8322 151.623 2
    endloop
  endfacet
  facet normal -0.421888 -0.570081 0.704995
    outer loop
      vertex 23.0947 153.162 4
      vertex 22.7731 153.4 4
      vertex 21.8322 151.623 2
    endloop
  endfacet
  facet normal -0.303029 -0.641323 0.704896
    outer loop
      vertex 22.428 153.607 4
      vertex 22.0661 153.778 4
      vertex 21.4899 151.852 2
    endloop
  endfacet
  facet normal 0.566525 -0.45322 0.688215
    outer loop
      vertex 18.2269 153.4 4
      vertex 19.3333 151.746 2
      vertex 18.2277 153.401 4
    endloop
  endfacet
  facet normal 0.423112 -0.56931 0.704885
    outer loop
      vertex 19.3333 151.746 2
      vertex 18.2269 153.4 4
      vertex 19.1678 151.623 2
    endloop
  endfacet
  facet normal 0.641205 0.303244 0.704911
    outer loop
      vertex 16.8929 148.072 4
      vertex 18.648 149.01 2
      vertex 16.7217 148.434 4
    endloop
  endfacet
  facet normal 0.570017 -0.422025 0.704965
    outer loop
      vertex 18.8767 151.332 2
      vertex 17.3383 152.595 4
      vertex 17.0999 152.273 4
    endloop
  endfacet
  facet normal 0.524964 -0.476902 0.704966
    outer loop
      vertex 18.8767 151.332 2
      vertex 17.6072 152.891 4
      vertex 17.3383 152.595 4
    endloop
  endfacet
  facet normal 0.667852 0.238974 0.704886
    outer loop
      vertex 16.7213 148.435 4
      vertex 18.5599 149.196 2
      vertex 16.5864 148.812 4
    endloop
  endfacet
  facet normal 0.641053 0.303639 0.704879
    outer loop
      vertex 18.5599 149.196 2
      vertex 16.7217 148.434 4
      vertex 18.648 149.01 2
    endloop
  endfacet
  facet normal 0.658221 0.263288 0.705283
    outer loop
      vertex 16.7217 148.434 4
      vertex 18.5599 149.196 2
      vertex 16.7213 148.435 4
    endloop
  endfacet
  facet normal -0.423112 0.56931 0.704885
    outer loop
      vertex 21.6667 148.254 2
      vertex 22.7731 146.6 4
      vertex 21.8322 148.377 2
    endloop
  endfacet
  facet normal -0.566525 0.45322 0.688215
    outer loop
      vertex 22.7731 146.6 4
      vertex 21.6667 148.254 2
      vertex 22.7723 146.599 4
    endloop
  endfacet
  facet normal 0.56907 0.423526 0.70483
    outer loop
      vertex 18.7539 148.833 2
      vertex 17.0999 147.727 4
      vertex 18.8767 148.668 2
    endloop
  endfacet
  facet normal 0.580842 0.406589 0.7052
    outer loop
      vertex 17.0999 147.727 4
      vertex 18.7539 148.833 2
      vertex 17.0992 147.728 4
    endloop
  endfacet
  facet normal 0.103249 0.701752 0.704899
    outer loop
      vertex 20.0903 147.94 2
      vertex 19.7031 145.988 4
      vertex 20.2942 147.91 2
    endloop
  endfacet
  facet normal 0.544899 0.544899 0.637314
    outer loop
      vertex 19.7031 145.988 4
      vertex 20.0903 147.94 2
      vertex 19.7021 145.989 4
    endloop
  endfacet
  facet normal 0.364741 0.608361 0.704884
    outer loop
      vertex 19.3333 148.254 2
      vertex 18.2286 146.599 4
      vertex 19.5101 148.148 2
    endloop
  endfacet
  facet normal 0 0.770427 0.637528
    outer loop
      vertex 18.2286 146.599 4
      vertex 19.3333 148.254 2
      vertex 18.2277 146.599 4
    endloop
  endfacet
  facet normal 0.423112 0.56931 0.704885
    outer loop
      vertex 18.2269 146.6 4
      vertex 19.3333 148.254 2
      vertex 19.1678 148.377 2
    endloop
  endfacet
  facet normal 0.566525 0.45322 0.688215
    outer loop
      vertex 19.3333 148.254 2
      vertex 18.2269 146.6 4
      vertex 18.2277 146.599 4
    endloop
  endfacet
  facet normal 0.364741 -0.608361 0.704884
    outer loop
      vertex 18.2286 153.401 4
      vertex 19.3333 151.746 2
      vertex 19.5101 151.852 2
    endloop
  endfacet
  facet normal 0 -0.770427 0.637528
    outer loop
      vertex 19.3333 151.746 2
      vertex 18.2286 153.401 4
      vertex 18.2277 153.401 4
    endloop
  endfacet
  facet normal -0.574807 0.818289 7.40895e-06
    outer loop
      vertex 33 4.85608 24
      vertex 34 5.55852 25
      vertex 35.0943 6.32721 25
    endloop
  endfacet
  facet normal -0.574924 0.818207 0.000183306
    outer loop
      vertex 34 5.55852 25
      vertex 33 4.85608 24
      vertex 33.902 5.48966 24.9952
    endloop
  endfacet
  facet normal -0.574628 0.818415 -0.00021778
    outer loop
      vertex 33.902 5.48966 24.9952
      vertex 33 4.85608 24
      vertex 33.8049 5.42148 24.9808
    endloop
  endfacet
  facet normal -0.574784 0.818305 -2.66789e-05
    outer loop
      vertex 33.8049 5.42148 24.9808
      vertex 33 4.85608 24
      vertex 33.7097 5.35461 24.9569
    endloop
  endfacet
  facet normal -0.574836 0.818269 3.09066e-05
    outer loop
      vertex 33.7097 5.35461 24.9569
      vertex 33 4.85608 24
      vertex 33.6173 5.2897 24.9239
    endloop
  endfacet
  facet normal -0.574832 0.818271 2.72984e-05
    outer loop
      vertex 33.6173 5.2897 24.9239
      vertex 33 4.85608 24
      vertex 33.5286 5.22739 24.8819
    endloop
  endfacet
  facet normal -0.574645 0.818403 -0.000140667
    outer loop
      vertex 33.5286 5.22739 24.8819
      vertex 33 4.85608 24
      vertex 33.4444 5.16826 24.8315
    endloop
  endfacet
  facet normal -0.574993 0.818158 0.00013753
    outer loop
      vertex 33.4444 5.16826 24.8315
      vertex 33 4.85608 24
      vertex 33.3656 5.11289 24.773
    endloop
  endfacet
  facet normal -0.574838 0.818267 2.81642e-05
    outer loop
      vertex 33.3656 5.11289 24.773
      vertex 33 4.85608 24
      vertex 33.2929 5.06182 24.7071
    endloop
  endfacet
  facet normal -0.57495 0.818189 9.71322e-05
    outer loop
      vertex 33.2929 5.06182 24.7071
      vertex 33 4.85608 24
      vertex 33.227 5.01552 24.6344
    endloop
  endfacet
  facet normal -0.57424 0.818687 -0.000281912
    outer loop
      vertex 33.227 5.01552 24.6344
      vertex 33 4.85608 24
      vertex 33.1685 4.97446 24.5556
    endloop
  endfacet
  facet normal -0.575554 0.817764 0.000313028
    outer loop
      vertex 33.1685 4.97446 24.5556
      vertex 33 4.85608 24
      vertex 33.1181 4.93902 24.4714
    endloop
  endfacet
  facet normal -0.573996 0.818858 -0.000269898
    outer loop
      vertex 33.1181 4.93902 24.4714
      vertex 33 4.85608 24
      vertex 33.0761 4.90955 24.3827
    endloop
  endfacet
  facet normal -0.576522 0.817082 0.000480691
    outer loop
      vertex 33.0761 4.90955 24.3827
      vertex 33 4.85608 24
      vertex 33.0431 4.88632 24.2903
    endloop
  endfacet
  facet normal -0.573296 0.819348 -0.000234384
    outer loop
      vertex 33.0431 4.88632 24.2903
      vertex 33 4.85608 24
      vertex 33.0192 4.86957 24.1951
    endloop
  endfacet
  facet normal -0.574042 0.818826 -0.000124758
    outer loop
      vertex 33.0192 4.86957 24.1951
      vertex 33 4.85608 24
      vertex 33.0048 4.85946 24.098
    endloop
  endfacet
  facet normal -0.574804 0.818291 0
    outer loop
      vertex 35.0943 6.32721 25
      vertex 33 4.85608 5.02452
      vertex 33 4.85608 24
    endloop
  endfacet
  facet normal -0.574804 0.818291 0
    outer loop
      vertex 35.0943 6.32721 0
      vertex 33 4.85608 5.02452
      vertex 35.0943 6.32721 25
    endloop
  endfacet
  facet normal -0.574951 0.818188 -9.16869e-05
    outer loop
      vertex 33 4.85608 5.02452
      vertex 35.0943 6.32721 0
      vertex 32.994 4.85185 4.9021
    endloop
  endfacet
  facet normal -0.574658 0.818393 9.59343e-05
    outer loop
      vertex 35.0943 6.32721 0
      vertex 32.9796 4.84175 4.80511
      vertex 32.994 4.85185 4.9021
    endloop
  endfacet
  facet normal -0.574736 0.818339 4.49535e-05
    outer loop
      vertex 35.0943 6.32721 0
      vertex 32.9558 4.82504 4.71017
      vertex 32.9796 4.84175 4.80511
    endloop
  endfacet
  facet normal -0.57465 0.818399 0.000102926
    outer loop
      vertex 35.0943 6.32721 0
      vertex 32.9227 4.80181 4.61772
      vertex 32.9558 4.82504 4.71017
    endloop
  endfacet
  facet normal -0.575049 0.818119 -0.000176978
    outer loop
      vertex 35.0943 6.32721 0
      vertex 32.8809 4.77241 4.52924
      vertex 32.9227 4.80181 4.61772
    endloop
  endfacet
  facet normal -0.574605 0.818431 0.000146929
    outer loop
      vertex 35.0943 6.32721 0
      vertex 32.8304 4.73697 4.44508
      vertex 32.8809 4.77241 4.52924
    endloop
  endfacet
  facet normal -0.574786 0.818304 9.04129e-06
    outer loop
      vertex 35.0943 6.32721 0
      vertex 32.772 4.69595 4.36633
      vertex 32.8304 4.73697 4.44508
    endloop
  endfacet
  facet normal -0.575114 0.818074 -0.000250945
    outer loop
      vertex 35.0943 6.32721 0
      vertex 32.7063 4.64974 4.29375
      vertex 32.772 4.69595 4.36633
    endloop
  endfacet
  facet normal -0.574769 0.818316 3.52594e-05
    outer loop
      vertex 35.0943 6.32721 0
      vertex 32.6337 4.59875 4.22795
      vertex 32.7063 4.64974 4.29375
    endloop
  endfacet
  facet normal -0.574647 0.818401 0.000141177
    outer loop
      vertex 35.0943 6.32721 0
      vertex 32.5549 4.54343 4.16956
      vertex 32.6337 4.59875 4.22795
    endloop
  endfacet
  facet normal -0.574968 0.818176 -0.000150445
    outer loop
      vertex 35.0943 6.32721 0
      vertex 32.4708 4.48432 4.11911
      vertex 32.5549 4.54343 4.16956
    endloop
  endfacet
  facet normal -0.574775 0.818311 3.2787e-05
    outer loop
      vertex 35.0943 6.32721 0
      vertex 32.3823 4.42216 4.07726
      vertex 32.4708 4.48432 4.11911
    endloop
  endfacet
  facet normal -0.574632 0.818412 0.00017504
    outer loop
      vertex 35.0943 6.32721 0
      vertex 32.2898 4.35722 4.04419
      vertex 32.3823 4.42216 4.07726
    endloop
  endfacet
  facet normal -0.574941 0.818195 -0.000145389
    outer loop
      vertex 35.0943 6.32721 0
      vertex 32.1949 4.29053 4.0204
      vertex 32.2898 4.35722 4.04419
    endloop
  endfacet
  facet normal -0.574768 0.818316 4.13953e-05
    outer loop
      vertex 35.0943 6.32721 0
      vertex 32.0979 4.2224 4.00601
      vertex 32.1949 4.29053 4.0204
    endloop
  endfacet
  facet normal -0.574804 0.818291 6.50933e-07
    outer loop
      vertex 29.925 2.69606 0
      vertex 32.0979 4.2224 4.00601
      vertex 35.0943 6.32721 0
    endloop
  endfacet
  facet normal -0.574854 0.818256 4.05548e-05
    outer loop
      vertex 32.0979 4.2224 4.00601
      vertex 29.925 2.69606 0
      vertex 31.9755 4.13641 4
    endloop
  endfacet
  facet normal -0.574801 0.818293 0
    outer loop
      vertex 31.9755 4.13641 4
      vertex 29.925 2.69606 0
      vertex 29.925 2.69606 4
    endloop
  endfacet
  facet normal -0.92901 -0.370056 0
    outer loop
      vertex 32.8331 12 0
      vertex 32.8809 11.88 4.52924
      vertex 32.8331 12 4.44946
    endloop
  endfacet
  facet normal -0.929087 -0.36986 5.99472e-06
    outer loop
      vertex 32.8331 12 0
      vertex 32.9227 11.775 4.61772
      vertex 32.8809 11.88 4.52924
    endloop
  endfacet
  facet normal -0.928923 -0.370273 -1.73057e-05
    outer loop
      vertex 35.0943 6.32721 0
      vertex 32.9227 11.775 4.61772
      vertex 32.8331 12 0
    endloop
  endfacet
  facet normal -0.928827 -0.370513 0.000310367
    outer loop
      vertex 32.9227 11.775 4.61772
      vertex 35.0943 6.32721 0
      vertex 32.9558 11.6921 4.71017
    endloop
  endfacet
  facet normal -0.928916 -0.370292 1.87207e-05
    outer loop
      vertex 32.9558 11.6921 4.71017
      vertex 35.0943 6.32721 0
      vertex 32.9796 11.6324 4.80511
    endloop
  endfacet
  facet normal -0.928899 -0.370334 7.29953e-05
    outer loop
      vertex 32.9796 11.6324 4.80511
      vertex 35.0943 6.32721 0
      vertex 32.994 11.5963 4.9021
    endloop
  endfacet
  facet normal -0.928921 -0.370278 0
    outer loop
      vertex 35.0943 6.32721 25
      vertex 33 11.5812 24
      vertex 33 11.5812 5.02452
    endloop
  endfacet
  facet normal -0.928922 -0.370276 1.37151e-05
    outer loop
      vertex 34 9.07251 25
      vertex 33 11.5812 24
      vertex 35.0943 6.32721 25
    endloop
  endfacet
  facet normal -0.928952 -0.370201 0.000231892
    outer loop
      vertex 33.902 9.31842 24.9952
      vertex 33 11.5812 24
      vertex 34 9.07251 25
    endloop
  endfacet
  facet normal -0.928864 -0.370422 -0.000349576
    outer loop
      vertex 33.8049 9.56192 24.9808
      vertex 33 11.5812 24
      vertex 33.902 9.31842 24.9952
    endloop
  endfacet
  facet normal -0.928914 -0.370295 -4.61426e-05
    outer loop
      vertex 33.7097 9.80074 24.9569
      vertex 33 11.5812 24
      vertex 33.8049 9.56192 24.9808
    endloop
  endfacet
  facet normal -0.928903 -0.370323 -7.64796e-05
    outer loop
      vertex 33.5286 10.2551 24.8819
      vertex 33 11.5812 24
      vertex 33.6173 10.0326 24.9239
    endloop
  endfacet
  facet normal -0.92889 -0.370357 -0.000134563
    outer loop
      vertex 33.4444 10.4663 24.8315
      vertex 33 11.5812 24
      vertex 33.5286 10.2551 24.8819
    endloop
  endfacet
  facet normal -0.928933 -0.370247 3.52217e-05
    outer loop
      vertex 33.3656 10.664 24.773
      vertex 33 11.5812 24
      vertex 33.4444 10.4663 24.8315
    endloop
  endfacet
  facet normal -0.929029 -0.370008 0.000326666
    outer loop
      vertex 33.227 11.0118 24.6344
      vertex 33 11.5812 24
      vertex 33.2929 10.8464 24.7071
    endloop
  endfacet
  facet normal -0.928669 -0.370909 -0.000611597
    outer loop
      vertex 33.1685 11.1584 24.5556
      vertex 33 11.5812 24
      vertex 33.227 11.0118 24.6344
    endloop
  endfacet
  facet normal -0.928531 -0.371253 -0.000648266
    outer loop
      vertex 33.0761 11.3902 24.3827
      vertex 33 11.5812 24
      vertex 33.1181 11.285 24.4714
    endloop
  endfacet
  facet normal -0.928309 -0.37181 -0.000500984
    outer loop
      vertex 33.0192 11.533 24.1951
      vertex 33 11.5812 24
      vertex 33.0431 11.4732 24.2903
    endloop
  endfacet
  facet normal -0.928482 -0.371378 -0.000377225
    outer loop
      vertex 33 11.5812 24
      vertex 33.0192 11.533 24.1951
      vertex 33.0048 11.5691 24.098
    endloop
  endfacet
  facet normal -0.928963 -0.370172 -0.000129178
    outer loop
      vertex 32.994 11.5963 4.9021
      vertex 35.0943 6.32721 0
      vertex 33 11.5812 5.02452
    endloop
  endfacet
  facet normal -0.928921 -0.370278 -0
    outer loop
      vertex 35.0943 6.32721 25
      vertex 33 11.5812 5.02452
      vertex 35.0943 6.32721 0
    endloop
  endfacet
  facet normal -0.929581 -0.368617 0.000875863
    outer loop
      vertex 33.0431 11.4732 24.2903
      vertex 33 11.5812 24
      vertex 33.0761 11.3902 24.3827
    endloop
  endfacet
  facet normal -0.929223 -0.369519 0.000614682
    outer loop
      vertex 33.1181 11.285 24.4714
      vertex 33 11.5812 24
      vertex 33.1685 11.1584 24.5556
    endloop
  endfacet
  facet normal -0.92894 -0.370231 5.76611e-05
    outer loop
      vertex 33.2929 10.8464 24.7071
      vertex 33 11.5812 24
      vertex 33.3656 10.664 24.773
    endloop
  endfacet
  facet normal -0.928961 -0.370177 0.000208093
    outer loop
      vertex 33.6173 10.0326 24.9239
      vertex 33 11.5812 24
      vertex 33.7097 9.80074 24.9569
    endloop
  endfacet
  facet normal 0 -1 -0
    outer loop
      vertex 9.02452 12 4
      vertex 8.16692 12 0
      vertex 31.9755 12 4
    endloop
  endfacet
  facet normal 0 -1 -0
    outer loop
      vertex 8.9021 12 4.00601
      vertex 8.16692 12 0
      vertex 9.02452 12 4
    endloop
  endfacet
  facet normal 0 -1 -0
    outer loop
      vertex 8.80511 12 4.0204
      vertex 8.16692 12 0
      vertex 8.9021 12 4.00601
    endloop
  endfacet
  facet normal 0 -1 -0
    outer loop
      vertex 8.71017 12 4.04419
      vertex 8.16692 12 0
      vertex 8.80511 12 4.0204
    endloop
  endfacet
  facet normal 0 -1 -0
    outer loop
      vertex 8.61772 12 4.07726
      vertex 8.16692 12 0
      vertex 8.71017 12 4.04419
    endloop
  endfacet
  facet normal 0 -1 -0
    outer loop
      vertex 8.52924 12 4.11911
      vertex 8.16692 12 0
      vertex 8.61772 12 4.07726
    endloop
  endfacet
  facet normal 0 -1 -0
    outer loop
      vertex 8.44508 12 4.16956
      vertex 8.16692 12 0
      vertex 8.52924 12 4.11911
    endloop
  endfacet
  facet normal 0 -1 -0
    outer loop
      vertex 8.36633 12 4.22795
      vertex 8.16692 12 0
      vertex 8.44508 12 4.16956
    endloop
  endfacet
  facet normal 0 -1 -0
    outer loop
      vertex 8.29375 12 4.29375
      vertex 8.16692 12 0
      vertex 8.36633 12 4.22795
    endloop
  endfacet
  facet normal 0 -1 -0
    outer loop
      vertex 8.22795 12 4.36633
      vertex 8.16692 12 0
      vertex 8.29375 12 4.29375
    endloop
  endfacet
  facet normal 0 -1 -0
    outer loop
      vertex 8.16956 12 4.44508
      vertex 8.16692 12 0
      vertex 8.22795 12 4.36633
    endloop
  endfacet
  facet normal 0 -1 0
    outer loop
      vertex 8.16692 12 0
      vertex 8.16956 12 4.44508
      vertex 8.16692 12 4.44949
    endloop
  endfacet
  facet normal 0 -1 0
    outer loop
      vertex 32.8331 12 0
      vertex 31.9755 12 4
      vertex 8.16692 12 0
    endloop
  endfacet
  facet normal 0 -1 0
    outer loop
      vertex 31.9755 12 4
      vertex 32.8331 12 0
      vertex 32.0979 12 4.00601
    endloop
  endfacet
  facet normal 0 -1 0
    outer loop
      vertex 32.8304 12 4.44508
      vertex 32.8331 12 0
      vertex 32.8331 12 4.44946
    endloop
  endfacet
  facet normal 0 -1 0
    outer loop
      vertex 32.772 12 4.36633
      vertex 32.8331 12 0
      vertex 32.8304 12 4.44508
    endloop
  endfacet
  facet normal 0 -1 0
    outer loop
      vertex 32.7063 12 4.29375
      vertex 32.8331 12 0
      vertex 32.772 12 4.36633
    endloop
  endfacet
  facet normal 0 -1 0
    outer loop
      vertex 32.6337 12 4.22795
      vertex 32.8331 12 0
      vertex 32.7063 12 4.29375
    endloop
  endfacet
  facet normal 0 -1 0
    outer loop
      vertex 32.5549 12 4.16956
      vertex 32.8331 12 0
      vertex 32.6337 12 4.22795
    endloop
  endfacet
  facet normal 0 -1 0
    outer loop
      vertex 32.4708 12 4.11911
      vertex 32.8331 12 0
      vertex 32.5549 12 4.16956
    endloop
  endfacet
  facet normal 0 -1 0
    outer loop
      vertex 32.3823 12 4.07726
      vertex 32.8331 12 0
      vertex 32.4708 12 4.11911
    endloop
  endfacet
  facet normal 0 -1 0
    outer loop
      vertex 32.2898 12 4.04419
      vertex 32.8331 12 0
      vertex 32.3823 12 4.07726
    endloop
  endfacet
  facet normal 0 -1 0
    outer loop
      vertex 32.1949 12 4.0204
      vertex 32.8331 12 0
      vertex 32.2898 12 4.04419
    endloop
  endfacet
  facet normal 0 -1 0
    outer loop
      vertex 32.0979 12 4.00601
      vertex 32.8331 12 0
      vertex 32.1949 12 4.0204
    endloop
  endfacet
  facet normal 0.928877 -0.370388 -4.59939e-05
    outer loop
      vertex 7.98079 11.533 24.1951
      vertex 8 11.5812 24
      vertex 7.99518 11.5691 24.098
    endloop
  endfacet
  facet normal 0.928877 -0.370389 0
    outer loop
      vertex 8.11911 11.8801 4.52924
      vertex 8.16692 12 0
      vertex 8.16692 12 4.44949
    endloop
  endfacet
  facet normal 0.928935 -0.370243 4.46525e-06
    outer loop
      vertex 8.07726 11.7751 4.61772
      vertex 8.16692 12 0
      vertex 8.11911 11.8801 4.52924
    endloop
  endfacet
  facet normal 0.928945 -0.370217 -8.40493e-05
    outer loop
      vertex 5.90567 6.32721 0
      vertex 8.07726 11.7751 4.61772
      vertex 8.04419 11.6921 4.71017
    endloop
  endfacet
  facet normal 0.928934 -0.370246 -4.57227e-05
    outer loop
      vertex 5.90567 6.32721 0
      vertex 8.04419 11.6921 4.71017
      vertex 8.0204 11.6324 4.80511
    endloop
  endfacet
  facet normal 0.92892 -0.370281 -9.3025e-08
    outer loop
      vertex 5.90567 6.32721 0
      vertex 8.0204 11.6324 4.80511
      vertex 8.00601 11.5963 4.9021
    endloop
  endfacet
  facet normal 0.928939 -0.370232 -6.18847e-05
    outer loop
      vertex 5.90567 6.32721 0
      vertex 8.00601 11.5963 4.9021
      vertex 8 11.5812 5.02452
    endloop
  endfacet
  facet normal 0.928793 -0.3706 -0.000106548
    outer loop
      vertex 8 11.5812 24
      vertex 7.98079 11.533 24.1951
      vertex 7.95694 11.4732 24.2903
    endloop
  endfacet
  facet normal 0.928776 -0.370641 -0.00012435
    outer loop
      vertex 8 11.5812 24
      vertex 7.95694 11.4732 24.2903
      vertex 7.92387 11.3903 24.3827
    endloop
  endfacet
  facet normal 0.92914 -0.369728 0.000403341
    outer loop
      vertex 8 11.5812 24
      vertex 7.92387 11.3903 24.3827
      vertex 7.88193 11.285 24.4714
    endloop
  endfacet
  facet normal 0.92894 -0.37023 3.7704e-05
    outer loop
      vertex 8 11.5812 24
      vertex 7.88193 11.285 24.4714
      vertex 7.83147 11.1584 24.5556
    endloop
  endfacet
  facet normal 0.928832 -0.3705 -0.000200492
    outer loop
      vertex 8 11.5812 24
      vertex 7.83147 11.1584 24.5556
      vertex 7.77301 11.0118 24.6344
    endloop
  endfacet
  facet normal 0.928898 -0.370336 -2.94603e-05
    outer loop
      vertex 8 11.5812 24
      vertex 7.77301 11.0118 24.6344
      vertex 7.70711 10.8465 24.7071
    endloop
  endfacet
  facet normal 0.92892 -0.370282 3.57346e-05
    outer loop
      vertex 8 11.5812 24
      vertex 7.70711 10.8465 24.7071
      vertex 7.6344 10.6641 24.773
    endloop
  endfacet
  facet normal 0.928965 -0.370167 0.000193629
    outer loop
      vertex 8 11.5812 24
      vertex 7.6344 10.6641 24.773
      vertex 7.55557 10.4663 24.8315
    endloop
  endfacet
  facet normal 0.928938 -0.370235 8.8163e-05
    outer loop
      vertex 8 11.5812 24
      vertex 7.55557 10.4663 24.8315
      vertex 7.47139 10.2551 24.8819
    endloop
  endfacet
  facet normal 0.928904 -0.370321 -6.1772e-05
    outer loop
      vertex 8 11.5812 24
      vertex 7.47139 10.2551 24.8819
      vertex 7.38269 10.0326 24.9239
    endloop
  endfacet
  facet normal 0.928915 -0.370293 -7.52931e-06
    outer loop
      vertex 8 11.5812 24
      vertex 7.38269 10.0326 24.9239
      vertex 7.29028 9.80078 24.9569
    endloop
  endfacet
  facet normal 0.928922 -0.370274 3.21834e-05
    outer loop
      vertex 8 11.5812 24
      vertex 7.29028 9.80078 24.9569
      vertex 7.19508 9.56195 24.9808
    endloop
  endfacet
  facet normal 0.92892 -0.37028 1.65952e-05
    outer loop
      vertex 8 11.5812 24
      vertex 7 9.07255 25
      vertex 5.90567 6.32721 25
    endloop
  endfacet
  facet normal 0.928918 -0.370285 6.93485e-06
    outer loop
      vertex 8 11.5812 24
      vertex 7.19508 9.56195 24.9808
      vertex 7.09802 9.31846 24.9952
    endloop
  endfacet
  facet normal 0.928924 -0.370269 4.81684e-05
    outer loop
      vertex 8 11.5812 24
      vertex 7.09802 9.31846 24.9952
      vertex 7 9.07255 25
    endloop
  endfacet
  facet normal 0.928919 -0.370283 0
    outer loop
      vertex 8 11.5812 24
      vertex 5.90567 6.32721 25
      vertex 8 11.5812 5.02452
    endloop
  endfacet
  facet normal 0.928919 -0.370283 0
    outer loop
      vertex 8 11.5812 5.02452
      vertex 5.90567 6.32721 25
      vertex 5.90567 6.32721 0
    endloop
  endfacet
  facet normal 0.92892 -0.37028 2.38393e-06
    outer loop
      vertex 8.07726 11.7751 4.61772
      vertex 5.90567 6.32721 0
      vertex 8.16692 12 0
    endloop
  endfacet
  facet normal 0.574802 0.818293 0
    outer loop
      vertex 11.075 2.69606 4
      vertex 11.075 2.69606 0
      vertex 9.02452 4.1364 4
    endloop
  endfacet
  facet normal 0.574842 0.818265 5.99628e-05
    outer loop
      vertex 8 4.85607 24
      vertex 7 5.55851 25
      vertex 7.09802 5.48965 24.9952
    endloop
  endfacet
  facet normal 0.57481 0.818287 1.68501e-05
    outer loop
      vertex 8 4.85607 24
      vertex 7.09802 5.48965 24.9952
      vertex 7.19508 5.42147 24.9808
    endloop
  endfacet
  facet normal 0.574786 0.818303 -1.19167e-05
    outer loop
      vertex 8 4.85607 24
      vertex 7.19508 5.42147 24.9808
      vertex 7.29028 5.3546 24.9569
    endloop
  endfacet
  facet normal 0.574783 0.818306 -1.55098e-05
    outer loop
      vertex 8 4.85607 24
      vertex 7.29028 5.3546 24.9569
      vertex 7.38269 5.28969 24.9239
    endloop
  endfacet
  facet normal 0.574835 0.818269 3.63995e-05
    outer loop
      vertex 8 4.85607 24
      vertex 7.38269 5.28969 24.9239
      vertex 7.47139 5.22738 24.8819
    endloop
  endfacet
  facet normal 0.574791 0.8183 -2.86255e-06
    outer loop
      vertex 8 4.85607 24
      vertex 7.47139 5.22738 24.8819
      vertex 7.55557 5.16825 24.8315
    endloop
  endfacet
  facet normal 0.574767 0.818317 -2.19395e-05
    outer loop
      vertex 8 4.85607 24
      vertex 7.55557 5.16825 24.8315
      vertex 7.6344 5.11288 24.773
    endloop
  endfacet
  facet normal 0.574746 0.818332 -3.72854e-05
    outer loop
      vertex 8 4.85607 24
      vertex 7.6344 5.11288 24.773
      vertex 7.70711 5.06181 24.7071
    endloop
  endfacet
  facet normal 0.574939 0.818196 8.21598e-05
    outer loop
      vertex 8 4.85607 24
      vertex 7.70711 5.06181 24.7071
      vertex 7.77301 5.01551 24.6344
    endloop
  endfacet
  facet normal 0.574733 0.818341 -2.78318e-05
    outer loop
      vertex 8 4.85607 24
      vertex 7.77301 5.01551 24.6344
      vertex 7.83147 4.97445 24.5556
    endloop
  endfacet
  facet normal 0.574916 0.818212 5.51784e-05
    outer loop
      vertex 8 4.85607 24
      vertex 7.83147 4.97445 24.5556
      vertex 7.88193 4.939 24.4714
    endloop
  endfacet
  facet normal 0.574829 0.818273 2.27061e-05
    outer loop
      vertex 8 4.85607 24
      vertex 7.88193 4.939 24.4714
      vertex 7.92387 4.90954 24.3827
    endloop
  endfacet
  facet normal 0.574874 0.818242 3.59524e-05
    outer loop
      vertex 8 4.85607 24
      vertex 7.92387 4.90954 24.3827
      vertex 7.95694 4.88631 24.2903
    endloop
  endfacet
  facet normal 0.574752 0.818327 8.98197e-06
    outer loop
      vertex 8 4.85607 24
      vertex 7.95694 4.88631 24.2903
      vertex 7.98079 4.86956 24.1951
    endloop
  endfacet
  facet normal 0.575234 0.817989 7.98717e-05
    outer loop
      vertex 8 4.85607 24
      vertex 7.98079 4.86956 24.1951
      vertex 7.99518 4.85945 24.098
    endloop
  endfacet
  facet normal 0.574801 0.818293 -8.71287e-07
    outer loop
      vertex 7 5.55851 25
      vertex 8 4.85607 24
      vertex 5.90567 6.32721 25
    endloop
  endfacet
  facet normal 0.574801 0.818293 -0
    outer loop
      vertex 8 4.85607 5.02452
      vertex 5.90567 6.32721 25
      vertex 8 4.85607 24
    endloop
  endfacet
  facet normal 0.574881 0.818237 -4.98633e-05
    outer loop
      vertex 5.90567 6.32721 0
      vertex 8 4.85607 5.02452
      vertex 8.00601 4.85184 4.9021
    endloop
  endfacet
  facet normal 0.574789 0.818302 -9.68131e-06
    outer loop
      vertex 11.075 2.69606 0
      vertex 8.9021 4.22239 4.00601
      vertex 9.02452 4.1364 4
    endloop
  endfacet
  facet normal 0.574802 0.818292 8.84192e-07
    outer loop
      vertex 5.90567 6.32721 0
      vertex 8.9021 4.22239 4.00601
      vertex 11.075 2.69606 0
    endloop
  endfacet
  facet normal 0.574803 0.818291 -5.38562e-07
    outer loop
      vertex 8.9021 4.22239 4.00601
      vertex 5.90567 6.32721 0
      vertex 8.80511 4.29052 4.0204
    endloop
  endfacet
  facet normal 0.574804 0.818291 -5.5379e-07
    outer loop
      vertex 8.80511 4.29052 4.0204
      vertex 5.90567 6.32721 0
      vertex 8.71017 4.35721 4.04419
    endloop
  endfacet
  facet normal 0.574799 0.818295 3.98073e-06
    outer loop
      vertex 8.71017 4.35721 4.04419
      vertex 5.90567 6.32721 0
      vertex 8.61772 4.42215 4.07726
    endloop
  endfacet
  facet normal 0.57484 0.818266 -3.67835e-05
    outer loop
      vertex 8.61772 4.42215 4.07726
      vertex 5.90567 6.32721 0
      vertex 8.52924 4.48431 4.11911
    endloop
  endfacet
  facet normal 0.574767 0.818317 3.287e-05
    outer loop
      vertex 8.52924 4.48431 4.11911
      vertex 5.90567 6.32721 0
      vertex 8.44508 4.54342 4.16956
    endloop
  endfacet
  facet normal 0.574816 0.818283 -1.15004e-05
    outer loop
      vertex 8.44508 4.54342 4.16956
      vertex 5.90567 6.32721 0
      vertex 8.36633 4.59874 4.22795
    endloop
  endfacet
  facet normal 0.574836 0.818269 -2.9152e-05
    outer loop
      vertex 8.36633 4.59874 4.22795
      vertex 5.90567 6.32721 0
      vertex 8.29375 4.64973 4.29375
    endloop
  endfacet
  facet normal 0.574747 0.818331 4.48918e-05
    outer loop
      vertex 8.29375 4.64973 4.29375
      vertex 5.90567 6.32721 0
      vertex 8.22795 4.69594 4.36633
    endloop
  endfacet
  facet normal 0.574801 0.818293 0
    outer loop
      vertex 8 4.85607 5.02452
      vertex 5.90567 6.32721 0
      vertex 5.90567 6.32721 25
    endloop
  endfacet
  facet normal 0.574821 0.818279 -1.15262e-05
    outer loop
      vertex 8.0204 4.84173 4.80511
      vertex 5.90567 6.32721 0
      vertex 8.00601 4.85184 4.9021
    endloop
  endfacet
  facet normal 0.574711 0.818357 6.12384e-05
    outer loop
      vertex 8.04419 4.82503 4.71017
      vertex 5.90567 6.32721 0
      vertex 8.0204 4.84173 4.80511
    endloop
  endfacet
  facet normal 0.574804 0.818291 -1.68302e-06
    outer loop
      vertex 8.07726 4.8018 4.61772
      vertex 5.90567 6.32721 0
      vertex 8.04419 4.82503 4.71017
    endloop
  endfacet
  facet normal 0.57482 0.81828 -1.3456e-05
    outer loop
      vertex 8.11911 4.7724 4.52924
      vertex 5.90567 6.32721 0
      vertex 8.07726 4.8018 4.61772
    endloop
  endfacet
  facet normal 0.574813 0.818285 -8.18535e-06
    outer loop
      vertex 8.16956 4.73696 4.44508
      vertex 5.90567 6.32721 0
      vertex 8.11911 4.7724 4.52924
    endloop
  endfacet
  facet normal 0.574827 0.818275 -1.88207e-05
    outer loop
      vertex 8.22795 4.69594 4.36633
      vertex 5.90567 6.32721 0
      vertex 8.16956 4.73696 4.44508
    endloop
  endfacet
  facet normal 1 -0 0
    outer loop
      vertex 11.075 0 4
      vertex 11.075 2.69606 0
      vertex 11.075 2.69606 4
    endloop
  endfacet
  facet normal 1 0 0
    outer loop
      vertex 11.075 2.69606 0
      vertex 11.075 0 4
      vertex 11.075 0 0
    endloop
  endfacet
  facet normal -1 0 0
    outer loop
      vertex 29.925 0 0
      vertex 29.925 2.69606 4
      vertex 29.925 2.69606 0
    endloop
  endfacet
  facet normal -1 -0 0
    outer loop
      vertex 29.925 2.69606 4
      vertex 29.925 0 0
      vertex 29.925 0 4
    endloop
  endfacet
endsolid OpenSCAD_Model
